DATA,PREC,T_MAX,T_MED,T_MIN
01/01/1972,,,,
02/01/1972,,,,
03/01/1972,,,,
04/01/1972,,,,
05/01/1972,,,,
06/01/1972,,,,
07/01/1972,,,,
08/01/1972,,,,
09/01/1972,,,,
10/01/1972,,,,
11/01/1972,,,,
12/01/1972,,,,
13/01/1972,,,,
14/01/1972,,,,
15/01/1972,,,,
16/01/1972,,30.8,24.4,21.4
17/01/1972,0.0,30.2,24.4,21.1
18/01/1972,0.0,29.2,24.3,21.9
19/01/1972,0.0,31.2,25.5,22.0
20/01/1972,0.0,30.0,24.3,21.1
21/01/1972,0.0,31.4,25.5,21.6
22/01/1972,0.0,30.0,24.9,21.9
23/01/1972,21.0,27.8,23.3,21.4
24/01/1972,6.0,29.2,24.8,21.6
25/01/1972,0.0,30.0,24.9,22.1
26/01/1972,10.0,26.2,24.1,22.6
27/01/1972,8.0,24.8,22.3,21.1
28/01/1972,4.9,30.5,24.5,21.6
29/01/1972,0.0,30.2,25.5,21.5
30/01/1972,0.0,28.8,25.2,22.9
31/01/1972,0.0,30.0,25.3,22.6
01/02/1972,0.0,30.0,25.1,22.0
02/02/1972,5.2,30.8,24.7,21.1
03/02/1972,0.0,30.1,25.1,21.6
04/02/1972,0.0,30.8,24.7,21.6
05/02/1972,1.0,28.0,24.0,22.1
06/02/1972,1.6,30.0,24.6,21.6
07/02/1972,0.0,31.0,25.1,22.1
08/02/1972,3.8,28.6,24.1,22.1
09/02/1972,7.2,30.0,24.5,22.1
10/02/1972,2.1,28.9,24.2,21.9
11/02/1972,13.1,29.1,24.2,20.3
12/02/1972,134.8,26.2,23.1,21.4
13/02/1972,3.5,29.5,24.3,21.0
14/02/1972,1.8,30.4,24.7,21.1
15/02/1972,7.6,30.0,25.0,22.0
16/02/1972,1.2,25.5,23.1,22.0
17/02/1972,40.2,27.9,23.8,21.6
18/02/1972,0.1,29.0,23.7,20.9
19/02/1972,0.0,30.1,24.7,22.1
20/02/1972,0.6,30.8,25.5,22.5
21/02/1972,6.2,28.0,24.2,21.9
22/02/1972,1.5,26.2,23.2,21.4
23/02/1972,2.5,29.0,24.5,21.3
24/02/1972,14.2,,,22.0
25/02/1972,1.7,,,21.9
26/02/1972,0.0,,,20.6
27/02/1972,0.0,,,21.3
28/02/1972,0.0,31.0,24.4,20.3
29/02/1972,2.8,26.0,23.4,20.6
01/03/1972,33.0,30.2,23.2,19.3
02/03/1972,2.0,30.0,24.6,20.6
03/03/1972,0.0,31.0,25.3,21.1
04/03/1972,1.0,30.0,25.0,22.6
05/03/1972,13.0,29.0,24.1,22.0
06/03/1972,50.0,30.0,24.2,21.9
07/03/1972,24.4,27.1,23.4,20.9
08/03/1972,0.6,30.0,23.8,20.1
09/03/1972,0.0,31.0,24.6,20.9
10/03/1972,0.0,29.3,25.0,21.9
11/03/1972,0.0,28.3,24.2,21.6
12/03/1972,1.8,31.0,25.5,22.0
13/03/1972,0.0,30.0,23.9,20.7
14/03/1972,22.2,25.5,22.9,20.1
15/03/1972,18.6,28.4,23.9,20.7
16/03/1972,0.4,30.0,25.2,20.3
17/03/1972,1.7,31.0,25.1,20.8
18/03/1972,8.8,28.0,24.2,21.1
19/03/1972,4.4,30.8,25.6,22.1
20/03/1972,0.0,31.0,25.4,21.1
21/03/1972,0.2,29.0,24.5,22.2
22/03/1972,5.8,28.0,23.3,20.1
23/03/1972,0.6,30.0,24.5,20.1
24/03/1972,19.0,30.4,25.0,21.1
25/03/1972,12.7,28.9,24.0,21.3
26/03/1972,13.4,23.8,21.7,19.1
27/03/1972,8.0,33.0,24.4,20.5
28/03/1972,0.0,30.0,25.1,21.1
29/03/1972,0.0,30.2,24.9,21.5
30/03/1972,8.6,26.8,22.7,20.0
31/03/1972,11.4,30.0,24.2,19.4
01/04/1972,2.0,30.0,25.0,21.2
02/04/1972,0.6,29.0,24.8,22.1
03/04/1972,4.0,30.2,24.1,20.5
04/04/1972,4.0,27.9,23.6,20.3
05/04/1972,25.4,31.0,25.1,20.1
06/04/1972,7.6,28.0,24.1,20.7
07/04/1972,11.4,29.0,24.3,21.1
08/04/1972,0.0,30.1,25.0,22.4
09/04/1972,1.0,30.3,25.0,20.9
10/04/1972,0.5,30.4,24.7,20.2
11/04/1972,51.0,27.8,23.8,18.7
12/04/1972,8.2,26.0,23.4,22.2
13/04/1972,24.5,30.0,24.9,22.2
14/04/1972,0.0,28.0,24.4,21.9
15/04/1972,3.0,30.3,25.3,23.0
16/04/1972,29.4,26.0,23.9,21.9
17/04/1972,0.7,27.8,24.1,21.7
18/04/1972,11.1,26.7,24.0,21.9
19/04/1972,27.7,28.9,24.4,20.1
20/04/1972,0.0,27.6,24.5,21.2
21/04/1972,4.1,27.8,24.5,22.1
22/04/1972,61.5,28.0,23.7,21.1
23/04/1972,17.4,30.2,24.5,21.1
24/04/1972,36.0,28.0,23.9,22.0
25/04/1972,19.4,30.0,24.3,22.1
26/04/1972,0.0,30.0,24.8,22.6
27/04/1972,0.0,30.0,25.7,22.9
28/04/1972,9.2,30.0,25.0,22.9
29/04/1972,10.4,29.0,24.7,21.7
30/04/1972,29.4,30.0,25.1,22.1
01/05/1972,12.3,28.4,24.3,21.1
02/05/1972,0.1,29.0,24.6,22.1
03/05/1972,15.0,30.0,25.1,23.0
04/05/1972,0.4,28.0,24.5,23.1
05/05/1972,12.3,29.0,24.2,21.2
06/05/1972,0.4,30.0,25.2,21.1
07/05/1972,26.6,29.8,24.4,22.1
08/05/1972,1.0,30.2,25.5,21.1
09/05/1972,4.3,30.2,25.6,22.4
10/05/1972,1.8,30.1,25.1,22.0
11/05/1972,0.0,30.0,24.7,21.9
12/05/1972,4.4,30.0,24.6,21.3
13/05/1972,3.0,30.6,25.3,21.1
14/05/1972,4.0,28.4,24.2,19.2
15/05/1972,7.6,30.0,24.9,21.2
16/05/1972,1.1,28.0,24.2,21.9
17/05/1972,3.3,29.0,23.7,17.9
18/05/1972,0.2,30.0,23.8,18.0
19/05/1972,2.5,30.3,24.8,20.1
20/05/1972,0.0,30.6,24.6,19.7
21/05/1972,33.0,30.0,25.1,20.9
22/05/1972,0.0,29.0,24.5,21.0
23/05/1972,13.0,30.4,24.6,18.2
24/05/1972,17.2,29.8,24.5,19.3
25/05/1972,10.6,30.4,24.5,17.7
26/05/1972,0.0,30.0,24.4,19.5
27/05/1972,6.3,30.3,24.8,18.5
28/05/1972,0.6,30.3,24.9,19.9
29/05/1972,0.0,30.3,24.2,17.3
30/05/1972,0.0,31.0,23.7,16.5
31/05/1972,0.0,30.0,23.6,15.6
01/06/1972,0.3,29.0,24.5,20.1
02/06/1972,6.0,30.2,24.3,18.3
03/06/1972,7.1,29.9,24.5,20.0
04/06/1972,3.4,28.0,23.6,18.2
05/06/1972,1.0,30.2,23.9,18.8
06/06/1972,2.6,31.0,24.8,20.0
07/06/1972,0.0,31.0,25.1,20.2
08/06/1972,0.1,31.0,24.7,19.9
09/06/1972,4.6,28.0,24.2,19.9
10/06/1972,16.2,27.9,24.0,20.8
11/06/1972,10.2,30.6,25.0,21.1
12/06/1972,1.4,30.6,25.1,21.2
13/06/1972,0.0,29.0,23.7,18.1
14/06/1972,0.0,30.1,24.1,20.1
15/06/1972,1.4,30.0,24.7,18.0
16/06/1972,0.2,30.0,23.9,19.3
17/06/1972,0.4,29.2,24.5,19.3
18/06/1972,0.8,30.4,25.8,22.0
19/06/1972,0.0,30.4,24.9,21.0
20/06/1972,22.9,27.0,23.3,21.2
21/06/1972,2.4,30.2,24.4,20.8
22/06/1972,0.0,30.0,24.6,21.5
23/06/1972,2.6,28.3,24.6,21.1
24/06/1972,11.8,29.7,24.2,20.1
25/06/1972,0.4,30.3,24.1,19.4
26/06/1972,0.0,30.2,25.2,21.0
27/06/1972,0.0,30.6,25.0,20.6
28/06/1972,0.0,30.0,24.3,20.0
29/06/1972,4.9,27.6,23.9,21.9
30/06/1972,2.4,30.0,24.4,19.4
01/07/1972,5.0,30.2,24.6,20.9
02/07/1972,1.5,27.8,23.5,21.1
03/07/1972,0.6,28.5,23.5,20.0
04/07/1972,6.4,29.6,24.7,22.0
05/07/1972,0.3,28.6,24.0,20.3
06/07/1972,0.4,27.9,24.5,22.9
07/07/1972,6.2,30.4,25.3,22.1
08/07/1972,0.4,30.2,24.8,22.2
09/07/1972,4.0,29.9,24.5,21.0
10/07/1972,0.0,30.0,24.7,21.3
11/07/1972,1.2,29.9,24.9,22.0
12/07/1972,3.0,29.7,24.4,22.2
13/07/1972,0.0,30.0,24.0,20.8
14/07/1972,0.2,30.0,24.4,22.1
15/07/1972,15.6,30.0,24.0,21.4
16/07/1972,11.3,28.9,24.8,22.0
17/07/1972,3.6,28.9,24.1,21.3
18/07/1972,11.6,29.9,24.0,20.1
19/07/1972,0.0,29.4,24.1,20.5
20/07/1972,6.0,29.8,24.6,21.1
21/07/1972,2.2,30.0,25.0,22.2
22/07/1972,0.0,30.0,24.3,21.0
23/07/1972,1.0,30.2,24.6,19.8
24/07/1972,0.0,29.8,24.4,21.4
25/07/1972,0.6,29.8,24.9,21.2
26/07/1972,3.6,30.3,25.2,22.0
27/07/1972,0.0,30.4,25.7,22.4
28/07/1972,0.0,29.8,25.0,22.6
29/07/1972,1.0,29.9,25.3,22.0
30/07/1972,0.0,29.9,25.0,21.3
31/07/1972,0.0,30.2,24.8,21.5
01/08/1972,0.2,28.0,23.9,21.7
02/08/1972,4.0,30.0,24.9,21.9
03/08/1972,0.1,30.0,24.8,20.4
04/08/1972,0.0,30.2,25.0,21.1
05/08/1972,0.0,30.3,24.9,21.1
06/08/1972,0.0,31.0,25.3,20.9
07/08/1972,5.6,28.0,24.4,21.1
08/08/1972,4.0,26.0,22.8,20.4
09/08/1972,3.3,30.0,24.7,22.7
10/08/1972,0.2,30.0,25.0,22.0
11/08/1972,0.0,30.6,24.8,21.1
12/08/1972,0.0,30.4,25.4,21.2
13/08/1972,0.0,30.0,24.9,22.0
14/08/1972,0.0,31.0,25.6,21.1
15/08/1972,0.0,31.6,25.6,21.3
16/08/1972,0.0,31.9,24.1,20.9
17/08/1972,4.4,28.8,24.0,21.4
18/08/1972,0.0,30.2,25.2,23.0
19/08/1972,23.0,28.2,24.1,22.5
20/08/1972,3.6,31.0,24.9,21.2
21/08/1972,1.4,30.4,25.5,22.7
22/08/1972,0.0,30.9,25.3,22.0
23/08/1972,0.0,30.8,25.2,20.3
24/08/1972,0.0,31.2,25.2,20.3
25/08/1972,0.0,30.0,24.7,22.2
26/08/1972,0.0,31.4,25.1,21.3
27/08/1972,0.0,32.0,25.8,21.1
28/08/1972,0.0,32.0,25.9,21.4
29/08/1972,0.0,31.0,25.8,22.9
30/08/1972,0.0,31.0,25.5,22.5
31/08/1972,0.0,31.7,25.9,21.7
01/09/1972,0.0,28.0,24.5,21.4
02/09/1972,29.2,27.9,23.3,21.9
03/09/1972,1.4,30.2,24.9,20.3
04/09/1972,0.0,31.0,24.9,19.9
05/09/1972,0.0,30.3,24.6,21.1
06/09/1972,0.0,31.0,25.3,21.8
07/09/1972,0.0,30.9,25.1,22.0
08/09/1972,0.0,31.0,25.2,20.3
09/09/1972,0.0,31.5,25.6,22.2
10/09/1972,0.0,31.6,25.8,21.7
11/09/1972,0.0,30.3,25.3,23.1
12/09/1972,0.0,31.3,25.6,22.6
13/09/1972,0.0,31.8,25.8,20.2
14/09/1972,0.0,31.0,25.9,22.7
15/09/1972,0.0,31.0,25.4,22.0
16/09/1972,0.0,32.0,24.7,20.2
17/09/1972,0.0,31.9,25.8,21.1
18/09/1972,0.0,32.0,25.8,21.1
19/09/1972,0.0,31.4,25.2,20.0
20/09/1972,0.0,32.1,26.3,19.9
21/09/1972,0.0,32.2,26.3,21.4
22/09/1972,0.0,32.4,26.2,22.2
23/09/1972,0.0,31.9,26.1,22.2
24/09/1972,0.0,31.7,26.2,23.1
25/09/1972,0.0,31.4,25.8,23.3
26/09/1972,0.0,32.0,25.3,20.4
27/09/1972,0.0,32.0,25.6,20.1
28/09/1972,0.0,32.9,26.5,22.0
29/09/1972,0.0,32.8,26.4,23.2
30/09/1972,0.0,33.4,26.3,22.3
01/10/1972,0.0,33.0,27.1,22.1
02/10/1972,0.0,32.4,26.9,24.0
03/10/1972,0.0,32.6,26.4,22.9
04/10/1972,0.0,33.4,26.7,22.0
05/10/1972,0.0,33.0,26.0,21.5
06/10/1972,0.0,33.0,26.5,22.2
07/10/1972,0.0,33.0,26.2,21.2
08/10/1972,0.0,32.8,26.9,22.2
09/10/1972,0.0,33.0,26.6,23.2
10/10/1972,0.0,33.0,26.2,22.1
11/10/1972,0.0,33.1,27.1,23.0
12/10/1972,0.0,33.1,27.3,22.3
13/10/1972,0.0,33.2,26.4,22.2
14/10/1972,0.0,32.6,26.3,22.0
15/10/1972,0.0,34.4,27.1,21.9
16/10/1972,0.0,32.8,26.3,22.5
17/10/1972,2.2,32.8,26.0,20.5
18/10/1972,0.0,34.0,26.7,22.1
19/10/1972,0.0,32.8,26.4,21.3
20/10/1972,0.0,32.2,26.3,22.9
21/10/1972,0.0,33.0,26.5,22.0
22/10/1972,0.0,31.9,26.3,22.1
23/10/1972,0.0,30.9,26.0,23.3
24/10/1972,0.0,34.0,26.5,21.0
25/10/1972,0.0,33.0,27.1,24.2
26/10/1972,1.2,33.0,26.6,22.3
27/10/1972,0.2,32.0,26.4,23.3
28/10/1972,0.0,33.3,27.0,24.2
29/10/1972,0.0,26.0,23.3,20.1
30/10/1972,22.1,30.1,24.7,19.5
31/10/1972,0.0,32.0,26.2,22.4
01/11/1972,0.0,32.6,26.7,24.0
02/11/1972,0.0,27.8,24.6,22.3
03/11/1972,0.8,31.2,25.8,22.0
04/11/1972,0.0,31.9,25.7,22.4
05/11/1972,0.0,32.0,25.5,20.7
06/11/1972,0.0,32.0,26.5,23.1
07/11/1972,0.0,31.6,27.0,22.4
08/11/1972,0.0,32.3,26.2,22.1
09/11/1972,0.0,32.4,26.6,21.8
10/11/1972,0.0,33.0,26.9,22.3
11/11/1972,0.0,32.9,27.4,23.1
12/11/1972,0.0,32.4,25.9,21.9
13/11/1972,0.0,33.1,26.0,21.9
14/11/1972,0.0,33.0,26.7,20.9
15/11/1972,0.0,32.8,26.7,22.1
16/11/1972,0.0,33.0,27.2,21.9
17/11/1972,0.0,31.6,26.1,22.1
18/11/1972,0.0,34.0,26.7,21.1
19/11/1972,0.0,34.2,26.4,21.0
20/11/1972,0.0,33.4,26.9,22.9
21/11/1972,0.0,33.1,26.5,22.2
22/11/1972,0.0,33.6,27.3,22.0
23/11/1972,0.0,34.0,27.2,21.9
24/11/1972,0.0,32.6,26.9,21.5
25/11/1972,0.0,33.0,26.3,22.1
26/11/1972,0.0,34.0,26.8,21.2
27/11/1972,0.0,35.2,28.2,23.1
28/11/1972,45.0,27.9,24.0,22.1
29/11/1972,10.1,32.2,26.2,20.9
30/11/1972,0.0,31.9,26.6,22.3
01/12/1972,0.0,31.0,25.9,22.1
02/12/1972,0.0,32.3,27.2,22.5
03/12/1972,0.0,32.9,26.3,21.3
04/12/1972,0.0,33.0,27.0,24.1
05/12/1972,0.0,32.0,26.5,23.0
06/12/1972,0.0,32.9,26.1,21.2
07/12/1972,0.0,33.0,26.0,20.6
08/12/1972,0.0,33.8,26.8,20.0
09/12/1972,0.0,32.0,26.4,21.9
10/12/1972,0.0,32.2,26.5,23.1
11/12/1972,0.0,33.0,27.3,22.7
12/12/1972,0.0,32.0,26.2,22.2
13/12/1972,0.0,33.2,26.9,22.1
14/12/1972,0.0,32.3,26.4,22.3
15/12/1972,0.0,34.0,27.2,22.2
16/12/1972,0.0,33.4,27.3,24.0
17/12/1972,0.0,32.8,26.8,22.2
18/12/1972,0.0,33.0,26.9,22.4
19/12/1972,35.4,28.4,25.4,22.0
20/12/1972,94.4,30.1,24.2,21.1
21/12/1972,89.6,30.1,24.8,19.6
22/12/1972,12.0,29.9,25.9,22.6
23/12/1972,0.0,31.4,25.9,21.4
24/12/1972,0.0,31.7,26.4,23.7
25/12/1972,49.0,26.8,23.8,21.7
26/12/1972,69.4,30.4,25.3,22.5
27/12/1972,0.0,32.4,26.1,22.3
28/12/1972,0.0,29.8,24.3,21.4
29/12/1972,31.0,31.0,25.3,21.2
30/12/1972,2.4,26.8,24.2,22.2
31/12/1972,18.4,30.2,25.2,22.1
01/01/1973,0.0,31.0,26.1,23.3
02/01/1973,5.0,31.2,26.3,23.3
03/01/1973,0.8,31.0,25.0,22.9
04/01/1973,2.8,31.0,25.5,22.4
05/01/1973,0.0,30.3,26.0,23.8
06/01/1973,0.0,31.3,26.4,24.1
07/01/1973,0.4,31.0,26.6,24.9
08/01/1973,1.0,31.0,26.7,24.1
09/01/1973,6.0,31.0,26.0,23.1
10/01/1973,2.4,28.0,25.0,23.1
11/01/1973,6.0,28.0,24.1,22.7
12/01/1973,0.0,28.0,24.0,22.0
13/01/1973,8.2,29.0,24.3,22.0
14/01/1973,2.2,29.0,24.8,23.0
15/01/1973,7.4,31.0,25.0,22.0
16/01/1973,0.0,31.4,26.1,24.1
17/01/1973,3.0,31.2,25.5,23.1
18/01/1973,0.0,31.2,25.4,22.2
19/01/1973,1.0,31.0,25.9,24.1
20/01/1973,0.6,29.0,24.8,22.3
21/01/1973,2.9,29.6,25.6,23.9
22/01/1973,3.0,30.6,25.9,24.1
23/01/1973,3.8,29.0,24.0,22.1
24/01/1973,7.2,29.0,23.8,22.1
25/01/1973,1.6,29.4,24.7,21.9
26/01/1973,0.0,28.4,24.8,22.4
27/01/1973,4.4,31.0,25.4,23.0
28/01/1973,0.0,31.0,26.4,23.1
29/01/1973,0.4,28.0,25.3,23.3
30/01/1973,9.8,31.0,26.5,24.1
31/01/1973,2.4,30.8,25.6,22.9
01/02/1973,4.2,30.8,26.2,22.0
02/02/1973,0.6,31.0,26.0,23.1
03/02/1973,0.0,30.4,24.7,19.7
04/02/1973,1.8,30.3,26.3,23.4
05/02/1973,78.8,28.0,23.9,22.2
06/02/1973,5.8,30.0,23.9,18.3
07/02/1973,1.0,30.3,24.9,22.2
08/02/1973,8.0,30.0,24.7,19.3
09/02/1973,0.0,31.0,26.2,22.9
10/02/1973,0.0,31.0,25.9,23.4
11/02/1973,0.0,30.9,25.6,22.4
12/02/1973,10.0,28.0,24.5,22.0
13/02/1973,1.4,29.9,25.4,23.0
14/02/1973,2.0,29.0,24.8,20.9
15/02/1973,6.0,27.4,23.5,22.1
16/02/1973,14.3,29.4,24.7,20.9
17/02/1973,0.2,30.9,25.6,22.0
18/02/1973,0.4,31.0,25.8,22.7
19/02/1973,5.4,30.2,25.2,22.1
20/02/1973,2.0,30.4,25.5,21.9
21/02/1973,0.0,31.0,26.2,23.3
22/02/1973,0.0,30.8,26.3,23.7
23/02/1973,0.0,31.7,26.4,23.9
24/02/1973,57.0,26.0,23.5,21.1
25/02/1973,33.8,30.0,24.9,22.5
26/02/1973,0.1,30.2,25.7,21.9
27/02/1973,60.0,28.9,24.1,19.9
28/02/1973,33.0,27.0,23.1,18.1
01/03/1973,12.4,30.8,25.1,19.4
02/03/1973,0.0,31.8,26.5,22.9
03/03/1973,1.0,30.0,24.5,18.1
04/03/1973,4.8,25.4,23.0,18.6
05/03/1973,16.4,29.8,25.2,22.7
06/03/1973,0.0,30.8,25.6,21.1
07/03/1973,70.0,27.8,24.2,21.1
08/03/1973,16.4,29.2,24.6,19.2
09/03/1973,48.0,28.4,25.0,22.3
10/03/1973,10.8,30.2,24.9,20.9
11/03/1973,20.0,25.2,23.5,21.0
12/03/1973,25.2,29.0,24.8,23.2
13/03/1973,5.6,29.7,24.9,20.9
14/03/1973,0.0,29.0,23.9,18.7
15/03/1973,22.6,30.4,24.6,20.3
16/03/1973,21.4,30.0,25.0,19.4
17/03/1973,0.6,29.3,25.1,21.1
18/03/1973,12.6,29.3,24.6,19.4
19/03/1973,7.8,30.8,25.7,22.9
20/03/1973,0.3,30.4,25.2,20.1
21/03/1973,5.4,30.4,25.7,22.0
22/03/1973,0.0,31.0,25.1,19.4
23/03/1973,7.4,30.8,25.2,21.4
24/03/1973,1.8,30.0,25.0,19.9
25/03/1973,18.6,29.1,24.8,20.9
26/03/1973,22.0,30.9,25.4,20.1
27/03/1973,10.4,30.4,26.0,23.4
28/03/1973,71.4,30.0,24.2,17.4
29/03/1973,2.0,30.1,24.4,18.2
30/03/1973,2.0,30.4,24.9,18.1
31/03/1973,11.0,29.8,24.7,19.5
01/04/1973,1.2,30.6,25.4,19.8
02/04/1973,11.2,28.3,25.3,24.1
03/04/1973,25.2,26.0,24.0,23.0
04/04/1973,17.3,30.0,25.1,22.4
05/04/1973,0.0,29.2,25.1,23.6
06/04/1973,4.2,30.8,25.2,22.2
07/04/1973,8.2,29.0,25.1,23.1
08/04/1973,32.2,25.1,22.9,19.9
09/04/1973,6.4,25.0,22.7,19.8
10/04/1973,2.6,29.0,25.1,22.9
11/04/1973,18.2,25.3,23.8,22.9
12/04/1973,35.2,29.0,24.6,22.0
13/04/1973,0.0,30.4,25.3,23.1
14/04/1973,0.0,31.0,25.3,21.2
15/04/1973,0.0,30.9,25.1,21.0
16/04/1973,34.2,27.4,23.3,20.1
17/04/1973,4.0,28.8,24.7,19.8
18/04/1973,13.4,30.0,25.1,23.1
19/04/1973,6.0,28.8,25.3,23.9
20/04/1973,4.2,29.0,24.8,23.0
21/04/1973,8.4,30.7,25.7,23.1
22/04/1973,3.5,30.6,25.1,21.1
23/04/1973,0.0,31.0,25.3,19.0
24/04/1973,0.0,29.0,25.6,24.0
25/04/1973,80.4,30.2,25.5,22.4
26/04/1973,0.0,30.0,25.8,23.7
27/04/1973,0.0,31.0,26.2,24.1
28/04/1973,6.4,30.8,25.3,22.7
29/04/1973,0.0,30.9,25.8,20.9
30/04/1973,16.8,30.4,25.0,19.3
01/05/1973,35.0,30.0,25.6,24.1
02/05/1973,7.6,28.8,25.4,23.8
03/05/1973,6.0,30.0,26.2,24.4
04/05/1973,1.0,36.3,27.5,24.9
05/05/1973,3.1,30.0,25.3,22.4
06/05/1973,5.8,28.8,25.5,24.1
07/05/1973,16.4,29.2,24.6,19.4
08/05/1973,38.0,27.0,23.8,18.8
09/05/1973,13.0,30.2,25.7,24.0
10/05/1973,13.0,27.6,24.3,22.3
11/05/1973,30.8,25.2,23.2,22.1
12/05/1973,5.6,30.4,25.6,22.1
13/05/1973,7.0,28.8,24.5,20.9
14/05/1973,26.0,30.1,25.1,20.3
15/05/1973,2.4,30.0,25.7,24.1
16/05/1973,2.2,28.7,25.5,24.1
17/05/1973,8.6,30.2,25.3,23.4
18/05/1973,15.0,29.0,24.8,22.0
19/05/1973,43.3,28.7,24.1,22.3
20/05/1973,31.2,29.6,25.4,22.0
21/05/1973,10.4,30.2,24.7,19.9
22/05/1973,6.2,29.0,23.4,15.4
23/05/1973,0.6,30.3,24.7,21.9
24/05/1973,6.0,30.2,24.1,18.1
25/05/1973,0.4,30.0,24.4,19.1
26/05/1973,6.0,28.7,23.7,19.0
27/05/1973,30.0,29.1,24.7,22.9
28/05/1973,0.0,28.0,23.8,22.1
29/05/1973,10.2,28.0,23.4,18.1
30/05/1973,29.2,30.2,24.6,19.1
31/05/1973,16.0,28.6,22.9,16.1
01/06/1973,9.8,27.6,24.3,19.3
02/06/1973,51.4,27.0,23.9,20.5
03/06/1973,3.0,30.6,24.9,19.1
04/06/1973,0.2,30.3,25.3,21.4
05/06/1973,0.0,30.1,25.2,20.4
06/06/1973,6.8,29.2,24.3,19.4
07/06/1973,10.8,30.1,24.7,19.9
08/06/1973,3.0,29.0,23.5,16.1
09/06/1973,4.0,29.1,24.4,16.9
10/06/1973,17.5,30.2,24.2,17.1
11/06/1973,8.1,30.0,24.5,16.6
12/06/1973,8.8,27.0,23.1,18.1
13/06/1973,3.2,30.1,24.6,17.3
14/06/1973,3.0,28.0,24.1,18.9
15/06/1973,8.4,30.0,24.6,18.9
16/06/1973,0.6,29.0,24.5,20.0
17/06/1973,9.2,30.0,24.0,19.2
18/06/1973,0.4,30.0,24.8,20.1
19/06/1973,4.0,31.0,24.6,17.0
20/06/1973,20.6,29.0,23.3,16.5
21/06/1973,3.0,27.0,23.0,17.1
22/06/1973,5.4,25.6,22.2,17.0
23/06/1973,2.0,30.0,24.5,17.1
24/06/1973,0.0,30.2,25.0,18.9
25/06/1973,3.2,31.0,24.8,19.9
26/06/1973,1.0,30.2,24.4,18.1
27/06/1973,3.0,30.0,24.3,17.1
28/06/1973,0.0,29.0,24.4,20.1
29/06/1973,0.6,29.6,24.4,19.4
30/06/1973,1.6,30.0,23.8,18.1
01/07/1973,3.6,30.3,24.1,18.1
02/07/1973,0.0,30.0,24.9,21.1
03/07/1973,11.2,30.1,24.1,19.9
04/07/1973,9.2,30.0,23.4,16.9
05/07/1973,0.4,27.0,22.7,17.3
06/07/1973,9.4,30.0,24.2,18.3
07/07/1973,2.5,30.0,24.8,19.7
08/07/1973,0.0,30.0,24.0,19.1
09/07/1973,0.0,30.2,24.8,20.5
10/07/1973,0.0,30.0,24.1,18.1
11/07/1973,3.4,30.2,23.9,17.9
12/07/1973,0.0,30.0,24.5,18.5
13/07/1973,6.0,28.9,23.7,18.2
14/07/1973,1.6,30.0,24.6,19.5
15/07/1973,3.0,30.1,24.0,19.3
16/07/1973,14.0,28.0,23.3,19.1
17/07/1973,0.6,30.0,24.9,18.5
18/07/1973,0.0,30.2,25.0,19.1
19/07/1973,7.0,30.0,24.9,20.2
20/07/1973,0.4,30.1,24.7,19.4
21/07/1973,13.4,30.0,24.6,18.9
22/07/1973,0.6,30.0,24.7,22.1
23/07/1973,16.6,28.0,23.2,17.7
24/07/1973,18.1,30.1,23.7,17.0
25/07/1973,0.0,30.0,24.6,21.6
26/07/1973,4.0,28.0,23.7,20.1
27/07/1973,0.2,28.8,23.4,17.3
28/07/1973,0.0,29.9,24.2,17.5
29/07/1973,0.0,30.0,24.8,20.0
30/07/1973,10.4,29.0,24.2,19.5
31/07/1973,0.0,27.0,23.0,20.3
01/08/1973,20.4,30.0,23.2,20.0
02/08/1973,4.2,30.1,24.7,19.8
03/08/1973,1.0,30.5,24.7,20.0
04/08/1973,3.4,29.9,24.4,20.0
05/08/1973,22.0,29.0,23.3,21.2
06/08/1973,1.0,30.1,24.6,19.9
07/08/1973,0.0,31.4,25.6,23.0
08/08/1973,0.0,30.9,25.0,21.3
09/08/1973,0.0,30.9,24.9,20.9
10/08/1973,0.0,30.3,24.9,21.2
11/08/1973,0.0,33.0,25.3,21.1
12/08/1973,0.0,31.1,24.2,19.4
13/08/1973,3.6,31.0,24.9,19.9
14/08/1973,0.0,30.2,24.5,20.9
15/08/1973,0.0,31.2,26.2,22.1
16/08/1973,0.0,31.1,26.2,23.0
17/08/1973,0.0,31.6,26.0,22.1
18/08/1973,22.2,29.8,24.5,21.4
19/08/1973,10.0,30.4,25.1,21.2
20/08/1973,0.0,31.6,26.1,22.1
21/08/1973,0.0,30.9,25.0,21.9
22/08/1973,0.2,31.0,25.3,21.1
23/08/1973,0.0,31.0,25.3,21.3
24/08/1973,0.0,31.9,25.7,20.5
25/08/1973,9.0,30.1,24.5,21.4
26/08/1973,0.0,31.0,25.4,20.5
27/08/1973,0.0,31.4,25.3,22.0
28/08/1973,0.0,31.8,25.4,20.5
29/08/1973,0.0,31.0,25.3,20.5
30/08/1973,0.0,31.3,25.4,21.1
31/08/1973,3.0,29.9,24.3,21.0
01/09/1973,22.0,29.2,24.9,21.1
02/09/1973,0.0,31.0,25.2,21.3
03/09/1973,0.0,31.3,25.2,19.5
04/09/1973,0.0,31.0,24.6,18.9
05/09/1973,0.0,31.0,25.6,21.9
06/09/1973,0.0,31.6,25.8,21.1
07/09/1973,0.0,31.0,25.7,21.3
08/09/1973,26.4,30.0,24.5,21.7
09/09/1973,1.2,31.0,25.7,21.7
10/09/1973,1.6,31.0,25.8,21.5
11/09/1973,24.8,30.3,24.8,21.1
12/09/1973,2.8,31.0,25.3,21.9
13/09/1973,0.0,31.0,25.8,22.1
14/09/1973,0.0,31.2,25.5,21.2
15/09/1973,0.0,30.8,25.1,21.7
16/09/1973,2.2,30.6,25.5,21.7
17/09/1973,0.0,31.0,26.0,23.8
18/09/1973,0.0,31.3,25.2,22.0
19/09/1973,0.0,31.0,25.1,21.0
20/09/1973,0.2,30.0,25.6,22.5
21/09/1973,11.2,30.3,25.5,22.3
22/09/1973,9.6,31.0,25.3,22.3
23/09/1973,0.0,31.2,25.9,22.4
24/09/1973,0.0,31.1,25.4,21.3
25/09/1973,0.0,30.8,25.7,22.3
26/09/1973,0.0,31.0,25.5,22.0
27/09/1973,0.0,31.8,25.5,20.4
28/09/1973,0.0,32.1,25.4,21.0
29/09/1973,26.8,30.0,24.6,20.4
30/09/1973,0.0,30.0,25.5,21.0
01/10/1973,30.0,30.3,25.5,21.4
02/10/1973,0.0,30.2,25.3,20.3
03/10/1973,16.4,30.8,26.0,21.9
04/10/1973,0.0,31.2,26.0,22.0
05/10/1973,0.0,31.4,25.6,22.1
06/10/1973,0.4,30.5,25.1,21.9
07/10/1973,0.0,31.0,26.2,23.9
08/10/1973,0.0,31.9,26.0,22.4
09/10/1973,0.0,31.2,25.7,22.4
10/10/1973,0.0,31.2,25.6,22.0
11/10/1973,0.0,32.2,25.7,21.0
12/10/1973,0.0,31.6,26.1,21.2
13/10/1973,0.0,32.1,26.5,22.4
14/10/1973,0.0,31.4,25.9,22.3
15/10/1973,0.0,32.0,26.2,22.0
16/10/1973,0.2,31.0,26.0,22.3
17/10/1973,24.0,28.0,24.4,22.2
18/10/1973,0.0,31.3,25.7,21.1
19/10/1973,17.0,29.0,24.2,21.2
20/10/1973,0.0,30.8,25.6,21.4
21/10/1973,3.8,28.0,24.8,21.7
22/10/1973,0.0,30.0,25.7,21.2
23/10/1973,0.0,31.2,26.1,23.2
24/10/1973,0.0,32.0,26.7,22.9
25/10/1973,0.0,31.0,25.6,22.1
26/10/1973,4.0,30.0,25.3,22.7
27/10/1973,0.0,30.0,24.9,22.1
28/10/1973,6.0,29.8,25.3,21.9
29/10/1973,34.4,30.2,25.3,21.1
30/10/1973,0.0,31.0,25.9,22.8
31/10/1973,0.0,31.0,25.5,22.7
01/11/1973,0.0,30.2,25.1,21.1
02/11/1973,0.0,31.0,25.6,22.1
03/11/1973,0.0,30.9,25.8,21.5
04/11/1973,0.0,29.3,25.8,21.6
05/11/1973,4.2,31.0,26.6,24.1
06/11/1973,3.6,31.0,25.9,23.0
07/11/1973,0.0,31.3,26.4,23.8
08/11/1973,0.0,32.0,26.2,22.1
09/11/1973,0.0,30.9,25.4,23.0
10/11/1973,2.0,30.8,26.2,23.1
11/11/1973,0.0,31.1,25.8,22.6
12/11/1973,0.0,31.2,26.0,21.9
13/11/1973,0.0,31.9,26.2,22.2
14/11/1973,0.0,31.2,26.4,22.1
15/11/1973,0.0,31.3,25.9,22.7
16/11/1973,0.0,31.0,25.6,22.2
17/11/1973,0.0,31.4,25.0,21.1
18/11/1973,0.0,31.9,26.1,21.9
19/11/1973,0.0,31.2,26.2,23.2
20/11/1973,0.0,31.0,25.6,21.8
21/11/1973,0.0,31.9,25.6,22.9
22/11/1973,0.0,32.0,26.2,21.7
23/11/1973,0.0,31.3,26.3,21.3
24/11/1973,0.0,31.0,26.3,23.0
25/11/1973,0.0,30.6,25.1,21.3
26/11/1973,0.0,32.0,26.4,21.4
27/11/1973,0.0,31.9,25.8,22.1
28/11/1973,38.2,25.3,23.3,19.4
29/11/1973,24.0,24.8,22.9,21.8
30/11/1973,41.8,30.1,25.4,23.2
01/12/1973,0.0,29.4,25.3,22.1
02/12/1973,24.6,29.6,24.4,21.3
03/12/1973,1.0,29.8,24.3,22.3
04/12/1973,93.4,30.2,24.5,20.7
05/12/1973,1.0,30.0,24.7,21.9
06/12/1973,0.0,31.0,25.7,23.1
07/12/1973,0.0,30.9,25.9,22.9
08/12/1973,0.0,31.0,25.2,20.9
09/12/1973,0.0,30.6,25.6,22.3
10/12/1973,0.0,30.1,25.5,22.1
11/12/1973,16.0,26.0,22.9,20.2
12/12/1973,10.0,26.8,23.4,20.3
13/12/1973,7.8,29.0,23.9,21.4
14/12/1973,0.0,30.0,24.8,21.1
15/12/1973,0.0,30.0,24.4,21.0
16/12/1973,5.4,28.2,24.0,22.1
17/12/1973,5.2,28.0,23.1,20.0
18/12/1973,0.0,30.0,24.5,21.1
19/12/1973,0.0,29.0,23.9,20.1
20/12/1973,0.0,27.3,23.0,19.3
21/12/1973,0.0,30.1,24.5,21.3
22/12/1973,5.2,30.0,25.2,21.6
23/12/1973,10.2,28.0,24.3,20.9
24/12/1973,2.4,30.0,24.3,22.0
25/12/1973,0.6,28.8,23.5,20.4
26/12/1973,4.2,30.8,25.6,22.9
27/12/1973,0.0,31.0,25.2,20.2
28/12/1973,0.0,30.2,25.3,21.7
29/12/1973,0.0,30.8,24.4,20.2
30/12/1973,5.6,30.0,24.5,19.6
31/12/1973,36.4,30.1,24.5,21.1
01/01/1974,0.0,30.3,24.7,20.0
02/01/1974,0.0,30.3,25.7,21.9
03/01/1974,0.0,30.0,24.8,21.4
04/01/1974,0.0,31.0,25.2,21.7
05/01/1974,0.0,31.2,25.1,21.3
06/01/1974,0.0,30.8,25.7,21.9
07/01/1974,1.2,30.2,25.0,22.1
08/01/1974,1.2,30.4,25.0,21.0
09/01/1974,0.0,30.2,24.8,21.0
10/01/1974,0.0,29.0,24.0,19.6
11/01/1974,0.0,30.1,23.6,20.0
12/01/1974,4.8,30.2,23.9,20.1
13/01/1974,35.6,28.6,23.7,21.2
14/01/1974,0.6,28.0,24.3,21.2
15/01/1974,19.0,27.6,23.0,20.2
16/01/1974,31.4,25.7,22.6,17.3
17/01/1974,3.0,27.3,22.6,18.1
18/01/1974,14.4,28.4,24.2,21.3
19/01/1974,18.0,24.2,18.2,21.4
20/01/1974,2.8,29.0,24.2,21.1
21/01/1974,0.0,24.0,22.7,21.6
22/01/1974,21.1,30.0,24.5,21.0
23/01/1974,0.0,30.0,25.0,21.0
24/01/1974,0.0,30.0,24.2,20.4
25/01/1974,1.0,25.3,22.9,20.4
26/01/1974,28.4,28.6,23.9,21.3
27/01/1974,0.0,29.0,24.5,20.9
28/01/1974,16.4,28.8,24.0,20.4
29/01/1974,1.0,27.2,23.7,21.1
30/01/1974,33.4,30.0,25.1,21.3
31/01/1974,26.4,28.6,24.4,21.4
01/02/1974,30.6,26.2,24.1,22.2
02/02/1974,57.0,27.1,23.3,19.9
03/02/1974,13.0,27.3,23.5,19.0
04/02/1974,8.4,27.8,23.9,22.1
05/02/1974,9.4,27.0,23.7,22.0
06/02/1974,0.8,30.0,25.7,24.1
07/02/1974,40.0,29.0,23.9,21.5
08/02/1974,19.0,27.3,23.6,22.2
09/02/1974,28.2,28.8,24.5,22.0
10/02/1974,56.6,25.2,22.5,21.1
11/02/1974,17.8,29.0,24.7,22.1
12/02/1974,0.0,30.2,25.3,22.3
13/02/1974,5.8,29.0,24.7,22.7
14/02/1974,1.8,30.0,25.1,23.1
15/02/1974,7.0,29.0,24.8,23.3
16/02/1974,18.1,28.0,24.3,22.6
17/02/1974,7.8,30.2,25.0,23.1
18/02/1974,0.4,30.0,23.7,21.1
19/02/1974,55.6,30.0,24.7,21.3
20/02/1974,1.8,29.0,24.7,23.1
21/02/1974,7.5,30.0,25.1,23.1
22/02/1974,8.8,25.3,22.8,21.2
23/02/1974,12.6,24.0,22.5,20.2
24/02/1974,43.6,28.6,24.0,20.1
25/02/1974,0.0,30.0,24.8,20.2
26/02/1974,4.2,28.8,24.6,21.1
27/02/1974,9.0,28.1,24.4,22.7
28/02/1974,7.8,29.0,24.6,21.2
01/03/1974,6.6,29.3,25.0,21.1
02/03/1974,21.4,28.0,24.1,20.1
03/03/1974,0.8,28.0,24.6,23.1
04/03/1974,0.4,29.0,24.7,22.2
05/03/1974,0.0,28.4,24.8,22.7
06/03/1974,29.0,30.0,25.4,23.1
07/03/1974,9.0,28.9,24.9,22.1
08/03/1974,0.0,29.0,24.1,20.9
09/03/1974,2.0,28.6,24.2,20.2
10/03/1974,19.0,26.4,24.8,23.2
11/03/1974,7.0,27.4,23.7,21.3
12/03/1974,10.0,30.0,24.6,19.4
13/03/1974,19.2,26.0,23.0,19.9
14/03/1974,1.4,29.2,24.7,21.7
15/03/1974,0.6,29.2,24.8,21.6
16/03/1974,0.0,27.0,23.7,21.2
17/03/1974,2.4,28.0,24.4,22.2
18/03/1974,2.0,27.3,24.1,22.1
19/03/1974,5.8,28.5,23.9,22.2
20/03/1974,3.0,27.0,23.7,22.1
21/03/1974,5.0,28.0,24.3,22.2
22/03/1974,1.6,25.4,23.0,22.1
23/03/1974,0.0,29.0,23.9,20.7
24/03/1974,34.4,26.0,23.2,22.0
25/03/1974,3.8,27.1,23.9,21.7
26/03/1974,0.0,24.0,22.8,22.0
27/03/1974,26.8,28.2,24.9,22.1
28/03/1974,0.0,28.2,24.2,22.3
29/03/1974,10.4,25.4,22.4,21.1
30/03/1974,3.2,30.4,24.4,20.1
31/03/1974,0.2,29.2,25.5,23.7
01/04/1974,15.8,28.0,24.3,23.1
02/04/1974,4.4,29.0,24.6,23.1
03/04/1974,0.0,30.0,25.4,22.1
04/04/1974,40.0,26.0,22.9,21.3
05/04/1974,18.6,27.3,23.4,21.5
06/04/1974,2.8,29.0,24.0,22.3
07/04/1974,0.0,29.0,24.7,23.2
08/04/1974,0.0,27.4,19.7,24.1
09/04/1974,8.4,30.0,24.5,22.2
10/04/1974,0.0,29.2,24.9,22.4
11/04/1974,0.2,30.0,25.3,22.9
12/04/1974,11.3,29.4,24.7,22.4
13/04/1974,30.5,28.9,24.4,23.0
14/04/1974,0.6,30.0,24.4,20.3
15/04/1974,0.0,30.2,25.1,21.3
16/04/1974,0.0,30.0,25.1,23.1
17/04/1974,5.5,29.0,25.5,23.6
18/04/1974,0.1,29.0,25.2,23.9
19/04/1974,4.0,29.4,24.9,22.0
20/04/1974,13.1,29.2,25.1,23.6
21/04/1974,2.6,30.0,25.0,23.6
22/04/1974,2.4,30.0,25.2,23.1
23/04/1974,11.5,30.0,25.3,22.1
24/04/1974,4.7,30.0,25.0,23.0
25/04/1974,9.0,29.0,24.9,23.0
26/04/1974,13.1,28.8,24.7,22.5
27/04/1974,19.7,27.0,24.0,22.2
28/04/1974,12.0,28.0,25.2,23.9
29/04/1974,12.8,28.0,24.6,23.1
30/04/1974,5.7,28.0,24.4,23.1
01/05/1974,0.0,27.0,24.8,23.6
02/05/1974,7.6,29.0,24.9,23.1
03/05/1974,55.6,24.9,23.1,21.3
04/05/1974,9.3,28.5,24.4,21.9
05/05/1974,0.0,30.0,23.9,21.7
06/05/1974,52.0,24.5,22.9,21.2
07/05/1974,5.5,27.5,24.0,22.3
08/05/1974,4.8,27.2,24.4,22.9
09/05/1974,0.0,29.9,24.7,22.6
10/05/1974,1.3,27.0,24.6,23.1
11/05/1974,9.6,27.5,23.9,22.1
12/05/1974,10.0,28.2,24.5,22.5
13/05/1974,1.2,26.8,23.7,22.3
14/05/1974,3.1,28.6,24.5,22.1
15/05/1974,0.0,28.9,25.2,23.1
16/05/1974,6.9,26.7,23.7,22.0
17/05/1974,4.2,28.2,24.5,22.1
18/05/1974,1.2,28.0,23.9,22.1
19/05/1974,25.4,28.2,24.6,22.1
20/05/1974,19.0,28.2,24.8,22.1
21/05/1974,1.2,28.1,24.6,22.0
22/05/1974,3.3,29.0,25.1,23.1
23/05/1974,24.2,26.0,23.8,22.1
24/05/1974,0.2,26.0,23.5,22.1
25/05/1974,0.4,28.4,24.3,22.1
26/05/1974,0.5,28.0,24.4,22.1
27/05/1974,4.6,29.0,25.2,22.3
28/05/1974,4.0,28.2,25.1,23.1
29/05/1974,2.1,27.8,24.8,23.1
30/05/1974,1.3,28.5,25.0,22.3
31/05/1974,59.6,25.4,22.9,21.1
01/06/1974,1.0,28.0,24.4,23.1
02/06/1974,49.6,26.9,24.1,22.3
03/06/1974,0.8,28.0,24.3,23.1
04/06/1974,3.2,29.0,24.6,22.1
05/06/1974,6.6,30.0,25.3,23.7
06/06/1974,20.2,28.0,24.4,22.2
07/06/1974,8.1,28.0,24.3,21.7
08/06/1974,0.1,29.3,25.3,22.4
09/06/1974,0.0,28.0,24.7,21.6
10/06/1974,0.6,25.8,24.0,21.3
11/06/1974,15.9,30.0,25.3,22.1
12/06/1974,1.0,29.4,25.0,23.1
13/06/1974,0.0,30.0,23.6,19.3
14/06/1974,0.0,29.0,24.1,19.3
15/06/1974,0.7,29.1,24.6,22.9
16/06/1974,0.0,28.0,23.9,21.3
17/06/1974,20.4,28.7,24.5,21.7
18/06/1974,0.4,29.6,24.1,22.1
19/06/1974,0.6,28.6,24.6,22.4
20/06/1974,1.8,28.7,24.8,23.2
21/06/1974,6.6,28.0,24.6,23.2
22/06/1974,21.0,26.9,23.7,21.1
23/06/1974,0.7,29.4,25.0,22.4
24/06/1974,0.0,29.0,24.8,22.4
25/06/1974,16.0,24.2,21.8,20.4
26/06/1974,25.6,27.8,23.9,21.1
27/06/1974,0.0,29.0,24.2,21.3
28/06/1974,0.0,30.0,24.3,22.0
29/06/1974,1.0,29.0,24.1,20.1
30/06/1974,0.0,30.0,23.9,21.0
01/07/1974,5.8,29.3,24.4,20.3
02/07/1974,0.0,29.6,25.1,23.1
03/07/1974,0.0,29.5,23.6,21.3
04/07/1974,0.0,29.0,23.0,20.1
05/07/1974,0.0,30.0,22.6,19.1
06/07/1974,0.0,30.0,22.9,19.1
07/07/1974,0.0,30.2,24.1,18.1
08/07/1974,4.1,30.0,23.6,21.1
09/07/1974,52.1,28.0,23.2,20.3
10/07/1974,0.4,27.6,23.5,20.2
11/07/1974,0.0,29.0,23.6,21.1
12/07/1974,6.2,27.0,23.4,21.1
13/07/1974,4.0,26.0,23.2,21.0
14/07/1974,0.4,27.2,23.2,20.2
15/07/1974,0.0,30.0,24.8,22.3
16/07/1974,0.0,30.0,24.7,21.1
17/07/1974,1.6,27.8,23.7,22.1
18/07/1974,0.2,30.4,25.5,22.9
19/07/1974,0.0,30.0,25.5,23.1
20/07/1974,0.0,30.0,24.8,21.1
21/07/1974,0.0,29.8,24.5,19.1
22/07/1974,0.2,30.5,24.9,20.1
23/07/1974,0.0,30.0,24.7,20.1
24/07/1974,0.0,31.0,24.4,19.6
25/07/1974,0.0,30.5,24.7,20.1
26/07/1974,0.0,31.2,25.2,21.1
27/07/1974,0.0,30.0,25.0,21.1
28/07/1974,0.0,28.9,24.4,22.0
29/07/1974,0.0,30.0,25.3,22.1
30/07/1974,0.0,30.0,25.0,21.1
31/07/1974,0.0,31.0,24.7,21.3
01/08/1974,0.0,30.0,24.9,21.4
02/08/1974,1.3,30.0,24.3,20.1
03/08/1974,0.0,30.2,24.6,20.1
04/08/1974,0.0,31.9,25.8,22.0
05/08/1974,0.0,30.3,24.8,20.1
06/08/1974,0.0,32.0,25.3,21.9
07/08/1974,0.0,31.0,24.9,20.1
08/08/1974,0.0,31.0,26.0,24.1
09/08/1974,2.0,29.8,25.0,20.7
10/08/1974,5.1,26.9,23.7,20.1
11/08/1974,2.6,30.0,25.5,22.1
12/08/1974,0.0,30.4,25.0,20.1
13/08/1974,0.4,32.1,25.1,19.1
14/08/1974,0.0,31.0,25.4,21.1
15/08/1974,0.0,31.1,26.3,23.1
16/08/1974,0.0,30.9,25.5,21.6
17/08/1974,0.0,31.2,25.3,22.3
18/08/1974,0.0,31.2,24.3,19.1
19/08/1974,0.0,32.0,25.4,22.1
20/08/1974,0.0,32.0,24.4,20.2
21/08/1974,0.0,31.9,24.3,21.1
22/08/1974,0.0,31.2,24.9,21.3
23/08/1974,0.0,31.1,25.3,22.1
24/08/1974,0.0,31.2,25.3,23.1
25/08/1974,2.0,31.2,25.4,23.1
26/08/1974,0.0,32.0,25.7,21.3
27/08/1974,0.0,31.2,24.9,20.7
28/08/1974,3.0,31.0,25.3,21.3
29/08/1974,0.0,31.2,25.7,23.1
30/08/1974,0.0,33.0,26.1,22.1
31/08/1974,0.0,32.2,25.7,22.3
01/09/1974,0.0,30.3,24.7,23.1
02/09/1974,0.0,31.0,25.3,22.1
03/09/1974,0.0,31.0,25.4,21.6
04/09/1974,0.0,27.2,23.6,21.8
05/09/1974,0.4,30.4,24.3,20.4
06/09/1974,0.6,28.0,24.2,21.1
07/09/1974,30.4,28.3,23.3,20.1
08/09/1974,18.1,29.5,24.0,20.1
09/09/1974,0.0,28.0,23.8,20.4
10/09/1974,23.1,30.3,24.8,21.0
11/09/1974,0.0,31.0,25.9,22.1
12/09/1974,0.0,31.6,25.7,20.3
13/09/1974,0.0,31.3,26.0,22.9
14/09/1974,2.2,30.3,25.0,22.1
15/09/1974,0.0,31.3,25.3,22.1
16/09/1974,0.0,27.5,23.0,20.3
17/09/1974,12.4,30.4,24.6,20.2
18/09/1974,0.0,31.0,25.9,20.7
19/09/1974,0.0,30.4,25.1,22.9
20/09/1974,0.0,31.0,25.6,22.3
21/09/1974,16.0,28.0,24.0,21.1
22/09/1974,0.0,31.0,25.1,21.7
23/09/1974,1.2,31.0,25.4,21.1
24/09/1974,2.6,31.0,25.4,22.2
25/09/1974,1.6,30.6,25.5,22.0
26/09/1974,0.0,30.6,,21.1
27/09/1974,0.0,31.3,25.8,21.9
28/09/1974,0.0,32.3,26.4,21.8
29/09/1974,0.0,31.0,26.0,21.3
30/09/1974,0.0,28.0,24.1,22.3
01/10/1974,0.0,31.0,25.3,20.5
02/10/1974,13.1,28.0,24.0,20.4
03/10/1974,6.2,31.0,25.5,23.0
04/10/1974,0.0,31.2,25.5,22.3
05/10/1974,0.0,31.8,25.9,22.7
06/10/1974,0.0,31.2,25.6,22.2
07/10/1974,3.4,31.6,25.5,22.9
08/10/1974,0.0,30.0,25.2,21.9
09/10/1974,0.0,32.0,25.9,23.2
10/10/1974,0.0,31.7,26.0,22.5
11/10/1974,0.0,31.0,26.1,22.3
12/10/1974,3.8,26.0,23.4,21.7
13/10/1974,45.8,26.0,,21.7
14/10/1974,0.0,,,21.1
15/10/1974,0.0,,,21.8
16/10/1974,0.0,,,22.8
17/10/1974,0.0,31.0,24.7,21.1
18/10/1974,0.0,31.0,25.5,21.9
19/10/1974,0.0,31.0,25.7,22.1
20/10/1974,0.0,30.9,25.7,21.4
21/10/1974,0.0,32.0,25.8,23.1
22/10/1974,0.0,32.0,25.1,19.1
23/10/1974,14.8,31.4,25.6,22.9
24/10/1974,2.8,31.0,25.9,24.0
25/10/1974,0.0,31.0,25.8,23.6
26/10/1974,0.0,31.0,24.3,19.2
27/10/1974,0.0,31.2,25.5,23.1
28/10/1974,0.0,31.8,27.1,18.5
29/10/1974,0.0,32.4,26.0,23.2
30/10/1974,0.0,32.2,26.4,23.7
31/10/1974,0.0,32.1,26.6,24.6
01/11/1974,0.0,31.3,26.2,23.9
02/11/1974,10.6,34.0,26.3,23.7
03/11/1974,12.4,31.0,25.2,20.8
04/11/1974,0.0,30.7,25.3,23.2
05/11/1974,3.6,31.8,25.9,19.3
06/11/1974,0.0,30.2,25.0,21.1
07/11/1974,0.0,30.0,25.5,21.1
08/11/1974,0.0,31.0,25.5,20.7
09/11/1974,0.0,31.2,25.6,21.4
10/11/1974,0.0,30.0,25.1,23.3
11/11/1974,0.0,32.0,25.2,21.1
12/11/1974,0.0,32.7,25.8,19.7
13/11/1974,0.0,32.6,26.5,21.4
14/11/1974,0.0,30.5,25.6,24.0
15/11/1974,0.0,31.6,25.7,19.9
16/11/1974,5.2,28.0,23.8,22.3
17/11/1974,65.8,29.1,23.8,21.2
18/11/1974,0.0,31.1,24.9,21.4
19/11/1974,0.0,31.0,25.2,19.7
20/11/1974,0.0,30.5,25.4,21.6
21/11/1974,0.0,30.0,25.2,22.8
22/11/1974,0.0,30.6,25.3,20.4
23/11/1974,5.4,31.4,25.2,20.3
24/11/1974,0.0,32.0,26.5,24.7
25/11/1974,0.0,30.2,26.2,22.1
26/11/1974,0.0,30.2,25.5,23.7
27/11/1974,0.0,31.3,25.3,20.4
28/11/1974,0.0,31.7,26.0,22.1
29/11/1974,1.8,31.7,25.8,21.7
30/11/1974,0.0,31.4,25.7,23.7
01/12/1974,0.0,27.2,24.4,21.7
02/12/1974,0.0,27.8,23.9,21.8
03/12/1974,5.4,29.2,24.2,22.4
04/12/1974,0.0,32.0,24.8,20.4
05/12/1974,0.0,31.8,25.4,21.3
06/12/1974,41.8,26.2,22.7,20.3
07/12/1974,19.8,31.0,24.7,20.5
08/12/1974,30.2,29.6,24.5,20.4
09/12/1974,28.6,30.0,24.7,20.9
10/12/1974,1.0,28.6,23.2,20.1
11/12/1974,11.6,29.2,23.9,20.1
12/12/1974,0.0,28.8,24.3,20.3
13/12/1974,1.2,30.2,25.1,20.9
14/12/1974,0.0,30.2,24.8,20.3
15/12/1974,0.0,30.2,24.8,20.5
16/12/1974,0.0,29.6,24.5,21.3
17/12/1974,5.0,30.2,24.7,20.9
18/12/1974,4.2,30.2,25.1,21.6
19/12/1974,2.0,30.0,24.9,20.4
20/12/1974,14.4,30.1,25.5,23.3
21/12/1974,0.6,30.2,25.2,22.4
22/12/1974,0.0,30.0,25.2,23.3
23/12/1974,0.0,30.2,24.5,20.9
24/12/1974,3.4,30.8,24.8,20.8
25/12/1974,0.0,30.2,25.4,20.1
26/12/1974,1.6,28.8,24.6,22.6
27/12/1974,16.0,27.0,23.0,20.1
28/12/1974,3.8,29.0,24.9,22.7
29/12/1974,36.3,26.5,23.3,22.0
30/12/1974,28.4,28.5,23.1,20.1
31/12/1974,4.0,28.8,24.0,20.3
01/01/1975,0.8,25.8,22.5,19.5
02/01/1975,33.8,29.5,23.9,19.6
03/01/1975,0.5,25.6,23.4,21.3
04/01/1975,49.9,27.0,22.9,19.4
05/01/1975,7.8,29.6,23.3,20.1
06/01/1975,0.0,29.6,23.9,19.7
07/01/1975,0.0,30.0,24.3,20.7
08/01/1975,0.0,30.0,24.5,20.3
09/01/1975,0.0,30.0,24.8,20.9
10/01/1975,0.0,30.2,20.7,
11/01/1975,0.0,31.0,25.2,21.0
12/01/1975,0.2,30.3,25.1,20.4
13/01/1975,0.0,30.2,24.9,21.1
14/01/1975,0.0,30.0,24.5,21.3
15/01/1975,0.0,30.8,25.2,22.4
16/01/1975,0.0,28.2,23.9,21.7
17/01/1975,0.0,30.0,24.4,20.3
18/01/1975,0.0,29.3,24.8,20.5
19/01/1975,1.6,30.6,24.2,20.5
20/01/1975,0.0,30.8,25.1,20.4
21/01/1975,0.0,29.0,25.3,23.1
22/01/1975,12.5,27.4,24.0,21.7
23/01/1975,4.8,28.2,24.1,21.3
24/01/1975,0.8,30.0,24.6,20.6
25/01/1975,45.0,30.2,24.1,20.6
26/01/1975,61.4,26.8,23.2,20.3
27/01/1975,2.0,30.3,24.3,19.8
28/01/1975,6.6,28.0,23.6,21.2
29/01/1975,11.0,29.0,24.1,20.1
30/01/1975,0.0,29.8,25.4,23.1
31/01/1975,0.0,29.7,24.5,20.4
01/02/1975,23.8,28.3,23.0,20.3
02/02/1975,7.4,29.8,24.5,18.9
03/02/1975,9.2,28.4,23.5,18.8
04/02/1975,26.4,26.3,22.8,19.8
05/02/1975,4.8,26.0,22.2,19.6
06/02/1975,5.2,27.6,23.9,19.9
07/02/1975,10.6,28.4,24.0,20.9
08/02/1975,0.4,29.3,24.7,20.8
09/02/1975,0.0,27.3,24.4,20.5
10/02/1975,1.9,29.3,24.1,20.3
11/02/1975,2.6,30.0,24.9,21.1
12/02/1975,44.4,29.3,24.3,21.0
13/02/1975,7.4,27.3,23.2,20.3
14/02/1975,12.0,29.7,24.1,20.5
15/02/1975,3.8,29.8,24.4,20.9
16/02/1975,7.0,27.9,23.5,20.7
17/02/1975,4.4,29.8,24.6,20.1
18/02/1975,5.8,25.3,22.1,19.8
19/02/1975,20.4,29.8,24.1,18.4
20/02/1975,41.2,29.1,24.1,20.3
21/02/1975,8.6,27.2,23.4,20.3
22/02/1975,4.4,30.0,24.1,19.3
23/02/1975,0.6,31.0,24.7,19.4
24/02/1975,28.8,27.0,23.4,20.0
25/02/1975,6.8,26.2,23.0,19.9
26/02/1975,8.2,29.5,24.3,20.2
27/02/1975,0.0,30.0,25.0,19.9
28/02/1975,2.0,28.2,24.2,20.8
01/03/1975,36.0,29.9,24.0,19.8
02/03/1975,0.0,29.9,24.1,20.1
03/03/1975,0.0,29.6,24.0,20.2
04/03/1975,19.6,27.2,23.4,20.2
05/03/1975,3.6,29.3,24.7,20.5
06/03/1975,0.2,29.5,24.6,20.8
07/03/1975,22.2,24.5,22.3,20.0
08/03/1975,16.8,28.6,23.5,20.1
09/03/1975,1.4,30.0,24.5,20.4
10/03/1975,1.0,27.2,24.1,22.1
11/03/1975,5.2,30.0,25.0,22.1
12/03/1975,0.0,30.0,24.4,19.7
13/03/1975,0.5,27.0,22.8,20.2
14/03/1975,51.4,28.8,23.6,19.4
15/03/1975,31.4,29.3,23.7,20.1
16/03/1975,12.2,28.0,24.2,20.2
17/03/1975,6.6,29.0,24.0,20.1
18/03/1975,11.4,30.0,24.1,19.3
19/03/1975,0.0,30.3,25.0,22.1
20/03/1975,0.0,31.0,25.0,21.6
21/03/1975,0.7,30.0,25.4,23.1
22/03/1975,5.4,30.1,25.1,22.3
23/03/1975,31.0,28.2,23.5,20.2
24/03/1975,15.8,29.0,24.6,20.3
25/03/1975,0.0,29.9,24.7,20.4
26/03/1975,5.0,30.4,25.1,20.7
27/03/1975,12.2,27.8,23.5,20.2
28/03/1975,16.0,30.0,24.5,20.6
29/03/1975,0.4,31.3,25.4,20.4
30/03/1975,0.0,30.7,25.6,21.2
31/03/1975,0.4,30.7,25.2,20.4
01/04/1975,0.0,30.1,24.9,20.7
02/04/1975,32.0,25.8,23.0,19.8
03/04/1975,6.0,30.0,24.8,20.1
04/04/1975,0.0,31.0,25.7,23.0
05/04/1975,0.0,31.0,24.9,21.3
06/04/1975,12.2,30.0,25.0,22.1
07/04/1975,5.0,30.0,24.0,20.6
08/04/1975,29.6,27.3,23.5,21.1
09/04/1975,8.4,30.0,25.3,22.3
10/04/1975,3.4,31.0,25.2,22.2
11/04/1975,12.4,31.0,25.6,22.1
12/04/1975,12.3,27.4,23.3,20.1
13/04/1975,1.0,30.0,25.1,22.1
14/04/1975,5.4,31.0,25.3,21.9
15/04/1975,2.7,26.2,23.2,20.4
16/04/1975,1.9,30.9,25.0,22.1
17/04/1975,31.8,30.0,24.9,21.4
18/04/1975,14.2,27.4,23.5,21.1
19/04/1975,16.8,29.5,24.5,21.0
20/04/1975,6.4,30.0,24.8,21.6
21/04/1975,2.4,28.2,24.5,22.1
22/04/1975,1.2,27.0,24.4,22.1
23/04/1975,23.4,31.0,25.0,21.7
24/04/1975,6.0,30.0,24.2,20.1
25/04/1975,1.0,30.0,25.5,22.9
26/04/1975,0.6,28.2,24.0,21.6
27/04/1975,8.6,29.4,25.0,22.0
28/04/1975,36.4,28.5,23.9,20.6
29/04/1975,5.2,30.5,25.2,21.5
30/04/1975,0.0,30.0,24.9,21.1
01/05/1975,6.8,30.0,24.9,21.1
02/05/1975,6.8,28.0,25.1,23.3
03/05/1975,9.0,31.0,25.1,20.4
04/05/1975,0.0,29.3,24.3,21.1
05/05/1975,43.2,29.3,23.9,20.1
06/05/1975,0.4,27.5,23.9,20.9
07/05/1975,19.0,29.0,24.1,20.3
08/05/1975,1.0,29.3,24.7,21.8
09/05/1975,28.4,30.5,25.5,22.3
10/05/1975,0.0,29.0,25.6,23.1
11/05/1975,19.4,28.0,23.9,20.2
12/05/1975,10.2,29.2,24.8,21.1
13/05/1975,1.4,30.3,25.2,22.5
14/05/1975,0.0,28.8,24.6,21.6
15/05/1975,12.4,28.3,24.4,20.2
16/05/1975,3.4,29.8,24.4,20.6
17/05/1975,6.0,30.0,25.5,20.5
18/05/1975,15.8,28.0,22.8,19.5
19/05/1975,80.4,30.2,24.8,19.4
20/05/1975,2.8,30.2,24.8,22.6
21/05/1975,0.2,29.0,24.7,21.1
22/05/1975,12.8,28.5,23.7,20.2
23/05/1975,7.0,28.0,24.3,21.4
24/05/1975,15.6,28.2,24.0,21.6
25/05/1975,5.4,29.4,25.4,23.1
26/05/1975,1.0,30.0,24.3,21.1
27/05/1975,18.4,30.8,24.1,21.1
28/05/1975,9.6,29.6,24.5,21.6
29/05/1975,10.0,30.0,24.2,21.2
30/05/1975,3.2,30.5,25.2,21.6
31/05/1975,1.0,31.0,25.3,21.5
01/06/1975,4.2,30.0,24.9,21.1
02/06/1975,0.0,28.0,24.2,20.7
03/06/1975,5.0,30.0,24.6,21.6
04/06/1975,28.2,28.0,23.2,20.2
05/06/1975,17.4,29.0,24.1,20.1
06/06/1975,9.6,30.0,24.9,22.0
07/06/1975,5.0,28.0,24.6,20.1
08/06/1975,22.6,28.0,23.3,19.2
09/06/1975,9.0,30.0,24.4,21.1
10/06/1975,0.0,29.9,25.1,22.1
11/06/1975,0.6,30.0,25.2,20.6
12/06/1975,0.0,30.0,24.3,20.3
13/06/1975,10.4,30.0,23.9,19.0
14/06/1975,2.4,29.5,24.5,20.6
15/06/1975,15.6,27.5,22.9,20.1
16/06/1975,2.0,29.2,24.3,21.1
17/06/1975,0.4,30.0,25.3,21.3
18/06/1975,19.0,30.0,23.5,19.1
19/06/1975,14.0,30.2,24.5,21.1
20/06/1975,7.8,28.0,23.3,19.9
21/06/1975,3.6,27.2,23.4,21.1
22/06/1975,5.7,31.0,24.8,21.3
23/06/1975,1.6,29.5,23.9,20.3
24/06/1975,0.0,29.5,19.5,
25/06/1975,24.4,30.0,24.3,19.3
26/06/1975,0.0,29.5,24.3,21.4
27/06/1975,9.6,27.2,23.0,19.6
28/06/1975,2.2,29.6,24.3,19.6
29/06/1975,2.0,29.4,24.4,20.5
30/06/1975,5.2,30.0,24.6,21.4
01/07/1975,1.8,28.8,24.4,21.3
02/07/1975,34.4,30.0,24.9,20.6
03/07/1975,0.0,31.0,24.7,21.3
04/07/1975,2.4,31.0,25.5,22.4
05/07/1975,0.0,31.2,25.3,20.3
06/07/1975,0.0,31.0,24.9,20.3
07/07/1975,2.0,29.5,23.7,20.1
08/07/1975,2.8,30.8,24.6,19.1
09/07/1975,0.6,30.0,24.6,21.4
10/07/1975,46.3,28.5,23.2,19.6
11/07/1975,13.1,27.3,23.2,19.8
12/07/1975,10.1,29.3,24.3,20.0
13/07/1975,0.4,28.2,23.3,20.0
14/07/1975,2.2,30.0,24.0,20.7
15/07/1975,0.0,30.3,24.0,19.9
16/07/1975,4.8,31.0,24.0,18.2
17/07/1975,0.0,31.6,24.6,20.3
18/07/1975,0.0,24.8,21.3,18.0
19/07/1975,0.0,23.8,21.2,17.6
20/07/1975,0.0,26.0,22.0,18.4
21/07/1975,0.0,27.4,22.8,19.1
22/07/1975,1.6,28.6,23.3,20.1
23/07/1975,15.6,27.8,22.9,19.9
24/07/1975,6.6,27.3,22.6,18.1
25/07/1975,7.2,30.8,24.9,19.3
26/07/1975,0.0,31.2,24.9,20.2
27/07/1975,0.0,30.9,23.8,17.8
28/07/1975,0.0,31.0,25.3,21.7
29/07/1975,0.0,31.0,23.7,17.1
30/07/1975,0.0,31.6,24.5,19.7
31/07/1975,0.0,31.8,24.6,18.7
01/08/1975,0.0,30.0,25.0,22.2
02/08/1975,0.0,30.8,24.4,18.1
03/08/1975,20.0,30.3,25.2,21.2
04/08/1975,0.0,29.6,23.8,19.4
05/08/1975,0.0,30.5,23.6,17.7
06/08/1975,0.0,31.6,24.3,18.7
07/08/1975,0.0,32.1,24.0,17.1
08/08/1975,0.0,29.6,24.3,18.3
09/08/1975,0.0,30.1,24.1,20.9
10/08/1975,0.2,30.2,23.8,17.0
11/08/1975,3.6,31.2,25.3,22.1
12/08/1975,1.8,31.3,26.4,23.3
13/08/1975,0.0,31.0,25.4,21.6
14/08/1975,0.0,31.0,25.6,20.7
15/08/1975,0.0,31.0,25.2,20.6
16/08/1975,0.0,31.3,25.4,22.1
17/08/1975,0.0,33.0,25.9,22.1
18/08/1975,0.0,32.7,25.4,20.1
19/08/1975,0.0,31.0,24.9,20.9
20/08/1975,0.0,29.8,24.6,21.5
21/08/1975,0.0,30.1,24.6,21.3
22/08/1975,0.0,31.2,25.3,20.1
23/08/1975,0.0,31.0,24.5,19.3
24/08/1975,0.0,31.3,25.0,21.1
25/08/1975,0.0,31.0,24.9,21.1
26/08/1975,0.6,30.0,25.2,22.1
27/08/1975,0.0,30.1,25.5,22.3
28/08/1975,2.9,31.2,24.8,19.8
29/08/1975,0.3,31.0,24.5,19.3
30/08/1975,0.0,31.0,24.6,18.1
31/08/1975,15.0,31.2,24.0,18.4
01/09/1975,2.6,31.2,24.5,18.3
02/09/1975,0.0,30.5,24.5,19.3
03/09/1975,19.0,30.0,23.3,18.6
04/09/1975,0.4,30.8,24.6,19.0
05/09/1975,7.2,30.7,24.4,19.1
06/09/1975,7.2,30.2,25.0,18.9
07/09/1975,0.0,30.0,23.3,19.0
08/09/1975,7.0,31.0,24.9,19.0
09/09/1975,0.0,30.2,24.9,20.3
10/09/1975,0.0,31.0,25.4,19.7
11/09/1975,0.0,30.0,25.0,20.6
12/09/1975,0.0,31.4,25.6,22.1
13/09/1975,0.0,30.4,24.9,20.3
14/09/1975,0.0,31.2,24.7,18.9
15/09/1975,0.0,32.5,25.2,19.1
16/09/1975,0.0,31.3,25.1,20.4
17/09/1975,0.0,31.0,25.0,20.0
18/09/1975,0.0,30.9,24.8,19.6
19/09/1975,0.2,31.0,24.9,20.5
20/09/1975,0.0,31.2,24.9,19.6
21/09/1975,0.0,31.4,25.5,20.1
22/09/1975,0.0,31.3,25.3,20.3
23/09/1975,0.0,32.0,25.6,20.1
24/09/1975,0.0,32.3,25.8,21.1
25/09/1975,0.0,32.2,25.6,19.1
26/09/1975,0.0,32.0,26.1,22.7
27/09/1975,0.0,31.8,25.8,21.8
28/09/1975,0.0,31.4,24.7,19.3
29/09/1975,0.0,32.5,25.3,19.1
30/09/1975,0.0,32.2,25.6,20.7
01/10/1975,3.4,31.2,24.9,19.9
02/10/1975,4.2,31.2,24.9,19.7
03/10/1975,2.4,31.0,25.4,20.3
04/10/1975,0.0,32.0,25.5,18.7
05/10/1975,0.0,33.3,25.4,19.1
06/10/1975,0.0,32.4,26.5,23.1
07/10/1975,0.0,32.8,25.4,19.7
08/10/1975,0.0,32.0,25.3,20.3
09/10/1975,0.0,32.0,25.5,21.7
10/10/1975,0.0,31.9,24.3,19.0
11/10/1975,0.0,33.3,25.9,19.3
12/10/1975,0.0,32.3,26.0,20.4
13/10/1975,0.0,31.8,25.6,20.2
14/10/1975,0.0,32.8,25.4,19.1
15/10/1975,0.0,32.0,25.5,18.8
16/10/1975,0.0,32.8,26.0,19.1
17/10/1975,0.0,33.0,25.4,19.0
18/10/1975,0.0,32.8,25.7,20.1
19/10/1975,0.0,33.0,26.3,18.9
20/10/1975,0.0,32.0,26.1,21.1
21/10/1975,0.0,28.4,24.3,20.6
22/10/1975,1.6,29.6,25.0,21.5
23/10/1975,2.2,32.6,26.1,18.8
24/10/1975,0.6,32.4,25.5,21.5
25/10/1975,0.6,30.0,25.3,21.8
26/10/1975,5.2,32.0,26.0,23.4
27/10/1975,0.0,33.2,26.4,22.6
28/10/1975,0.0,32.3,25.6,20.3
29/10/1975,0.4,32.0,25.6,19.6
30/10/1975,0.0,32.4,25.5,19.9
31/10/1975,0.0,32.0,25.7,19.4
01/11/1975,0.0,32.0,25.6,20.2
02/11/1975,0.0,33.6,26.3,19.7
03/11/1975,0.0,33.0,26.8,19.2
04/11/1975,0.0,32.0,25.2,20.1
05/11/1975,0.0,32.3,25.4,19.1
06/11/1975,0.0,31.8,25.2,20.0
07/11/1975,0.0,32.8,25.7,18.4
08/11/1975,0.0,31.9,24.6,18.1
09/11/1975,0.0,32.0,25.6,19.9
10/11/1975,0.0,32.7,25.8,19.3
11/11/1975,0.0,31.6,25.3,19.7
12/11/1975,0.0,32.8,25.3,18.9
13/11/1975,0.0,33.0,25.7,18.7
14/11/1975,0.2,32.3,25.7,20.2
15/11/1975,0.0,32.0,26.5,22.9
16/11/1975,0.0,32.2,26.4,23.0
17/11/1975,0.0,32.6,25.8,19.7
18/11/1975,0.0,32.2,25.9,21.9
19/11/1975,0.0,32.0,25.9,20.7
20/11/1975,0.0,32.0,26.3,23.1
21/11/1975,0.0,32.0,26.3,21.4
22/11/1975,0.0,32.0,26.2,22.0
23/11/1975,0.0,33.0,26.5,22.0
24/11/1975,0.0,32.8,24.8,20.4
25/11/1975,0.0,32.4,25.4,18.9
26/11/1975,0.0,33.0,25.4,18.3
27/11/1975,0.0,28.3,23.8,19.9
28/11/1975,0.0,31.4,24.0,19.1
29/11/1975,0.0,31.6,24.3,19.7
30/11/1975,0.0,31.3,25.2,20.1
01/12/1975,0.0,31.7,25.0,20.0
02/12/1975,47.4,25.8,22.1,19.1
03/12/1975,12.4,30.0,23.3,16.9
04/12/1975,0.0,30.0,24.9,21.1
05/12/1975,2.4,31.0,24.4,17.9
06/12/1975,0.0,32.0,25.0,20.2
07/12/1975,1.0,31.4,24.6,19.4
08/12/1975,0.0,31.4,24.7,18.8
09/12/1975,1.4,32.7,25.3,17.9
10/12/1975,0.0,32.8,25.1,19.7
11/12/1975,27.0,29.8,23.8,19.1
12/12/1975,0.0,32.0,24.7,18.1
13/12/1975,2.2,32.0,24.8,18.6
14/12/1975,0.0,31.9,25.5,19.1
15/12/1975,0.0,32.0,24.7,20.9
16/12/1975,0.0,32.0,25.3,18.7
17/12/1975,0.0,31.8,25.7,19.4
18/12/1975,0.0,31.6,25.3,19.9
19/12/1975,0.0,31.4,25.3,19.3
20/12/1975,0.0,31.0,25.0,20.1
21/12/1975,0.0,32.8,25.7,19.8
22/12/1975,0.0,29.1,23.3,18.3
23/12/1975,24.8,30.0,24.2,18.0
24/12/1975,12.4,29.2,23.8,19.4
25/12/1975,10.6,27.4,23.4,18.3
26/12/1975,15.2,31.0,24.0,17.1
27/12/1975,0.0,26.4,22.8,18.8
28/12/1975,14.8,29.7,23.2,17.4
29/12/1975,1.0,30.8,24.8,19.1
30/12/1975,45.0,27.2,23.1,19.1
31/12/1975,21.6,27.8,22.9,18.1
01/01/1976,0.2,30.0,24.7,20.9
02/01/1976,3.4,31.2,24.3,20.1
03/01/1976,12.8,27.8,22.7,17.9
04/01/1976,1.0,31.0,23.3,18.1
05/01/1976,2.2,29.5,23.8,18.0
06/01/1976,0.2,28.6,23.1,18.1
07/01/1976,0.0,28.8,24.1,18.9
08/01/1976,0.0,29.5,23.8,18.6
09/01/1976,0.0,25.8,24.1,18.7
10/01/1976,22.8,28.9,23.0,18.1
11/01/1976,0.0,28.5,23.5,19.1
12/01/1976,5.2,31.0,23.8,17.1
13/01/1976,0.0,31.2,25.1,20.1
14/01/1976,5.2,29.7,24.5,19.9
15/01/1976,0.6,31.0,24.6,20.4
16/01/1976,0.0,31.3,24.0,17.4
17/01/1976,0.0,30.0,24.7,19.3
18/01/1976,0.0,31.4,25.6,22.1
19/01/1976,0.0,30.3,24.6,18.9
20/01/1976,0.0,28.8,23.5,19.3
21/01/1976,1.2,29.7,24.1,19.1
22/01/1976,0.0,31.3,24.6,18.6
23/01/1976,0.6,30.0,24.2,19.4
24/01/1976,8.4,29.0,23.9,19.1
25/01/1976,0.0,31.0,24.8,18.8
26/01/1976,0.0,31.0,24.8,19.4
27/01/1976,0.0,31.0,23.7,18.1
28/01/1976,36.0,27.2,23.2,19.4
29/01/1976,7.0,26.2,22.6,18.9
30/01/1976,0.0,30.0,23.2,17.4
31/01/1976,0.0,26.2,22.7,18.4
01/02/1976,45.9,30.0,23.9,18.8
02/02/1976,0.0,31.0,24.6,18.0
03/02/1976,1.2,29.8,24.7,20.9
04/02/1976,9.4,29.0,23.7,19.3
05/02/1976,67.2,25.0,22.7,19.4
06/02/1976,23.4,28.3,23.2,18.4
07/02/1976,13.9,31.0,25.1,20.4
08/02/1976,10.0,25.2,22.6,18.4
09/02/1976,33.0,28.0,23.0,17.9
10/02/1976,0.0,31.2,24.4,18.7
11/02/1976,0.0,28.3,24.1,19.6
12/02/1976,4.6,28.4,23.3,18.8
13/02/1976,0.0,31.0,24.9,19.1
14/02/1976,0.0,26.0,21.7,17.1
15/02/1976,33.4,30.0,23.2,17.3
16/02/1976,14.4,26.8,22.4,17.2
17/02/1976,6.5,31.0,24.3,17.1
18/02/1976,0.0,31.3,24.1,18.3
19/02/1976,2.0,31.0,24.7,20.2
20/02/1976,2.2,30.0,24.4,18.7
21/02/1976,7.4,29.0,23.1,17.7
22/02/1976,3.4,29.0,23.3,18.4
23/02/1976,3.6,30.0,24.4,18.9
24/02/1976,2.0,28.4,23.7,20.1
25/02/1976,4.4,31.0,24.3,18.9
26/02/1976,0.0,31.2,24.5,20.1
27/02/1976,0.6,29.6,24.5,20.1
28/02/1976,12.4,28.0,23.5,18.8
29/02/1976,0.3,30.0,24.3,19.4
01/03/1976,1.2,31.0,24.6,19.9
02/03/1976,0.0,31.0,25.0,20.4
03/03/1976,0.0,29.6,24.2,19.3
04/03/1976,8.6,31.0,24.6,19.3
05/03/1976,0.0,30.6,24.9,19.3
06/03/1976,5.8,30.0,23.3,18.7
07/03/1976,1.0,30.0,23.8,19.6
08/03/1976,0.0,29.4,23.7,19.1
09/03/1976,2.2,31.0,25.7,21.1
10/03/1976,0.8,31.0,25.4,21.1
11/03/1976,44.6,28.8,24.4,19.9
12/03/1976,7.2,30.0,24.4,19.3
13/03/1976,3.6,29.2,24.3,19.1
14/03/1976,8.0,25.8,23.2,19.4
15/03/1976,29.0,29.0,23.7,18.4
16/03/1976,0.0,29.3,23.9,19.4
17/03/1976,1.3,27.8,24.0,19.4
18/03/1976,12.6,29.6,24.2,20.5
19/03/1976,1.0,30.0,24.9,19.1
20/03/1976,2.2,30.0,25.1,21.0
21/03/1976,30.2,28.2,23.5,18.9
22/03/1976,10.8,28.3,24.1,20.3
23/03/1976,0.0,31.0,24.0,17.2
24/03/1976,0.0,31.0,25.1,19.2
25/03/1976,1.2,28.0,22.4,17.5
26/03/1976,50.3,30.0,23.6,17.4
27/03/1976,17.8,29.2,23.3,17.9
28/03/1976,34.6,29.0,23.3,18.3
29/03/1976,1.0,28.4,23.3,19.1
30/03/1976,19.8,28.4,23.8,19.6
31/03/1976,18.4,28.8,23.1,18.1
01/04/1976,2.2,30.0,24.1,19.5
02/04/1976,0.0,31.4,24.7,20.4
03/04/1976,14.4,32.0,25.2,19.0
04/04/1976,6.8,31.0,25.2,19.0
05/04/1976,2.8,29.4,24.7,19.4
06/04/1976,0.0,29.4,24.9,20.0
07/04/1976,0.0,30.0,24.3,20.0
08/04/1976,0.0,30.0,24.3,18.0
09/04/1976,0.0,31.0,24.7,20.1
10/04/1976,0.0,31.2,25.1,20.1
11/04/1976,0.0,31.2,25.3,21.1
12/04/1976,2.0,30.4,24.3,19.1
13/04/1976,62.4,26.6,22.7,19.1
14/04/1976,46.2,30.0,24.0,18.3
15/04/1976,0.0,30.6,24.5,20.1
16/04/1976,0.0,31.0,25.2,19.0
17/04/1976,10.0,28.4,24.0,20.1
18/04/1976,0.2,30.0,24.4,19.6
19/04/1976,0.0,30.0,24.2,19.4
20/04/1976,0.0,30.2,25.3,20.0
21/04/1976,0.0,30.0,24.8,20.1
22/04/1976,0.0,31.0,25.6,21.1
23/04/1976,4.0,31.0,25.8,21.4
24/04/1976,17.0,30.6,24.5,19.1
25/04/1976,38.0,30.0,24.4,18.2
26/04/1976,12.4,30.0,24.5,17.3
27/04/1976,39.0,30.2,23.7,18.3
28/04/1976,1.0,30.0,24.5,17.1
29/04/1976,0.2,29.0,24.5,20.6
30/04/1976,31.0,30.0,24.8,20.6
01/05/1976,0.1,30.0,24.1,18.1
02/05/1976,0.0,30.6,24.9,20.1
03/05/1976,0.0,30.0,24.0,19.9
04/05/1976,21.6,30.0,24.4,18.3
05/05/1976,0.0,29.0,24.2,18.9
06/05/1976,6.4,31.4,24.3,18.3
07/05/1976,3.2,31.0,25.0,19.6
08/05/1976,14.2,31.0,24.8,20.0
09/05/1976,0.6,30.0,25.5,19.1
10/05/1976,0.2,31.0,25.8,19.4
11/05/1976,0.0,30.8,24.2,19.4
12/05/1976,12.0,31.0,24.3,19.8
13/05/1976,0.0,29.3,23.9,19.4
14/05/1976,7.4,29.0,24.3,19.1
15/05/1976,12.0,29.5,24.3,19.6
16/05/1976,0.0,30.0,25.0,21.1
17/05/1976,0.0,31.0,25.0,20.1
18/05/1976,0.0,30.0,24.7,20.1
19/05/1976,0.8,30.0,24.9,20.1
20/05/1976,2.8,29.4,24.4,19.1
21/05/1976,0.0,31.0,25.3,21.1
22/05/1976,4.4,30.0,24.4,18.1
23/05/1976,10.0,31.0,24.9,20.7
24/05/1976,6.0,30.0,24.3,19.1
25/05/1976,5.8,31.2,25.1,21.1
26/05/1976,0.4,30.2,23.9,17.6
27/05/1976,9.2,30.8,25.1,20.2
28/05/1976,0.0,30.0,24.7,20.1
29/05/1976,0.0,31.0,24.8,19.1
30/05/1976,1.0,30.0,24.1,19.1
31/05/1976,28.0,31.0,24.1,19.4
01/06/1976,6.0,30.2,24.7,20.2
02/06/1976,0.0,31.3,25.0,20.2
03/06/1976,9.0,30.0,23.4,18.1
04/06/1976,3.2,30.0,24.2,19.1
05/06/1976,2.2,27.0,23.0,16.4
06/06/1976,16.6,28.0,23.4,18.1
07/06/1976,1.7,28.8,23.7,19.5
08/06/1976,0.0,30.0,24.3,18.5
09/06/1976,0.2,30.0,24.2,20.1
10/06/1976,0.4,31.0,25.6,21.4
11/06/1976,0.0,29.0,24.2,18.5
12/06/1976,22.4,29.3,23.9,18.4
13/06/1976,3.2,29.2,24.1,20.1
14/06/1976,0.2,28.7,22.2,16.1
15/06/1976,3.0,30.0,23.6,17.9
16/06/1976,0.0,28.8,23.9,19.3
17/06/1976,3.6,29.0,23.9,19.1
18/06/1976,0.0,30.0,24.0,17.9
19/06/1976,0.0,30.2,24.5,19.1
20/06/1976,0.0,30.0,24.4,18.0
21/06/1976,24.4,29.0,23.3,17.9
22/06/1976,0.2,30.2,24.8,20.1
23/06/1976,0.0,30.8,25.2,21.1
24/06/1976,0.0,30.1,23.9,17.0
25/06/1976,0.0,30.0,24.6,20.2
26/06/1976,2.8,30.2,23.9,18.1
27/06/1976,0.0,29.3,23.6,18.9
28/06/1976,15.6,29.1,23.3,18.9
29/06/1976,4.7,28.0,23.7,19.4
30/06/1976,4.8,29.3,23.0,17.6
01/07/1976,1.5,27.2,22.1,16.4
02/07/1976,7.2,29.0,23.2,17.7
03/07/1976,4.6,29.0,24.1,18.4
04/07/1976,3.8,29.0,22.8,16.1
05/07/1976,5.8,30.0,23.9,17.4
06/07/1976,0.0,31.0,23.9,16.1
07/07/1976,0.0,30.8,24.2,16.2
08/07/1976,0.0,30.0,24.0,18.1
09/07/1976,0.4,30.0,24.5,19.4
10/07/1976,0.0,31.0,24.7,18.1
11/07/1976,0.0,31.0,24.2,19.1
12/07/1976,0.0,29.0,23.5,18.1
13/07/1976,9.0,29.0,23.3,18.1
14/07/1976,2.6,29.2,23.3,18.2
15/07/1976,1.8,31.0,23.5,16.8
16/07/1976,0.0,31.5,24.9,17.1
17/07/1976,0.0,30.6,24.9,19.1
18/07/1976,0.0,30.7,24.0,16.7
19/07/1976,0.0,30.4,24.1,17.9
20/07/1976,0.0,30.8,23.5,17.9
21/07/1976,0.0,30.4,23.6,17.7
22/07/1976,0.0,30.8,24.3,18.4
23/07/1976,0.0,30.0,24.3,20.2
24/07/1976,0.0,31.0,24.9,19.7
25/07/1976,0.0,31.4,25.7,21.4
26/07/1976,0.0,31.6,24.9,18.3
27/07/1976,0.0,31.3,25.1,20.4
28/07/1976,5.4,30.0,23.7,18.1
29/07/1976,0.0,31.0,25.2,20.7
30/07/1976,0.0,32.0,25.0,19.3
31/07/1976,0.0,32.0,25.7,21.1
01/08/1976,0.0,31.0,23.6,18.0
02/08/1976,1.0,31.0,24.4,20.0
03/08/1976,0.0,31.0,25.0,20.1
04/08/1976,0.0,31.3,24.8,20.1
05/08/1976,0.0,31.4,25.3,20.2
06/08/1976,0.6,31.4,25.3,20.1
07/08/1976,0.0,31.2,24.2,17.4
08/08/1976,0.0,31.3,24.1,17.1
09/08/1976,0.0,31.6,24.5,17.7
10/08/1976,0.0,31.0,24.7,18.8
11/08/1976,0.0,31.2,24.2,18.5
12/08/1976,0.0,31.7,24.3,16.1
13/08/1976,0.0,31.8,24.8,19.9
14/08/1976,0.0,32.0,25.6,20.7
15/08/1976,0.0,32.8,25.3,18.1
16/08/1976,0.0,31.8,25.0,19.1
17/08/1976,0.0,31.8,24.6,18.1
18/08/1976,0.0,32.2,24.3,16.4
19/08/1976,0.2,31.0,24.9,19.1
20/08/1976,0.0,32.0,24.8,18.8
21/08/1976,0.0,32.2,24.8,19.1
22/08/1976,0.0,31.3,25.2,19.1
23/08/1976,0.0,31.2,24.9,19.7
24/08/1976,2.4,30.3,24.5,19.1
25/08/1976,2.0,31.0,24.2,18.6
26/08/1976,0.0,31.8,24.6,18.1
27/08/1976,0.0,32.0,24.9,18.3
28/08/1976,0.0,31.6,25.0,20.3
29/08/1976,0.0,31.0,25.2,20.7
30/08/1976,0.0,31.0,24.4,17.0
31/08/1976,0.0,31.6,25.4,18.7
01/09/1976,,,,
02/09/1976,,,,
03/09/1976,,,,
04/09/1976,,,,
05/09/1976,,,,
06/09/1976,,,,
07/09/1976,,,,
08/09/1976,,,,
09/09/1976,,,,
10/09/1976,,,,
11/09/1976,,,,
12/09/1976,,,,
13/09/1976,,,,
14/09/1976,,,,
15/09/1976,,,,
16/09/1976,,,,
17/09/1976,,,,
18/09/1976,,,,
19/09/1976,,,,
20/09/1976,,,,
21/09/1976,,,,
22/09/1976,,,,
23/09/1976,,,,
24/09/1976,,,,
25/09/1976,,,,
26/09/1976,,,,
27/09/1976,,,,
28/09/1976,,,,
29/09/1976,,,,
30/09/1976,,,,
01/10/1976,,35.2,26.7,20.2
02/10/1976,0.0,32.3,25.7,18.0
03/10/1976,0.0,33.3,25.8,20.0
04/10/1976,0.0,33.6,26.0,19.4
05/10/1976,0.0,33.4,26.4,19.6
06/10/1976,0.0,33.3,26.5,19.2
07/10/1976,0.0,34.4,25.8,19.3
08/10/1976,11.2,31.0,25.5,20.3
09/10/1976,0.0,33.2,25.4,18.9
10/10/1976,0.0,33.4,25.6,19.1
11/10/1976,1.4,33.0,25.1,17.9
12/10/1976,0.0,33.0,26.7,21.4
13/10/1976,0.0,32.2,24.4,17.1
14/10/1976,0.0,34.0,27.1,21.6
15/10/1976,0.0,33.8,27.1,20.1
16/10/1976,0.0,33.2,26.5,21.4
17/10/1976,0.0,31.2,25.5,19.5
18/10/1976,0.0,33.0,26.4,20.0
19/10/1976,0.0,34.0,26.7,19.1
20/10/1976,0.0,32.4,26.1,20.7
21/10/1976,2.0,31.6,25.9,20.4
22/10/1976,0.0,30.8,24.9,19.8
23/10/1976,0.0,33.4,25.7,19.1
24/10/1976,0.0,33.0,25.6,17.1
25/10/1976,0.0,33.0,25.7,17.1
26/10/1976,0.0,33.0,26.6,18.8
27/10/1976,0.0,33.8,26.2,17.3
28/10/1976,0.0,34.0,26.7,20.7
29/10/1976,0.0,34.0,26.0,19.0
30/10/1976,0.0,32.9,26.3,20.5
31/10/1976,0.0,33.8,25.9,18.1
01/11/1976,0.0,34.2,26.3,18.6
02/11/1976,0.0,33.8,26.4,19.6
03/11/1976,0.0,34.0,26.2,20.3
04/11/1976,0.0,33.2,26.3,19.9
05/11/1976,0.0,33.2,26.0,18.6
06/11/1976,0.0,34.2,25.9,20.1
07/11/1976,0.0,35.8,26.8,18.1
08/11/1976,0.0,33.0,26.4,21.3
09/11/1976,0.0,32.0,26.1,20.9
10/11/1976,0.0,33.5,27.1,21.9
11/11/1976,0.0,33.5,26.2,20.9
12/11/1976,25.0,31.0,24.3,18.3
13/11/1976,1.0,33.0,24.5,19.1
14/11/1976,0.0,34.0,26.0,20.1
15/11/1976,0.0,32.0,25.5,18.6
16/11/1976,0.0,32.0,25.7,20.6
17/11/1976,0.0,29.8,25.2,20.6
18/11/1976,0.0,33.4,25.8,19.9
19/11/1976,0.0,33.0,25.7,19.1
20/11/1976,0.0,31.8,25.3,19.9
21/11/1976,9.0,31.8,25.8,18.6
22/11/1976,0.0,33.2,25.1,17.9
23/11/1976,0.0,32.8,25.2,17.4
24/11/1976,0.0,32.9,26.0,17.9
25/11/1976,0.0,32.3,26.2,20.3
26/11/1976,0.0,31.5,25.3,20.2
27/11/1976,0.0,33.0,25.6,17.7
28/11/1976,0.0,33.5,25.7,18.3
29/11/1976,7.4,26.8,23.1,18.1
30/11/1976,7.4,29.5,23.1,17.3
01/12/1976,0.0,32.9,25.3,17.9
02/12/1976,0.0,32.0,24.0,18.1
03/12/1976,12.6,32.0,25.0,19.1
04/12/1976,0.0,32.0,25.6,19.0
05/12/1976,0.0,32.0,26.2,20.6
06/12/1976,0.0,32.9,25.2,17.1
07/12/1976,0.0,32.5,26.3,21.9
08/12/1976,0.0,32.8,25.8,18.3
09/12/1976,0.0,32.7,25.8,19.4
10/12/1976,0.0,33.8,25.9,17.9
11/12/1976,0.0,32.8,25.3,17.9
12/12/1976,0.0,33.0,25.9,17.1
13/12/1976,0.0,33.0,26.0,18.9
14/12/1976,0.0,33.0,25.7,19.9
15/12/1976,0.0,33.0,26.2,18.6
16/12/1976,0.0,32.0,25.5,18.3
17/12/1976,0.0,32.8,26.3,19.6
18/12/1976,0.0,32.8,25.8,19.0
19/12/1976,0.0,33.5,26.0,17.9
20/12/1976,0.0,33.0,26.3,18.9
21/12/1976,98.0,29.5,24.0,17.9
22/12/1976,3.7,32.3,25.2,18.1
23/12/1976,0.0,32.8,25.2,19.0
24/12/1976,0.0,32.5,25.6,18.4
25/12/1976,0.0,32.1,26.0,17.9
26/12/1976,0.0,31.7,25.5,18.4
27/12/1976,0.0,33.5,26.2,18.1
28/12/1976,2.7,32.5,25.5,20.1
29/12/1976,0.2,32.3,25.0,18.1
30/12/1976,3.0,32.5,25.5,17.2
31/12/1976,0.0,32.8,25.8,17.9
01/01/1977,0.0,32.8,25.0,18.9
02/01/1977,0.0,31.2,24.4,17.5
03/01/1977,0.2,31.9,24.9,19.0
04/01/1977,0.0,32.0,24.8,17.0
05/01/1977,0.0,31.3,25.8,18.1
06/01/1977,19.6,29.5,24.0,17.4
07/01/1977,2.0,31.3,25.5,18.6
08/01/1977,2.0,31.0,25.5,19.1
09/01/1977,0.0,30.4,24.0,18.1
10/01/1977,1.0,31.0,24.9,17.3
11/01/1977,0.0,28.2,24.2,18.3
12/01/1977,2.6,27.4,22.5,17.0
13/01/1977,86.0,30.0,23.4,17.0
14/01/1977,4.6,30.0,23.4,16.9
15/01/1977,3.9,29.8,24.6,17.7
16/01/1977,5.0,31.2,25.1,18.1
17/01/1977,48.0,30.0,24.2,18.3
18/01/1977,1.3,31.0,24.6,18.1
19/01/1977,3.0,31.0,24.5,17.1
20/01/1977,0.0,30.0,23.8,16.6
21/01/1977,0.0,32.0,24.8,17.6
22/01/1977,0.0,31.9,24.8,18.1
23/01/1977,0.0,31.0,25.9,20.2
24/01/1977,1.4,30.4,24.8,18.3
25/01/1977,0.6,31.4,25.4,19.0
26/01/1977,5.6,32.3,24.6,19.0
27/01/1977,0.0,27.5,23.9,17.9
28/01/1977,1.6,30.6,23.4,16.6
29/01/1977,0.0,31.0,25.3,17.7
30/01/1977,72.4,31.6,24.3,16.6
31/01/1977,1.8,26.0,22.9,17.1
01/02/1977,58.3,28.2,23.1,17.1
02/02/1977,18.6,30.0,23.5,16.9
03/02/1977,48.0,25.0,22.1,16.9
04/02/1977,42.0,30.0,23.4,16.1
05/02/1977,18.0,30.2,24.2,18.8
06/02/1977,23.6,28.2,22.9,17.5
07/02/1977,2.6,29.3,23.5,16.3
08/02/1977,15.1,28.2,23.1,16.8
09/02/1977,8.6,30.0,23.7,16.1
10/02/1977,0.0,28.6,23.5,16.9
11/02/1977,9.6,28.3,22.8,16.9
12/02/1977,1.0,30.0,24.1,18.0
13/02/1977,52.0,29.2,23.0,17.5
14/02/1977,10.2,28.7,22.7,16.4
15/02/1977,3.2,30.5,24.6,18.4
16/02/1977,0.0,31.0,24.4,17.1
17/02/1977,0.0,31.4,24.8,17.6
18/02/1977,0.0,29.4,23.7,16.9
19/02/1977,14.4,30.5,24.0,18.1
20/02/1977,0.2,27.0,22.9,17.7
21/02/1977,2.0,30.0,23.3,16.1
22/02/1977,1.0,30.0,24.3,17.1
23/02/1977,14.4,29.0,23.6,16.7
24/02/1977,3.2,28.2,23.3,17.2
25/02/1977,14.8,28.3,23.4,16.9
26/02/1977,2.0,26.0,22.5,18.1
27/02/1977,20.4,29.0,22.9,17.1
28/02/1977,1.3,30.0,25.1,20.1
01/03/1977,0.0,29.2,23.9,18.8
02/03/1977,3.8,29.8,24.6,18.6
03/03/1977,26.8,25.5,22.1,16.9
04/03/1977,5.0,30.2,23.1,16.9
05/03/1977,0.6,29.8,24.5,18.1
06/03/1977,10.0,30.0,23.7,17.1
07/03/1977,6.0,30.3,24.2,18.3
08/03/1977,13.6,29.4,23.8,18.1
09/03/1977,4.0,29.4,24.3,17.9
10/03/1977,18.0,29.8,24.5,18.7
11/03/1977,30.0,27.0,22.7,17.1
12/03/1977,53.3,28.4,23.6,16.9
13/03/1977,5.6,29.2,24.3,18.1
14/03/1977,15.6,28.6,23.8,18.2
15/03/1977,0.2,29.0,24.0,18.9
16/03/1977,0.0,30.0,24.0,18.1
17/03/1977,8.2,30.0,24.2,17.6
18/03/1977,0.0,30.6,25.0,18.6
19/03/1977,52.0,29.4,23.3,17.4
20/03/1977,0.0,30.0,24.1,18.3
21/03/1977,3.0,29.7,24.0,16.2
22/03/1977,0.0,30.6,24.4,18.1
23/03/1977,0.0,30.0,24.4,18.7
24/03/1977,1.2,30.0,24.5,19.1
25/03/1977,4.0,29.2,23.6,18.1
26/03/1977,16.4,30.0,24.1,18.1
27/03/1977,1.4,30.0,24.9,20.1
28/03/1977,3.4,31.0,24.6,18.4
29/03/1977,3.4,30.2,25.1,19.1
30/03/1977,33.4,28.7,24.0,17.4
31/03/1977,0.0,28.2,23.8,19.1
01/04/1977,2.3,29.0,23.6,16.7
02/04/1977,5.0,30.2,24.2,17.1
03/04/1977,0.0,31.7,24.3,17.1
04/04/1977,28.0,29.0,23.4,16.4
05/04/1977,0.0,28.0,22.7,16.8
06/04/1977,0.4,29.0,24.1,17.1
07/04/1977,3.6,31.0,25.0,18.4
08/04/1977,2.2,30.0,24.0,17.1
09/04/1977,0.0,30.0,23.8,16.1
10/04/1977,7.8,31.4,25.3,19.3
11/04/1977,0.0,30.0,24.7,18.7
12/04/1977,2.2,29.4,24.1,17.1
13/04/1977,0.8,29.2,23.8,18.3
14/04/1977,1.4,31.0,24.9,18.9
15/04/1977,10.2,31.0,25.1,19.8
16/04/1977,1.6,29.4,24.3,19.4
17/04/1977,5.4,29.2,24.0,18.5
18/04/1977,26.8,29.5,24.3,19.1
19/04/1977,0.0,31.0,25.0,18.6
20/04/1977,0.6,29.0,23.6,17.7
21/04/1977,7.8,31.4,25.2,19.5
22/04/1977,0.0,29.2,23.7,18.1
23/04/1977,15.0,27.5,23.0,17.1
24/04/1977,11.4,30.8,24.8,18.1
25/04/1977,33.8,27.0,23.8,17.7
26/04/1977,15.6,27.0,22.8,16.6
27/04/1977,18.4,29.2,23.7,17.1
28/04/1977,0.0,31.0,23.9,15.6
29/04/1977,0.0,28.8,23.8,17.0
30/04/1977,7.4,30.4,24.7,18.1
01/05/1977,0.0,31.0,24.7,18.0
02/05/1977,27.0,30.0,23.3,16.6
03/05/1977,1.0,30.5,24.3,16.9
04/05/1977,0.1,30.0,24.8,18.3
05/05/1977,10.4,30.2,24.4,17.1
06/05/1977,1.2,28.3,23.7,17.6
07/05/1977,15.9,29.8,23.6,15.1
08/05/1977,9.9,30.0,23.8,16.9
09/05/1977,2.4,29.0,23.6,17.3
10/05/1977,2.7,30.3,23.9,16.9
11/05/1977,8.0,30.0,24.4,16.9
12/05/1977,6.0,31.5,25.6,18.9
13/05/1977,0.0,30.5,24.4,17.1
14/05/1977,5.8,30.0,23.9,17.2
15/05/1977,4.0,30.0,24.1,16.9
16/05/1977,0.0,29.3,24.3,17.6
17/05/1977,4.0,28.8,22.8,16.5
18/05/1977,18.4,24.0,21.7,16.7
19/05/1977,24.0,27.8,22.4,15.6
20/05/1977,0.8,29.8,23.8,16.1
21/05/1977,11.6,29.5,22.7,15.6
22/05/1977,1.6,28.7,23.2,16.6
23/05/1977,3.0,29.5,24.2,18.6
24/05/1977,2.2,29.2,23.4,16.7
25/05/1977,13.0,30.5,23.0,15.9
26/05/1977,4.6,30.5,23.2,16.1
27/05/1977,0.0,29.5,23.8,16.6
28/05/1977,0.3,29.5,23.9,16.1
29/05/1977,3.9,30.0,25.1,18.1
30/05/1977,4.6,29.3,23.0,16.6
31/05/1977,26.2,30.0,24.2,16.8
01/06/1977,0.0,31.0,24.1,16.8
02/06/1977,0.0,29.5,23.4,16.1
03/06/1977,26.3,27.8,22.8,16.6
04/06/1977,7.6,29.8,23.6,15.6
05/06/1977,49.4,28.8,22.7,15.9
06/06/1977,0.0,30.1,23.1,14.9
07/06/1977,0.0,30.8,23.5,15.1
08/06/1977,0.0,30.5,23.6,15.1
09/06/1977,1.4,29.5,22.9,15.0
10/06/1977,3.1,29.0,22.7,16.6
11/06/1977,0.0,29.5,23.1,16.0
12/06/1977,1.5,28.8,23.1,16.1
13/06/1977,0.8,30.2,22.9,15.9
14/06/1977,0.0,30.5,24.5,16.0
15/06/1977,8.2,30.3,22.8,14.3
16/06/1977,4.0,31.5,23.5,13.6
17/06/1977,0.0,30.2,23.9,15.6
18/06/1977,0.0,30.0,23.7,16.1
19/06/1977,5.8,30.0,23.9,16.1
20/06/1977,0.0,28.8,23.4,17.6
21/06/1977,1.5,30.0,23.7,17.3
22/06/1977,0.0,26.5,22.3,15.4
23/06/1977,4.4,29.6,23.0,15.8
24/06/1977,0.0,30.8,24.4,18.4
25/06/1977,0.0,32.0,24.0,15.6
26/06/1977,11.4,28.4,23.7,17.1
27/06/1977,17.7,27.3,23.0,17.4
28/06/1977,16.9,31.0,24.4,15.1
29/06/1977,0.0,31.0,24.8,17.1
30/06/1977,3.0,27.8,22.5,15.0
01/07/1977,15.5,29.0,23.1,16.1
02/07/1977,0.2,30.0,22.9,16.1
03/07/1977,27.2,31.0,24.2,15.4
04/07/1977,0.0,31.0,24.1,17.1
05/07/1977,2.8,30.0,24.1,17.7
06/07/1977,14.4,28.0,23.1,17.4
07/07/1977,0.0,31.0,24.3,17.3
08/07/1977,0.0,31.0,24.5,18.1
09/07/1977,0.0,29.8,23.6,17.4
10/07/1977,0.0,31.0,24.1,14.6
11/07/1977,0.0,31.0,24.3,16.3
12/07/1977,15.0,29.3,23.2,16.5
13/07/1977,33.9,29.5,23.1,15.9
14/07/1977,10.0,30.2,22.9,14.9
15/07/1977,0.8,30.4,24.0,17.6
16/07/1977,0.0,31.0,23.2,14.1
17/07/1977,0.0,31.8,24.4,18.4
18/07/1977,0.0,28.0,22.8,16.9
19/07/1977,1.0,29.0,23.0,16.6
20/07/1977,0.0,30.0,23.2,16.4
21/07/1977,0.0,30.0,22.9,14.1
22/07/1977,0.0,30.0,23.2,14.7
23/07/1977,0.0,30.3,24.7,18.4
24/07/1977,0.0,31.7,24.6,17.6
25/07/1977,0.0,31.5,23.8,15.5
26/07/1977,2.1,31.0,23.8,15.6
27/07/1977,0.5,29.8,23.5,16.6
28/07/1977,2.2,31.0,23.8,16.6
29/07/1977,0.0,31.0,24.6,18.6
30/07/1977,0.0,31.3,23.5,14.3
31/07/1977,0.0,31.0,23.8,15.0
01/08/1977,0.0,31.4,24.0,17.1
02/08/1977,0.0,30.0,23.5,17.1
03/08/1977,0.0,31.3,24.4,15.4
04/08/1977,0.0,30.8,23.6,16.1
05/08/1977,0.7,31.2,24.1,15.8
06/08/1977,0.0,31.8,23.8,15.6
07/08/1977,0.0,31.8,23.8,14.6
08/08/1977,0.2,31.5,24.5,14.1
09/08/1977,0.0,31.5,23.3,15.7
10/08/1977,14.2,32.2,24.1,14.0
11/08/1977,0.0,31.3,23.0,14.6
12/08/1977,2.0,31.3,23.7,15.6
13/08/1977,0.0,31.5,24.6,16.4
14/08/1977,0.0,31.0,23.9,16.1
15/08/1977,0.0,31.6,25.1,18.4
16/08/1977,0.0,32.0,24.2,16.6
17/08/1977,0.0,32.3,24.2,14.5
18/08/1977,0.0,33.3,25.2,19.2
19/08/1977,0.0,32.4,25.2,17.3
20/08/1977,0.0,30.8,24.7,18.1
21/08/1977,0.0,31.5,24.0,16.9
22/08/1977,0.0,32.8,24.0,14.9
23/08/1977,0.0,32.5,25.1,18.7
24/08/1977,0.0,31.5,24.5,16.4
25/08/1977,0.0,31.5,24.0,16.1
26/08/1977,1.8,31.3,24.7,18.7
27/08/1977,0.0,32.0,24.5,15.6
28/08/1977,0.0,32.2,24.6,16.1
29/08/1977,0.0,32.4,24.5,16.1
30/08/1977,0.0,31.8,24.6,17.1
31/08/1977,0.0,32.0,24.4,17.1
01/09/1977,1.0,32.3,24.7,17.1
02/09/1977,0.0,33.0,24.3,17.1
03/09/1977,5.5,32.5,25.5,17.9
04/09/1977,,32.0,25.0,17.1
05/09/1977,0.0,33.0,24.8,15.9
06/09/1977,0.0,32.0,24.5,15.7
07/09/1977,0.0,33.0,25.5,18.3
08/09/1977,0.0,31.8,25.1,16.1
09/09/1977,0.0,31.8,24.7,16.6
10/09/1977,0.0,32.5,24.8,16.6
11/09/1977,0.0,32.5,24.8,16.7
12/09/1977,0.0,32.8,25.1,16.4
13/09/1977,0.0,32.7,24.6,14.9
14/09/1977,0.0,33.0,24.8,17.2
15/09/1977,0.0,33.4,25.2,16.5
16/09/1977,0.0,33.3,25.4,16.2
17/09/1977,0.0,32.0,24.8,16.6
18/09/1977,0.0,33.7,25.5,17.4
19/09/1977,0.0,32.7,24.9,15.7
20/09/1977,0.0,33.0,25.7,18.6
21/09/1977,0.0,32.4,25.2,17.9
22/09/1977,0.0,32.8,24.8,15.7
23/09/1977,0.0,33.8,25.6,18.3
24/09/1977,0.0,33.0,24.6,16.4
25/09/1977,0.7,32.0,24.9,15.9
26/09/1977,0.0,31.3,24.6,16.6
27/09/1977,0.0,33.5,24.7,15.6
28/09/1977,0.0,28.8,23.0,16.1
29/09/1977,3.8,31.8,24.8,16.6
30/09/1977,2.4,31.8,24.6,15.6
01/10/1977,0.7,31.3,26.1,23.3
02/10/1977,0.0,31.9,25.1,22.4
03/10/1977,6.6,30.4,25.3,21.3
04/10/1977,4.8,29.4,24.5,22.7
05/10/1977,4.0,32.5,25.9,21.5
06/10/1977,0.0,32.4,26.6,22.5
07/10/1977,0.0,30.8,25.3,22.0
08/10/1977,0.0,33.2,26.4,22.0
09/10/1977,0.0,32.6,26.5,22.7
10/10/1977,0.0,31.6,26.0,22.0
11/10/1977,0.0,31.2,25.5,21.0
12/10/1977,0.0,32.4,25.5,18.6
13/10/1977,0.0,33.2,26.0,21.4
14/10/1977,0.0,33.2,26.2,21.5
15/10/1977,0.0,32.2,25.6,22.8
16/10/1977,0.0,32.8,26.4,23.0
17/10/1977,0.0,33.8,26.8,23.2
18/10/1977,0.0,33.1,24.6,15.0
19/10/1977,0.0,32.2,26.1,21.2
20/10/1977,0.4,31.6,25.6,22.0
21/10/1977,0.0,33.2,26.3,21.8
22/10/1977,0.0,32.8,25.4,22.0
23/10/1977,2.7,33.0,26.8,21.4
24/10/1977,13.0,29.7,24.7,21.8
25/10/1977,0.0,31.4,25.7,22.0
26/10/1977,2.0,34.0,26.5,22.8
27/10/1977,0.0,33.2,26.7,21.5
28/10/1977,0.0,31.6,25.8,22.4
29/10/1977,0.8,31.3,25.8,22.8
30/10/1977,0.0,32.0,25.1,20.5
31/10/1977,0.0,32.9,25.9,20.8
01/11/1977,,32.4,25.9,21.8
02/11/1977,0.0,33.2,26.3,21.3
03/11/1977,0.0,33.2,26.4,23.0
04/11/1977,0.0,32.4,26.3,23.0
05/11/1977,0.0,33.4,25.7,21.6
06/11/1977,0.0,34.0,26.7,22.0
07/11/1977,0.0,33.4,26.9,24.4
08/11/1977,0.0,33.5,26.8,23.6
09/11/1977,0.0,32.8,26.4,22.6
10/11/1977,0.0,31.9,26.4,22.3
11/11/1977,0.0,32.4,26.5,23.2
12/11/1977,0.0,32.2,26.2,23.2
13/11/1977,0.0,32.8,26.5,23.4
14/11/1977,0.0,31.4,26.8,23.4
15/11/1977,0.0,30.6,26.0,23.8
16/11/1977,0.0,30.4,24.7,21.0
17/11/1977,0.0,30.0,25.0,22.3
18/11/1977,0.0,34.2,26.0,21.3
19/11/1977,0.0,33.0,26.2,21.0
20/11/1977,0.0,33.2,26.7,23.4
21/11/1977,0.0,33.4,26.8,23.8
22/11/1977,0.0,33.3,26.2,21.2
23/11/1977,0.0,34.0,27.3,21.5
24/11/1977,0.0,32.7,26.7,23.3
25/11/1977,0.0,33.3,26.5,22.4
26/11/1977,0.0,33.8,26.5,21.2
27/11/1977,0.0,34.0,26.9,22.6
28/11/1977,0.0,33.0,26.8,22.5
29/11/1977,0.0,32.7,25.9,22.0
30/11/1977,0.0,32.7,26.0,20.0
01/12/1977,0.0,33.5,26.9,23.0
02/12/1977,0.0,32.5,26.7,22.8
03/12/1977,0.0,32.4,25.8,20.4
04/12/1977,0.0,33.8,27.0,22.1
05/12/1977,0.0,32.8,27.2,21.4
06/12/1977,0.0,32.2,26.9,24.2
07/12/1977,0.0,31.8,25.8,21.6
08/12/1977,0.0,32.4,26.3,22.6
09/12/1977,0.0,32.4,26.6,22.8
10/12/1977,0.0,30.0,25.4,22.0
11/12/1977,14.2,28.9,24.1,22.0
12/12/1977,3.5,31.4,24.8,21.5
13/12/1977,0.0,31.8,25.7,23.1
14/12/1977,0.0,31.9,26.6,23.8
15/12/1977,1.5,26.3,23.9,21.0
16/12/1977,41.5,25.8,23.3,21.0
17/12/1977,19.5,27.7,24.5,23.0
18/12/1977,6.2,30.0,24.8,23.1
19/12/1977,2.0,30.0,25.4,23.6
20/12/1977,0.0,30.4,25.2,20.4
21/12/1977,3.6,31.0,25.7,22.6
22/12/1977,16.5,29.0,24.6,22.4
23/12/1977,0.8,30.0,25.5,23.6
24/12/1977,0.0,30.0,26.9,23.2
25/12/1977,10.0,30.8,25.6,23.0
26/12/1977,0.0,30.7,26.1,23.6
27/12/1977,4.8,30.6,25.7,24.0
28/12/1977,3.4,29.1,25.1,22.8
29/12/1977,0.5,27.1,23.9,22.7
30/12/1977,26.6,29.1,23.9,20.8
31/12/1977,1.0,30.8,25.2,21.8
01/01/1978,1.8,26.8,23.6,21.4
02/01/1978,55.2,27.3,23.5,20.8
03/01/1978,2.0,29.0,24.2,22.2
04/01/1978,17.5,27.3,23.9,21.6
05/01/1978,61.4,27.5,24.0,22.0
06/01/1978,2.4,29.4,25.1,22.6
07/01/1978,7.0,29.6,24.8,22.6
08/01/1978,8.9,29.2,24.1,21.8
09/01/1978,5.5,28.3,24.1,21.3
10/01/1978,2.8,27.8,23.9,21.8
11/01/1978,33.0,27.3,23.7,20.8
12/01/1978,2.8,29.7,24.7,21.2
13/01/1978,0.0,31.1,25.9,23.7
14/01/1978,0.0,30.0,25.8,22.6
15/01/1978,0.0,32.0,26.4,23.8
16/01/1978,19.0,25.9,22.3,20.5
17/01/1978,50.4,26.6,22.8,21.2
18/01/1978,0.0,29.8,24.4,21.2
19/01/1978,0.0,28.5,24.6,23.1
20/01/1978,0.2,30.2,25.8,21.6
21/01/1978,0.0,30.0,24.8,21.4
22/01/1978,16.1,31.4,26.7,23.1
23/01/1978,0.0,31.0,25.8,23.2
24/01/1978,0.0,32.0,27.0,22.2
25/01/1978,1.8,31.3,25.2,21.2
26/01/1978,0.0,28.6,25.0,22.8
27/01/1978,2.8,31.0,26.0,21.9
28/01/1978,0.0,30.8,25.0,21.1
29/01/1978,13.0,31.0,26.1,22.6
30/01/1978,0.0,30.2,25.6,22.3
31/01/1978,0.0,28.6,24.9,22.5
01/02/1978,7.1,31.0,25.8,23.8
02/02/1978,0.5,31.0,26.3,23.8
03/02/1978,9.0,29.4,25.0,22.0
04/02/1978,7.5,30.0,24.9,22.0
05/02/1978,8.0,30.2,24.6,21.0
06/02/1978,20.6,27.9,24.4,22.0
07/02/1978,4.8,31.5,26.1,21.6
08/02/1978,0.0,32.2,27.6,23.2
09/02/1978,1.6,31.0,26.6,23.6
10/02/1978,0.0,31.0,25.8,24.0
11/02/1978,0.0,31.0,26.6,23.2
12/02/1978,0.0,31.0,27.3,24.5
13/02/1978,26.8,26.0,23.3,21.0
14/02/1978,22.2,30.2,25.4,21.0
15/02/1978,0.0,31.0,26.2,23.0
16/02/1978,2.5,30.0,25.0,23.2
17/02/1978,3.4,29.1,24.6,22.4
18/02/1978,9.6,30.4,25.5,22.8
19/02/1978,5.6,29.8,24.9,22.4
20/02/1978,3.6,30.2,25.7,23.0
21/02/1978,1.6,30.2,25.2,23.0
22/02/1978,10.2,26.4,24.4,22.2
23/02/1978,9.7,29.0,24.7,22.4
24/02/1978,0.0,29.4,25.1,22.6
25/02/1978,0.6,30.0,25.3,22.8
26/02/1978,3.4,32.0,26.2,22.6
27/02/1978,15.6,26.7,24.1,22.8
28/02/1978,6.4,28.7,25.8,23.6
01/03/1978,0.8,30.0,25.8,23.0
02/03/1978,0.3,30.6,26.0,22.6
03/03/1978,0.0,30.0,25.0,23.2
04/03/1978,0.0,30.0,24.9,22.0
05/03/1978,2.0,28.1,24.3,22.2
06/03/1978,39.0,25.9,23.3,21.4
07/03/1978,1.0,29.8,25.1,22.4
08/03/1978,0.8,29.8,24.7,22.0
09/03/1978,10.6,30.0,24.6,22.2
10/03/1978,0.0,31.2,24.8,20.3
11/03/1978,0.0,31.6,26.1,20.3
12/03/1978,0.0,29.8,25.2,21.8
13/03/1978,16.6,30.6,25.5,22.6
14/03/1978,29.4,28.1,24.3,22.2
15/03/1978,0.7,26.5,24.0,22.4
16/03/1978,10.4,26.5,23.3,21.6
17/03/1978,0.2,29.4,24.6,22.0
18/03/1978,0.0,30.2,24.6,21.8
19/03/1978,2.0,29.1,25.1,22.4
20/03/1978,13.4,30.2,24.6,21.4
21/03/1978,0.0,30.6,25.5,22.0
22/03/1978,0.0,29.0,24.9,22.2
23/03/1978,2.8,25.5,23.7,21.9
24/03/1978,7.5,29.2,24.6,21.8
25/03/1978,2.3,30.2,25.1,21.2
26/03/1978,0.0,29.8,25.4,22.1
27/03/1978,0.0,29.2,24.8,23.0
28/03/1978,7.8,26.3,23.9,22.3
29/03/1978,0.9,29.0,24.7,23.2
30/03/1978,47.6,27.3,23.9,21.2
31/03/1978,19.0,28.1,24.0,21.4
01/04/1978,0.2,29.0,24.3,22.0
02/04/1978,2.0,30.2,25.3,22.4
03/04/1978,0.0,29.4,24.8,22.0
04/04/1978,132.4,25.2,22.6,21.5
05/04/1978,25.7,29.0,24.3,21.8
06/04/1978,0.0,30.4,25.6,23.0
07/04/1978,5.0,30.6,26.1,22.8
08/04/1978,9.4,29.7,25.2,22.0
09/04/1978,4.4,28.8,23.9,20.5
10/04/1978,64.2,28.2,24.4,21.6
11/04/1978,2.3,30.6,25.2,22.6
12/04/1978,0.0,30.6,25.6,21.6
13/04/1978,4.2,29.8,25.4,23.6
14/04/1978,0.5,28.2,24.6,22.4
15/04/1978,8.1,30.2,25.4,23.2
16/04/1978,1.7,30.0,25.5,22.6
17/04/1978,5.8,25.7,24.0,22.4
18/04/1978,8.0,30.1,24.8,21.3
19/04/1978,4.0,29.3,24.5,22.1
20/04/1978,10.8,29.4,25.1,22.1
21/04/1978,4.8,30.2,25.6,22.8
22/04/1978,0.0,29.6,25.3,21.6
23/04/1978,0.0,31.2,25.6,22.2
24/04/1978,9.5,29.2,25.2,21.8
25/04/1978,1.0,29.1,24.0,21.8
26/04/1978,6.4,29.2,24.1,20.6
27/04/1978,0.0,31.4,25.3,21.6
28/04/1978,0.0,31.6,25.5,22.0
29/04/1978,0.0,30.0,24.4,20.8
30/04/1978,0.7,29.6,24.2,20.0
01/05/1978,22.5,29.8,24.6,21.0
02/05/1978,0.0,30.4,25.1,22.0
03/05/1978,32.0,27.7,24.2,22.2
04/05/1978,6.7,31.2,25.1,22.2
05/05/1978,11.2,28.7,24.5,21.6
06/05/1978,4.0,28.8,24.8,21.8
07/05/1978,14.6,27.8,23.7,20.7
08/05/1978,3.0,29.0,24.4,21.6
09/05/1978,5.0,28.2,24.0,21.8
10/05/1978,18.9,28.0,23.6,21.0
11/05/1978,0.6,30.0,24.4,21.0
12/05/1978,0.0,29.0,24.5,21.6
13/05/1978,31.8,29.4,24.7,21.2
14/05/1978,2.7,29.0,23.9,20.8
15/05/1978,3.7,27.7,24.6,21.7
16/05/1978,2.2,29.9,25.3,22.0
17/05/1978,0.0,29.2,24.3,21.6
18/05/1978,2.8,30.2,24.6,20.8
19/05/1978,2.8,31.0,25.9,21.8
20/05/1978,0.0,31.2,25.4,22.6
21/05/1978,11.4,29.5,25.1,21.9
22/05/1978,6.2,30.0,24.8,22.4
23/05/1978,5.8,27.8,24.4,22.2
24/05/1978,7.6,29.2,24.5,22.0
25/05/1978,3.0,31.0,25.4,22.6
26/05/1978,0.0,32.0,25.4,21.4
27/05/1978,8.5,28.7,24.2,21.0
28/05/1978,11.0,29.2,24.5,22.0
29/05/1978,3.6,29.1,24.3,21.6
30/05/1978,3.0,30.3,25.1,21.4
31/05/1978,0.0,31.2,24.9,21.0
01/06/1978,16.0,26.9,23.8,22.0
02/06/1978,5.8,30.2,25.8,23.0
03/06/1978,22.7,30.5,24.9,20.8
04/06/1978,8.2,31.0,25.7,22.6
05/06/1978,0.0,30.0,24.3,21.0
06/06/1978,0.0,31.0,23.9,19.4
07/06/1978,1.0,30.8,24.2,20.0
08/06/1978,0.3,29.1,23.7,20.0
09/06/1978,6.0,30.0,24.5,21.0
10/06/1978,0.8,30.0,24.0,20.4
11/06/1978,9.0,29.8,23.8,19.6
12/06/1978,0.4,28.9,23.8,19.9
13/06/1978,4.0,30.2,24.6,21.0
14/06/1978,0.0,29.5,24.4,21.6
15/06/1978,0.0,29.4,24.7,20.4
16/06/1978,0.0,32.0,24.4,20.0
17/06/1978,2.0,30.2,24.2,20.0
18/06/1978,6.0,29.8,24.0,21.4
19/06/1978,3.4,30.5,24.9,21.2
20/06/1978,1.5,30.0,24.8,20.6
21/06/1978,0.1,30.2,24.6,21.0
22/06/1978,0.0,31.2,25.6,21.0
23/06/1978,0.0,32.0,26.0,19.0
24/06/1978,0.0,31.0,25.4,23.0
25/06/1978,0.0,31.6,25.4,21.6
26/06/1978,0.0,31.4,24.8,20.8
27/06/1978,0.0,31.0,24.8,21.2
28/06/1978,0.0,32.1,25.2,21.2
29/06/1978,0.0,31.5,25.0,19.6
30/06/1978,0.6,32.0,25.9,21.0
01/07/1978,2.8,28.1,24.6,20.8
02/07/1978,2.0,31.3,25.3,21.2
03/07/1978,1.4,29.6,23.7,21.0
04/07/1978,8.2,29.1,24.2,19.4
05/07/1978,0.0,30.0,24.6,21.0
06/07/1978,2.0,30.1,24.4,20.9
07/07/1978,1.0,30.1,24.3,20.4
08/07/1978,0.0,30.2,25.0,20.4
09/07/1978,2.0,28.5,24.0,21.2
10/07/1978,2.0,30.0,24.6,21.4
11/07/1978,1.8,30.6,24.9,20.4
12/07/1978,2.1,29.8,24.5,21.8
13/07/1978,22.0,28.0,23.0,20.4
14/07/1978,10.4,30.5,24.1,19.0
15/07/1978,0.0,31.5,24.6,20.2
16/07/1978,0.0,31.5,24.7,19.7
17/07/1978,0.0,29.8,24.8,21.6
18/07/1978,0.3,30.4,24.9,20.6
19/07/1978,0.0,31.2,25.2,20.2
20/07/1978,0.0,31.4,24.5,20.6
21/07/1978,0.0,30.7,24.3,19.6
22/07/1978,0.0,30.8,25.2,21.0
23/07/1978,0.2,28.7,23.9,20.2
24/07/1978,4.0,30.2,24.0,19.2
25/07/1978,0.0,30.6,24.9,19.2
26/07/1978,0.0,31.0,23.3,19.2
27/07/1978,15.5,30.1,24.3,19.8
28/07/1978,1.0,30.4,24.4,20.6
29/07/1978,0.8,30.4,24.2,20.6
30/07/1978,8.2,30.8,25.2,21.2
31/07/1978,0.0,30.4,25.3,21.4
01/08/1978,71.3,30.0,23.7,20.4
02/08/1978,5.2,30.4,24.2,19.2
03/08/1978,0.0,31.0,23.9,18.0
04/08/1978,0.0,31.4,24.4,19.4
05/08/1978,0.0,31.6,24.7,18.2
06/08/1978,0.0,32.0,24.6,19.0
07/08/1978,0.0,31.4,25.2,20.0
08/08/1978,0.0,31.5,25.0,19.6
09/08/1978,0.0,31.2,24.8,20.0
10/08/1978,0.0,32.8,26.2,20.0
11/08/1978,0.0,31.4,27.8,23.2
12/08/1978,0.0,31.6,26.7,22.6
13/08/1978,0.0,30.9,27.4,24.0
14/08/1978,2.1,30.0,25.4,22.8
15/08/1978,0.0,33.0,24.7,19.6
16/08/1978,0.0,29.2,24.0,18.6
17/08/1978,0.0,25.1,22.2,20.4
18/08/1978,11.4,28.5,22.9,18.2
19/08/1978,0.0,29.1,23.9,19.6
20/08/1978,15.4,27.1,22.9,19.6
21/08/1978,0.0,30.1,24.0,20.2
22/08/1978,0.0,31.0,24.2,18.6
23/08/1978,0.0,31.2,24.3,19.6
24/08/1978,0.0,32.0,25.0,19.4
25/08/1978,0.0,31.4,25.5,19.7
26/08/1978,0.0,31.3,26.0,21.4
27/08/1978,0.0,30.7,25.0,20.4
28/08/1978,0.0,31.0,24.7,20.0
29/08/1978,0.0,31.6,24.7,20.6
30/08/1978,0.0,31.6,24.9,19.4
31/08/1978,2.2,32.0,25.1,20.9
01/09/1978,0.0,31.6,25.6,21.6
02/09/1978,0.0,31.4,26.1,20.0
03/09/1978,0.0,31.8,25.1,20.4
04/09/1978,0.0,31.9,25.9,20.8
05/09/1978,0.5,30.2,24.6,20.6
06/09/1978,19.2,33.3,25.9,19.8
07/09/1978,0.0,31.4,25.6,21.0
08/09/1978,0.0,31.5,25.7,20.3
09/09/1978,0.0,31.7,25.1,21.8
10/09/1978,0.0,31.6,25.6,21.3
11/09/1978,0.0,31.4,24.6,19.6
12/09/1978,0.5,31.8,25.9,20.7
13/09/1978,0.0,31.6,25.0,20.2
14/09/1978,0.0,31.8,25.5,20.2
15/09/1978,0.0,32.0,25.4,21.0
16/09/1978,0.0,31.3,25.1,20.2
17/09/1978,0.0,31.4,25.4,21.5
18/09/1978,0.0,31.2,25.0,21.6
19/09/1978,0.0,32.0,25.7,20.2
20/09/1978,0.0,31.2,25.1,20.8
21/09/1978,0.0,31.9,25.3,21.2
22/09/1978,0.0,31.7,25.8,21.7
23/09/1978,1.0,31.9,25.0,21.3
24/09/1978,1.9,31.3,25.6,21.0
25/09/1978,0.6,31.7,25.4,20.6
26/09/1978,0.0,32.7,25.9,21.7
27/09/1978,0.0,32.0,25.6,21.2
28/09/1978,0.0,30.8,25.6,22.6
29/09/1978,0.0,31.6,25.5,21.0
30/09/1978,1.1,31.2,25.1,21.5
01/10/1978,0.3,31.2,24.9,20.1
02/10/1978,0.0,31.2,25.2,20.3
03/10/1978,0.0,32.0,25.9,19.8
04/10/1978,0.0,32.5,25.3,21.9
05/10/1978,16.4,30.8,24.7,20.2
06/10/1978,0.0,31.0,25.4,21.6
07/10/1978,0.0,31.8,25.6,20.9
08/10/1978,0.0,31.9,25.6,21.4
09/10/1978,0.0,32.1,25.7,21.4
10/10/1978,0.0,31.7,27.5,21.0
11/10/1978,0.0,32.1,25.8,21.4
12/10/1978,0.0,31.7,25.8,21.7
13/10/1978,0.0,32.3,26.0,20.1
14/10/1978,0.0,32.8,25.9,21.0
15/10/1978,0.0,32.5,26.5,21.8
16/10/1978,0.0,32.3,26.2,22.3
17/10/1978,0.0,31.7,26.3,22.2
18/10/1978,0.0,33.3,26.3,21.5
19/10/1978,0.0,32.5,26.0,22.6
20/10/1978,0.0,31.2,24.8,21.2
21/10/1978,0.0,31.9,25.5,21.4
22/10/1978,4.0,32.0,25.5,22.1
23/10/1978,2.6,32.2,25.7,19.8
24/10/1978,0.0,31.9,25.6,20.7
25/10/1978,8.0,30.8,25.1,21.6
26/10/1978,0.0,31.8,25.2,20.2
27/10/1978,0.0,32.4,25.4,20.2
28/10/1978,0.0,32.4,25.4,20.0
29/10/1978,0.0,33.4,26.3,21.6
30/10/1978,0.0,32.0,26.2,22.4
31/10/1978,0.0,33.0,26.5,21.0
01/11/1978,0.0,32.8,26.4,22.0
02/11/1978,0.0,32.6,26.2,22.6
03/11/1978,0.0,33.0,26.2,20.2
04/11/1978,0.0,32.6,25.9,21.5
05/11/1978,0.0,33.9,26.3,19.6
06/11/1978,0.0,34.0,25.8,19.6
07/11/1978,0.0,33.3,26.5,20.4
08/11/1978,0.0,33.0,26.7,22.3
09/11/1978,0.0,31.4,25.9,21.8
10/11/1978,0.0,32.4,25.8,20.2
11/11/1978,0.0,33.0,26.4,22.0
12/11/1978,0.0,33.0,26.6,22.0
13/11/1978,0.0,31.2,24.8,21.4
14/11/1978,1.9,32.2,26.0,20.5
15/11/1978,0.0,32.8,26.1,21.0
16/11/1978,5.0,32.1,26.1,21.4
17/11/1978,0.0,32.8,26.1,21.7
18/11/1978,0.0,33.5,26.2,21.2
19/11/1978,26.4,33.3,27.2,22.3
20/11/1978,0.0,31.2,25.5,19.0
21/11/1978,0.0,31.8,25.9,22.0
22/11/1978,0.0,32.4,26.1,20.4
23/11/1978,0.0,33.0,26.8,23.4
24/11/1978,0.0,32.2,25.8,20.4
25/11/1978,0.0,33.4,26.0,20.6
26/11/1978,0.0,31.6,26.0,22.2
27/11/1978,0.0,32.4,25.9,20.0
28/11/1978,0.0,31.9,26.1,22.2
29/11/1978,0.0,33.3,26.8,21.9
30/11/1978,3.4,28.5,25.3,22.7
01/12/1978,6.0,27.5,24.0,20.9
02/12/1978,0.0,32.4,26.0,21.1
03/12/1978,0.0,27.9,24.6,22.4
04/12/1978,0.2,31.8,26.2,22.4
05/12/1978,0.0,30.2,24.9,21.4
06/12/1978,14.8,31.7,25.8,20.4
07/12/1978,0.0,26.8,24.4,22.4
08/12/1978,0.4,29.8,24.6,21.2
09/12/1978,0.0,31.8,25.3,21.4
10/12/1978,0.0,31.2,25.2,21.2
11/12/1978,0.0,28.9,24.2,20.5
12/12/1978,0.0,30.2,24.4,20.2
13/12/1978,1.7,31.3,25.2,21.6
14/12/1978,5.8,31.7,26.6,22.6
15/12/1978,0.0,30.9,25.4,21.6
16/12/1978,0.0,32.8,26.2,20.8
17/12/1978,0.0,32.8,25.6,20.0
18/12/1978,0.0,32.8,26.7,22.2
19/12/1978,0.3,28.7,24.1,18.0
20/12/1978,0.0,32.0,26.5,20.6
21/12/1978,100.4,27.6,23.9,21.4
22/12/1978,8.8,28.5,23.3,16.0
23/12/1978,0.0,30.2,25.0,21.2
24/12/1978,0.0,30.0,25.4,22.0
25/12/1978,0.0,30.4,24.6,21.2
26/12/1978,0.6,30.7,25.4,21.4
27/12/1978,0.0,31.9,25.7,18.0
28/12/1978,0.0,31.8,25.8,21.4
29/12/1978,0.0,31.5,25.8,20.5
30/12/1978,1.5,31.2,25.4,21.4
31/12/1978,0.0,31.8,26.2,21.7
01/01/1979,0.0,31.9,25.5,21.5
02/01/1979,0.0,32.1,25.7,21.3
03/01/1979,12.0,31.5,25.1,21.4
04/01/1979,0.6,32.0,25.9,22.0
05/01/1979,0.0,32.4,25.5,20.4
06/01/1979,2.4,27.1,24.1,21.3
07/01/1979,21.0,29.4,25.0,21.0
08/01/1979,0.0,31.1,25.9,21.6
09/01/1979,37.4,30.3,25.3,22.0
10/01/1979,21.1,31.3,25.6,21.5
11/01/1979,0.0,31.6,25.3,20.4
12/01/1979,0.0,31.6,25.4,20.4
13/01/1979,1.4,30.8,25.0,20.5
14/01/1979,0.0,31.3,26.7,22.6
15/01/1979,0.0,32.0,26.1,21.6
16/01/1979,23.0,29.8,25.0,21.1
17/01/1979,1.0,27.3,24.1,21.4
18/01/1979,0.0,27.9,24.5,21.6
19/01/1979,19.2,27.7,23.8,20.3
20/01/1979,0.0,30.6,25.2,20.8
21/01/1979,0.6,31.5,26.1,22.5
22/01/1979,1.0,31.0,25.2,22.3
23/01/1979,0.0,31.7,25.6,20.7
24/01/1979,1.0,30.0,25.4,22.5
25/01/1979,0.0,31.8,25.1,21.2
26/01/1979,2.1,31.9,26.0,21.2
27/01/1979,1.6,31.6,25.8,21.1
28/01/1979,0.8,30.1,,
29/01/1979,23.5,29.1,,
30/01/1979,2.0,30.6,,
31/01/1979,10.8,26.9,,
01/02/1979,5.8,30.4,,
02/02/1979,69.2,30.4,,
03/02/1979,0.0,30.1,,
04/02/1979,55.2,29.4,,
05/02/1979,0.0,29.9,,
06/02/1979,19.2,27.9,,
07/02/1979,3.0,28.8,,
08/02/1979,1.0,29.5,,
09/02/1979,2.0,30.1,,
10/02/1979,7.0,29.0,,
11/02/1979,3.5,28.4,,
12/02/1979,21.3,29.8,,
13/02/1979,13.1,30.2,,
14/02/1979,1.6,29.8,,
15/02/1979,0.0,30.1,,
16/02/1979,0.0,31.0,,
17/02/1979,0.0,30.8,,
18/02/1979,0.0,29.1,,
19/02/1979,0.0,29.1,,
20/02/1979,21.5,30.0,,
21/02/1979,10.0,29.8,,
22/02/1979,73.0,26.3,,
23/02/1979,43.5,26.3,,
24/02/1979,49.4,26.3,,
25/02/1979,12.1,24.6,,
26/02/1979,7.0,28.7,,
27/02/1979,0.0,28.2,,
28/02/1979,2.4,23.6,,
01/03/1979,39.0,27.7,,
02/03/1979,0.0,30.0,,
03/03/1979,0.0,31.5,,
04/03/1979,0.1,30.8,,
05/03/1979,0.0,30.8,,
06/03/1979,0.0,31.0,,
07/03/1979,0.0,31.3,,
08/03/1979,0.0,28.6,,
09/03/1979,3.7,31.0,,
10/03/1979,27.6,29.2,,
11/03/1979,14.6,29.8,,
12/03/1979,5.0,29.0,,
13/03/1979,32.0,29.1,,
14/03/1979,3.8,29.9,,
15/03/1979,0.5,28.7,,
16/03/1979,32.6,29.5,,
17/03/1979,23.7,28.9,,
18/03/1979,1.0,30.2,,
19/03/1979,0.0,29.4,,
20/03/1979,12.3,25.1,,
21/03/1979,10.7,28.5,,
22/03/1979,3.6,30.7,,
23/03/1979,0.0,29.2,,
24/03/1979,0.0,31.2,,
25/03/1979,9.7,30.6,,
26/03/1979,4.4,31.3,,
27/03/1979,0.0,28.9,,
28/03/1979,27.0,29.1,,
29/03/1979,0.0,30.6,,
30/03/1979,0.0,30.6,,
31/03/1979,3.4,29.7,,
01/04/1979,18.0,30.8,,
02/04/1979,0.5,30.4,,
03/04/1979,0.6,31.3,,
04/04/1979,2.6,31.3,,
05/04/1979,0.0,31.3,,
06/04/1979,8.0,31.0,,
07/04/1979,0.0,30.8,,
08/04/1979,0.0,27.2,,
09/04/1979,16.1,31.7,,
10/04/1979,25.0,30.4,,
11/04/1979,2.0,30.2,,
12/04/1979,0.0,32.0,,
13/04/1979,0.1,30.0,,
14/04/1979,3.5,29.9,,
15/04/1979,4.6,29.5,,
16/04/1979,18.8,26.5,,
17/04/1979,7.8,25.9,,
18/04/1979,4.6,30.2,,
19/04/1979,2.3,29.0,,
20/04/1979,7.9,29.4,,
21/04/1979,0.0,31.0,,
22/04/1979,0.0,30.4,,
23/04/1979,0.0,31.0,,
24/04/1979,70.5,26.0,,
25/04/1979,42.6,30.1,,
26/04/1979,2.0,30.1,,
27/04/1979,0.0,30.6,,
28/04/1979,3.8,28.9,,
29/04/1979,10.8,29.9,,
30/04/1979,9.0,27.1,,
01/05/1979,54.7,29.0,,
02/05/1979,5.8,30.0,,
03/05/1979,0.0,31.0,,
04/05/1979,1.0,30.8,,
05/05/1979,0.0,30.8,,
06/05/1979,0.0,29.8,,
07/05/1979,3.0,30.3,,
08/05/1979,5.6,30.8,,
09/05/1979,0.0,31.3,,
10/05/1979,0.0,29.9,,
11/05/1979,4.2,30.0,,
12/05/1979,6.0,28.2,,
13/05/1979,9.4,28.1,,
14/05/1979,34.6,29.0,,
15/05/1979,21.1,30.0,,
16/05/1979,10.5,30.0,24.8,21.1
17/05/1979,9.6,28.7,24.5,21.5
18/05/1979,0.3,29.6,25.0,21.3
19/05/1979,3.6,29.6,25.5,22.9
20/05/1979,9.4,28.4,24.7,22.9
21/05/1979,0.9,29.8,25.4,21.9
22/05/1979,21.3,30.2,25.6,22.6
23/05/1979,0.4,29.8,25.0,21.0
24/05/1979,14.8,28.7,24.7,22.4
25/05/1979,3.0,29.0,24.7,20.4
26/05/1979,0.8,29.6,24.6,22.0
27/05/1979,4.0,30.0,25.1,21.4
28/05/1979,0.0,28.7,24.6,20.9
29/05/1979,49.0,29.3,24.4,21.9
30/05/1979,2.2,30.6,24.7,21.5
31/05/1979,11.0,29.2,24.8,21.3
01/06/1979,15.2,26.7,24.1,20.7
02/06/1979,2.7,29.1,24.0,20.9
03/06/1979,41.0,29.6,24.0,21.0
04/06/1979,8.2,30.2,24.9,21.0
05/06/1979,4.5,30.6,25.8,21.4
06/06/1979,0.0,31.0,25.5,21.8
07/06/1979,0.0,31.0,25.6,21.4
08/06/1979,0.0,29.3,24.8,20.9
09/06/1979,1.0,30.5,25.4,21.9
10/06/1979,0.0,29.7,24.8,20.8
11/06/1979,2.2,29.6,24.9,21.8
12/06/1979,0.0,30.2,24.8,21.6
13/06/1979,11.3,30.6,25.2,21.7
14/06/1979,0.0,31.0,24.9,21.3
15/06/1979,0.0,30.8,24.7,19.9
16/06/1979,2.0,30.4,24.9,21.1
17/06/1979,0.0,30.0,24.8,22.4
18/06/1979,0.0,30.7,25.1,21.5
19/06/1979,0.0,31.1,25.4,22.2
20/06/1979,0.0,31.3,25.0,21.0
21/06/1979,0.0,31.8,25.5,20.6
22/06/1979,0.0,31.4,25.5,22.3
23/06/1979,0.0,31.6,25.9,21.9
24/06/1979,0.0,31.6,25.2,20.7
25/06/1979,0.0,31.6,25.7,20.5
26/06/1979,0.0,31.6,25.8,22.7
27/06/1979,0.0,32.2,25.0,20.5
28/06/1979,0.0,31.0,25.3,20.9
29/06/1979,9.8,30.0,24.8,22.1
30/06/1979,6.0,29.8,24.6,19.5
01/07/1979,0.0,31.0,25.1,22.3
02/07/1979,0.0,30.6,25.0,21.0
03/07/1979,3.5,28.9,24.1,20.0
04/07/1979,0.2,30.0,24.7,20.4
05/07/1979,0.0,30.2,24.4,20.9
06/07/1979,2.6,31.3,24.8,20.4
07/07/1979,0.0,30.8,23.7,18.7
08/07/1979,0.0,32.0,23.9,19.0
09/07/1979,0.0,31.6,25.4,19.3
10/07/1979,0.0,31.5,24.6,21.1
11/07/1979,10.6,30.8,24.6,21.8
12/07/1979,12.6,28.3,23.7,21.1
13/07/1979,0.0,30.8,24.6,20.7
14/07/1979,1.7,29.8,24.3,21.5
15/07/1979,7.0,30.8,25.0,21.5
16/07/1979,0.5,30.6,24.4,21.9
17/07/1979,0.0,30.5,24.4,19.9
18/07/1979,0.0,30.8,24.8,19.5
19/07/1979,0.0,30.6,24.4,20.8
20/07/1979,0.0,31.0,24.6,19.4
21/07/1979,0.0,30.6,24.4,19.2
22/07/1979,0.0,31.0,24.7,20.3
23/07/1979,0.0,30.8,24.8,19.7
24/07/1979,0.0,30.9,25.6,21.5
25/07/1979,0.0,30.7,25.1,20.9
26/07/1979,0.0,31.6,24.7,19.1
27/07/1979,0.0,31.8,25.1,20.5
28/07/1979,0.0,31.6,25.3,22.1
29/07/1979,0.0,30.6,24.9,21.3
30/07/1979,2.0,31.3,25.7,20.9
31/07/1979,0.0,31.6,26.3,22.2
01/08/1979,0.0,29.7,24.8,21.3
02/08/1979,4.0,31.6,24.5,20.0
03/08/1979,2.4,31.7,25.0,20.3
04/08/1979,0.0,31.7,25.7,20.7
05/08/1979,6.0,30.5,25.4,21.9
06/08/1979,0.0,30.6,24.9,20.5
07/08/1979,0.0,32.0,24.9,19.1
08/08/1979,0.0,32.0,25.6,20.1
09/08/1979,0.0,30.4,24.8,20.5
10/08/1979,0.0,30.0,23.9,20.1
11/08/1979,0.0,31.0,25.0,19.9
12/08/1979,34.0,30.0,24.6,21.1
13/08/1979,1.0,30.0,24.7,21.5
14/08/1979,0.0,30.2,25.2,21.7
15/08/1979,0.0,31.0,25.8,22.5
16/08/1979,0.0,31.5,25.5,21.1
17/08/1979,0.0,31.2,25.8,22.0
18/08/1979,0.0,31.7,25.4,20.9
19/08/1979,0.0,32.0,25.4,22.2
20/08/1979,0.0,30.6,24.8,20.7
21/08/1979,0.2,30.0,24.5,20.3
22/08/1979,45.5,27.5,23.2,20.9
23/08/1979,19.8,30.2,24.3,20.1
24/08/1979,0.0,29.8,24.5,19.9
25/08/1979,0.0,31.2,25.4,22.1
26/08/1979,0.0,32.0,25.7,22.2
27/08/1979,0.0,31.6,25.6,21.3
28/08/1979,2.8,30.4,24.1,21.9
29/08/1979,0.0,30.5,25.2,21.7
30/08/1979,0.4,31.4,25.0,21.2
31/08/1979,0.0,31.0,24.6,21.4
01/09/1979,20.0,29.8,23.6,19.9
02/09/1979,9.6,30.7,24.7,20.6
03/09/1979,0.0,31.6,25.2,21.9
04/09/1979,0.0,31.9,25.9,22.3
05/09/1979,0.0,30.8,25.3,22.1
06/09/1979,3.5,30.8,24.7,21.9
07/09/1979,2.0,30.0,24.2,21.2
08/09/1979,0.0,30.9,24.9,20.3
09/09/1979,0.6,31.0,25.2,21.5
10/09/1979,0.0,31.4,24.3,19.5
11/09/1979,2.8,31.6,25.1,19.9
12/09/1979,0.0,31.4,25.7,21.9
13/09/1979,2.0,31.4,25.0,21.5
14/09/1979,0.0,32.6,25.5,19.9
15/09/1979,0.0,32.6,25.6,21.7
16/09/1979,1.2,31.8,25.8,21.9
17/09/1979,14.8,30.4,23.7,20.3
18/09/1979,0.0,32.0,25.4,20.1
19/09/1979,0.0,31.8,25.7,21.5
20/09/1979,0.8,32.0,25.3,20.5
21/09/1979,0.0,31.0,25.5,20.9
22/09/1979,5.6,30.4,24.7,21.3
23/09/1979,2.0,30.4,24.7,21.3
24/09/1979,2.7,31.4,26.1,21.3
25/09/1979,0.0,31.2,25.0,21.1
26/09/1979,0.0,31.4,25.5,21.3
27/09/1979,0.0,32.2,25.7,20.3
28/09/1979,0.0,32.0,25.6,21.5
29/09/1979,0.0,32.0,25.6,21.5
30/09/1979,0.2,31.2,25.7,22.2
01/10/1979,0.0,31.6,25.7,20.9
02/10/1979,0.0,31.8,25.7,22.1
03/10/1979,1.0,30.8,25.5,21.2
04/10/1979,0.0,31.9,25.9,22.1
05/10/1979,0.0,31.7,26.0,21.9
06/10/1979,0.0,31.4,25.6,22.5
07/10/1979,0.0,32.4,25.9,22.1
08/10/1979,0.0,32.4,26.2,22.7
09/10/1979,0.0,32.0,25.9,21.9
10/10/1979,0.0,32.3,26.4,22.7
11/10/1979,0.0,32.8,26.2,22.5
12/10/1979,0.0,33.0,26.3,21.1
13/10/1979,0.0,32.4,26.3,22.3
14/10/1979,0.0,32.2,26.8,22.9
15/10/1979,0.0,32.8,26.4,22.9
16/10/1979,0.0,32.8,26.1,21.9
17/10/1979,0.0,33.4,26.2,20.6
18/10/1979,5.2,30.6,25.1,22.9
19/10/1979,14.8,30.2,24.8,20.7
20/10/1979,0.0,29.6,24.8,21.7
21/10/1979,6.6,30.2,25.4,22.7
22/10/1979,0.0,30.4,24.4,21.5
23/10/1979,0.0,31.6,26.1,21.5
24/10/1979,6.0,31.0,25.7,22.2
25/10/1979,5.0,31.2,25.9,22.6
26/10/1979,0.4,30.4,26.2,23.0
27/10/1979,0.0,30.5,25.7,23.8
28/10/1979,0.0,32.4,26.1,22.5
29/10/1979,0.0,31.4,25.7,21.7
30/10/1979,0.0,32.4,26.0,20.9
31/10/1979,0.0,32.0,26.1,22.3
01/11/1979,0.0,32.2,25.9,22.1
02/11/1979,0.0,31.2,26.3,22.9
03/11/1979,0.0,32.8,26.1,21.9
04/11/1979,0.0,33.2,26.8,22.1
05/11/1979,0.0,31.2,25.7,21.7
06/11/1979,0.0,32.8,26.7,21.8
07/11/1979,0.0,32.4,26.1,21.4
08/11/1979,0.0,32.5,26.2,20.9
09/11/1979,0.0,32.5,26.8,24.2
10/11/1979,0.0,32.8,27.0,22.9
11/11/1979,0.0,32.7,27.1,22.9
12/11/1979,26.9,28.7,24.5,21.5
13/11/1979,5.2,31.2,25.9,21.1
14/11/1979,0.0,32.4,27.0,22.9
15/11/1979,0.0,32.0,26.3,22.7
16/11/1979,0.0,31.2,26.1,22.3
17/11/1979,106.6,27.8,24.0,21.5
18/11/1979,0.0,34.0,25.7,20.7
19/11/1979,0.0,31.2,25.4,22.1
20/11/1979,0.0,31.2,25.7,22.1
21/11/1979,0.0,31.2,25.2,22.1
22/11/1979,15.4,31.0,25.2,21.7
23/11/1979,0.0,31.0,25.5,21.1
24/11/1979,0.0,31.0,26.6,21.6
25/11/1979,0.0,32.2,25.8,20.7
26/11/1979,0.0,31.8,26.2,22.7
27/11/1979,0.0,32.4,25.9,20.4
28/11/1979,0.0,32.0,26.1,21.7
29/11/1979,0.0,31.9,25.9,21.7
30/11/1979,0.0,31.0,25.5,22.4
01/12/1979,0.0,30.8,24.9,22.3
02/12/1979,0.0,32.4,25.8,20.9
03/12/1979,0.0,32.4,25.7,22.9
04/12/1979,3.0,31.8,25.0,20.9
05/12/1979,17.7,32.4,26.0,22.0
06/12/1979,0.5,31.8,26.0,21.7
07/12/1979,0.0,32.1,26.2,21.3
08/12/1979,0.0,32.3,26.4,21.4
09/12/1979,0.0,32.0,26.0,22.7
10/12/1979,0.6,32.4,26.3,22.2
11/12/1979,0.0,32.2,26.4,22.0
12/12/1979,0.0,29.0,25.0,22.2
13/12/1979,4.0,31.1,25.5,22.0
14/12/1979,0.0,31.8,25.9,21.9
15/12/1979,0.0,29.2,25.3,22.7
16/12/1979,1.4,30.3,25.2,22.2
17/12/1979,0.0,29.9,24.8,21.8
18/12/1979,0.3,29.2,24.2,21.4
19/12/1979,37.5,25.8,23.1,20.8
20/12/1979,0.0,30.5,24.7,20.0
21/12/1979,0.8,29.7,25.6,21.5
22/12/1979,80.0,29.9,24.5,20.1
23/12/1979,0.0,31.1,25.2,21.2
24/12/1979,0.0,31.3,24.9,19.4
25/12/1979,0.0,31.3,24.6,19.5
26/12/1979,0.0,31.3,25.6,19.5
27/12/1979,0.0,31.1,26.0,21.8
28/12/1979,0.0,30.4,25.4,21.5
29/12/1979,2.5,30.7,24.5,21.0
30/12/1979,0.0,30.9,25.5,20.5
31/12/1979,0.0,31.6,25.8,21.9
01/01/1980,0.0,31.3,25.4,21.1
02/01/1980,0.0,31.3,25.9,21.9
03/01/1980,1.4,30.3,25.3,21.9
04/01/1980,0.0,31.0,26.1,22.0
05/01/1980,0.0,30.3,25.7,22.0
06/01/1980,0.0,30.9,25.8,21.9
07/01/1980,23.6,29.6,24.8,22.3
08/01/1980,5.0,29.9,24.8,21.0
09/01/1980,0.0,29.7,25.1,22.1
10/01/1980,18.2,27.6,23.5,21.2
11/01/1980,58.4,28.3,24.6,21.1
12/01/1980,51.8,26.0,23.4,21.2
13/01/1980,4.0,27.5,23.9,22.3
14/01/1980,50.4,26.2,23.3,21.4
15/01/1980,0.2,29.6,24.7,21.4
16/01/1980,0.0,31.3,24.7,20.8
17/01/1980,1.5,32.2,26.1,22.4
18/01/1980,0.0,30.7,25.2,20.5
19/01/1980,0.0,28.0,23.9,21.4
20/01/1980,0.4,31.4,24.7,20.2
21/01/1980,0.4,30.4,24.6,21.4
22/01/1980,7.8,29.7,25.3,21.6
23/01/1980,3.8,29.7,25.5,22.6
24/01/1980,13.4,33.0,27.2,21.9
25/01/1980,0.0,31.7,25.9,20.8
26/01/1980,0.0,30.9,25.7,21.2
27/01/1980,0.0,30.8,26.1,22.5
28/01/1980,0.0,29.9,25.9,22.6
29/01/1980,16.2,25.8,23.5,20.9
30/01/1980,3.6,29.5,25.0,22.0
31/01/1980,7.8,28.8,24.9,22.3
01/02/1980,12.2,29.7,25.2,22.8
02/02/1980,12.6,30.5,24.7,21.3
03/02/1980,4.6,28.8,24.2,21.5
04/02/1980,34.4,29.0,25.2,22.5
05/02/1980,0.0,29.2,24.9,21.5
06/02/1980,0.0,30.6,25.7,22.3
07/02/1980,0.0,31.0,25.4,21.3
08/02/1980,0.0,30.7,26.1,22.3
09/02/1980,0.0,29.1,25.5,22.9
10/02/1980,1.6,29.1,24.8,21.0
11/02/1980,0.6,30.7,25.6,21.5
12/02/1980,0.3,29.1,25.0,21.9
13/02/1980,0.2,30.2,25.3,21.9
14/02/1980,0.0,29.4,25.3,22.4
15/02/1980,3.2,29.9,25.0,21.5
16/02/1980,0.6,29.5,24.8,21.9
17/02/1980,3.0,29.8,25.0,22.1
18/02/1980,0.2,30.3,24.9,21.0
19/02/1980,0.0,30.3,24.9,20.0
20/02/1980,0.0,30.1,24.9,20.0
21/02/1980,0.6,31.2,25.7,22.5
22/02/1980,0.0,30.3,25.5,22.4
23/02/1980,0.0,30.7,25.7,22.2
24/02/1980,0.0,30.9,25.2,21.5
25/02/1980,0.0,30.1,25.7,22.2
26/02/1980,0.0,30.9,25.3,21.3
27/02/1980,0.0,30.4,25.7,21.8
28/02/1980,0.0,29.4,24.0,21.6
29/02/1980,11.0,29.4,24.4,21.6
01/03/1980,0.0,30.0,25.3,21.9
02/03/1980,15.4,30.2,24.2,19.9
03/03/1980,0.7,28.1,24.1,20.2
04/03/1980,2.4,29.9,25.5,23.3
05/03/1980,0.0,28.8,24.0,21.9
06/03/1980,6.1,30.1,24.7,20.7
07/03/1980,0.0,29.9,25.5,21.9
08/03/1980,30.7,27.0,23.5,21.4
09/03/1980,7.0,25.5,23.6,21.1
10/03/1980,17.0,29.2,24.5,21.3
11/03/1980,19.1,30.5,25.3,22.0
12/03/1980,0.0,30.1,25.1,21.9
13/03/1980,0.0,30.4,24.3,21.1
14/03/1980,7.6,31.0,25.4,21.5
15/03/1980,0.0,31.0,25.2,21.2
16/03/1980,0.0,30.1,25.6,22.3
17/03/1980,22.3,27.8,24.4,22.0
18/03/1980,23.9,27.4,23.6,21.3
19/03/1980,7.0,29.0,24.4,21.6
20/03/1980,37.6,25.6,23.3,21.2
21/03/1980,17.6,24.6,23.0,21.4
22/03/1980,24.2,29.5,24.6,21.4
23/03/1980,0.0,27.1,24.2,21.1
24/03/1980,46.2,31.4,25.3,22.1
25/03/1980,3.6,30.8,25.7,22.9
26/03/1980,9.5,29.8,25.0,22.7
27/03/1980,3.1,30.8,26.1,22.1
28/03/1980,2.7,30.5,26.0,22.3
29/03/1980,0.0,29.2,25.0,22.7
30/03/1980,24.4,30.2,25.3,21.1
31/03/1980,8.6,29.7,24.9,21.1
01/04/1980,0.6,30.8,25.5,21.3
02/04/1980,0.0,31.2,25.8,21.7
03/04/1980,24.8,29.6,24.5,21.5
04/04/1980,3.4,29.5,25.5,21.4
05/04/1980,2.4,29.4,24.2,21.5
06/04/1980,1.0,29.8,25.4,21.5
07/04/1980,94.9,26.5,23.8,21.4
08/04/1980,39.6,26.1,23.7,21.4
09/04/1980,18.0,30.6,25.0,20.0
10/04/1980,0.0,30.4,25.6,21.9
11/04/1980,0.0,30.6,25.4,21.4
12/04/1980,3.2,28.9,24.5,21.6
13/04/1980,23.7,26.7,24.0,21.3
14/04/1980,0.0,30.3,25.5,20.0
15/04/1980,0.0,30.3,24.9,21.4
16/04/1980,0.0,28.9,25.2,21.8
17/04/1980,0.0,31.2,25.6,21.0
18/04/1980,16.0,30.3,25.5,22.1
19/04/1980,5.8,30.4,25.5,22.6
20/04/1980,0.0,30.3,24.6,21.3
21/04/1980,5.4,28.3,25.1,21.5
22/04/1980,2.4,30.2,25.5,21.6
23/04/1980,0.0,30.0,25.3,23.1
24/04/1980,12.8,30.5,25.2,22.6
25/04/1980,11.0,29.5,25.4,21.9
26/04/1980,1.8,30.7,24.9,21.6
27/04/1980,13.2,28.9,24.3,21.2
28/04/1980,7.6,27.0,23.7,21.2
29/04/1980,6.9,30.3,25.1,21.2
30/04/1980,0.0,30.1,24.9,21.6
01/05/1980,0.0,30.7,25.8,22.3
02/05/1980,6.6,28.9,24.6,21.3
03/05/1980,0.0,30.2,24.7,21.8
04/05/1980,5.6,29.8,24.7,20.8
05/05/1980,8.8,29.4,25.0,21.3
06/05/1980,8.2,29.6,24.4,21.9
07/05/1980,4.8,30.4,24.9,21.1
08/05/1980,0.0,31.4,24.8,19.7
09/05/1980,0.0,31.6,25.7,20.5
10/05/1980,0.0,31.4,25.8,22.7
11/05/1980,0.6,31.4,26.3,21.7
12/05/1980,0.0,32.1,26.4,22.1
13/05/1980,0.0,31.3,26.0,21.9
14/05/1980,2.1,30.1,25.5,22.0
15/05/1980,0.0,31.7,25.1,21.3
16/05/1980,0.0,30.0,24.9,20.0
17/05/1980,12.7,28.9,24.5,20.9
18/05/1980,0.0,30.8,25.4,21.1
19/05/1980,0.8,30.9,25.5,21.8
20/05/1980,0.0,31.1,25.5,20.8
21/05/1980,0.0,31.3,25.9,22.2
22/05/1980,4.0,31.9,26.1,22.4
23/05/1980,9.4,29.9,25.7,22.2
24/05/1980,1.4,29.0,25.6,22.4
25/05/1980,0.0,29.0,24.3,21.2
26/05/1980,0.4,30.3,24.4,21.5
27/05/1980,8.2,29.9,25.1,21.6
28/05/1980,0.0,29.2,24.4,21.3
29/05/1980,12.3,31.2,25.1,21.8
30/05/1980,0.0,31.6,26.2,21.9
31/05/1980,0.0,27.8,24.5,22.5
01/06/1980,23.4,30.2,25.3,21.4
02/06/1980,0.0,27.8,24.2,22.1
03/06/1980,0.4,29.7,24.4,20.6
04/06/1980,15.0,29.5,24.7,21.5
05/06/1980,1.2,30.3,25.3,21.0
06/06/1980,7.2,28.6,24.2,21.4
07/06/1980,0.6,29.2,24.6,20.8
08/06/1980,6.2,30.2,24.4,21.3
09/06/1980,0.4,31.5,25.2,20.3
10/06/1980,0.0,31.6,25.9,21.2
11/06/1980,3.0,27.5,24.4,21.9
12/06/1980,0.0,29.8,24.1,19.4
13/06/1980,0.0,31.0,25.0,20.8
14/06/1980,0.0,31.2,25.2,21.2
15/06/1980,6.0,31.2,25.3,21.3
16/06/1980,0.0,30.3,25.2,20.0
17/06/1980,0.0,29.0,24.4,21.0
18/06/1980,0.0,30.9,25.1,20.6
19/06/1980,0.0,31.1,24.8,21.5
20/06/1980,0.6,30.5,24.6,20.8
21/06/1980,7.2,30.5,24.7,21.2
22/06/1980,0.0,30.7,24.9,20.6
23/06/1980,1.2,30.6,24.5,19.3
24/06/1980,0.4,30.8,25.4,20.8
25/06/1980,0.0,29.8,25.0,21.3
26/06/1980,0.0,30.8,25.2,22.0
27/06/1980,0.8,30.9,25.1,21.5
28/06/1980,0.0,31.8,25.2,19.3
29/06/1980,1.6,29.8,24.9,21.3
30/06/1980,0.9,29.2,23.9,20.8
01/07/1980,6.0,29.0,23.8,20.5
02/07/1980,0.0,30.9,25.7,20.9
03/07/1980,0.0,31.1,25.2,20.9
04/07/1980,3.0,30.1,24.5,20.7
05/07/1980,0.0,29.3,24.4,20.2
06/07/1980,0.0,28.3,23.4,19.0
07/07/1980,24.6,29.5,24.6,19.5
08/07/1980,1.6,31.2,25.4,19.8
09/07/1980,0.0,31.4,24.8,19.7
10/07/1980,0.3,31.8,25.2,19.1
11/07/1980,0.0,31.8,25.4,19.1
12/07/1980,1.4,28.5,24.4,21.3
13/07/1980,2.1,29.8,24.0,19.5
14/07/1980,0.0,29.5,23.2,18.8
15/07/1980,3.4,29.9,24.0,18.9
16/07/1980,0.0,30.9,25.5,20.9
17/07/1980,0.6,30.0,24.4,20.2
18/07/1980,0.0,31.1,24.8,20.2
19/07/1980,0.0,31.2,24.9,19.5
20/07/1980,0.0,31.8,24.7,19.8
21/07/1980,0.0,33.2,25.0,20.7
22/07/1980,0.0,31.2,24.6,19.5
23/07/1980,0.0,31.4,24.5,21.2
24/07/1980,3.2,31.7,25.5,21.3
25/07/1980,0.0,31.4,24.9,20.3
26/07/1980,0.0,31.6,25.5,20.1
27/07/1980,0.0,31.6,25.6,19.5
28/07/1980,0.0,30.7,24.4,19.4
29/07/1980,0.0,30.4,24.7,19.3
30/07/1980,3.2,31.5,25.8,21.9
31/07/1980,0.0,31.7,25.4,20.0
01/08/1980,0.0,31.9,25.7,20.3
02/08/1980,0.0,31.2,24.8,21.6
03/08/1980,35.0,28.6,24.4,19.7
04/08/1980,0.0,30.6,24.3,19.5
05/08/1980,0.0,30.8,25.7,21.7
06/08/1980,0.0,30.7,25.2,22.2
07/08/1980,4.2,32.1,25.9,21.6
08/08/1980,0.0,32.4,25.6,20.6
09/08/1980,0.0,31.8,25.3,21.5
10/08/1980,0.0,31.5,25.7,21.7
11/08/1980,0.0,30.6,24.6,20.4
12/08/1980,0.0,31.4,24.8,19.1
13/08/1980,0.0,31.9,24.9,18.7
14/08/1980,0.0,32.1,25.2,19.1
15/08/1980,0.0,31.5,25.4,21.1
16/08/1980,0.0,31.5,25.5,21.5
17/08/1980,0.0,31.9,25.4,20.6
18/08/1980,0.0,32.0,25.2,20.3
19/08/1980,0.0,31.7,25.2,20.7
20/08/1980,0.0,31.8,25.6,20.9
21/08/1980,0.0,31.2,25.3,21.7
22/08/1980,0.0,31.6,25.2,21.2
23/08/1980,0.0,32.8,25.8,20.2
24/08/1980,0.0,32.8,26.1,21.5
25/08/1980,0.0,31.9,25.6,21.9
26/08/1980,0.0,32.3,25.8,20.9
27/08/1980,0.0,32.4,26.4,21.5
28/08/1980,0.0,31.4,25.9,22.2
29/08/1980,0.0,31.9,25.1,20.7
30/08/1980,0.0,30.6,25.2,21.5
31/08/1980,0.0,29.1,24.4,21.2
01/09/1980,16.2,31.6,25.1,20.4
02/09/1980,0.0,32.4,25.4,20.3
03/09/1980,0.0,33.2,26.4,21.2
04/09/1980,0.0,32.8,26.6,22.6
05/09/1980,6.6,31.7,25.5,20.6
06/09/1980,0.0,32.1,26.4,22.0
07/09/1980,0.0,32.1,26.3,21.9
08/09/1980,0.0,32.4,26.3,22.3
09/09/1980,0.0,32.4,26.0,22.3
10/09/1980,0.0,32.3,25.6,21.1
11/09/1980,0.0,32.7,25.9,20.1
12/09/1980,0.0,32.1,26.3,22.4
13/09/1980,0.0,32.2,26.1,22.6
14/09/1980,0.0,32.9,26.6,21.9
15/09/1980,0.0,32.8,26.3,21.3
16/09/1980,0.0,33.0,26.7,22.5
17/09/1980,0.3,33.4,26.3,22.3
18/09/1980,3.3,31.0,25.8,21.8
19/09/1980,0.0,32.5,25.4,20.3
20/09/1980,0.0,33.3,26.0,20.0
21/09/1980,0.0,33.3,26.4,22.4
22/09/1980,0.0,33.7,26.8,21.4
23/09/1980,0.0,33.3,26.4,21.8
24/09/1980,0.0,30.7,26.1,22.8
25/09/1980,8.0,30.6,24.9,20.6
26/09/1980,0.0,33.4,25.6,19.6
27/09/1980,0.0,33.5,26.3,21.5
28/09/1980,0.0,32.6,26.9,21.5
29/09/1980,0.0,33.7,26.3,21.3
30/09/1980,0.0,33.6,26.9,21.9
01/10/1980,0.0,33.7,27.4,22.9
02/10/1980,0.0,32.6,26.4,21.3
03/10/1980,0.0,32.8,26.4,22.9
04/10/1980,1.0,32.8,25.8,20.1
05/10/1980,0.0,31.7,26.7,22.1
06/10/1980,0.0,33.5,26.2,21.8
07/10/1980,0.0,32.0,26.0,21.6
08/10/1980,0.0,32.3,25.9,20.0
09/10/1980,0.0,33.3,27.1,22.2
10/10/1980,0.0,32.5,26.6,22.3
11/10/1980,0.0,32.1,26.3,22.7
12/10/1980,0.0,34.4,27.2,20.9
13/10/1980,0.0,34.4,26.4,21.6
14/10/1980,0.0,33.8,26.4,21.3
15/10/1980,0.0,33.2,26.3,22.1
16/10/1980,0.0,30.1,25.3,22.3
17/10/1980,0.0,32.6,26.0,19.5
18/10/1980,0.0,32.8,26.5,21.1
19/10/1980,0.0,33.2,26.7,21.5
20/10/1980,0.0,33.4,26.8,22.0
21/10/1980,0.0,33.3,26.9,22.3
22/10/1980,0.0,33.6,27.4,23.4
23/10/1980,0.0,33.6,27.2,22.3
24/10/1980,0.0,33.3,26.6,21.2
25/10/1980,0.0,34.1,26.6,21.9
26/10/1980,0.0,33.1,27.1,23.7
27/10/1980,0.0,32.4,26.4,22.4
28/10/1980,0.0,34.5,27.4,22.5
29/10/1980,0.0,35.3,27.0,20.1
30/10/1980,0.0,33.8,27.3,22.8
31/10/1980,0.0,33.2,27.1,23.8
01/11/1980,0.0,33.4,26.5,21.9
02/11/1980,0.0,34.2,27.3,22.3
03/11/1980,0.0,35.0,27.9,22.3
04/11/1980,0.0,33.3,26.9,22.9
05/11/1980,0.0,33.3,26.9,23.2
06/11/1980,0.0,34.2,27.1,22.7
07/11/1980,0.0,32.9,27.0,20.4
08/11/1980,0.0,33.3,27.5,22.5
09/11/1980,0.0,33.2,27.0,22.4
10/11/1980,0.0,32.5,27.1,23.3
11/11/1980,15.0,30.4,24.9,20.5
12/11/1980,0.0,32.3,26.2,21.7
13/11/1980,17.6,31.4,25.5,21.7
14/11/1980,0.5,30.4,25.4,21.4
15/11/1980,15.6,25.3,23.4,21.7
16/11/1980,59.7,28.3,23.5,20.5
17/11/1980,4.9,30.3,24.1,19.9
18/11/1980,0.0,32.3,25.7,20.8
19/11/1980,0.0,32.3,26.2,21.6
20/11/1980,0.0,32.4,26.3,23.3
21/11/1980,0.0,31.1,25.4,21.9
22/11/1980,0.0,32.7,25.8,20.1
23/11/1980,0.0,32.6,25.3,18.8
24/11/1980,0.0,32.8,26.6,21.7
25/11/1980,0.0,31.8,26.5,22.3
26/11/1980,0.0,31.6,26.5,23.2
27/11/1980,0.0,31.6,26.1,22.2
28/11/1980,0.0,32.1,25.6,21.5
29/11/1980,0.0,32.8,26.7,21.9
30/11/1980,0.0,32.2,26.6,22.2
01/12/1980,0.0,33.1,25.7,19.9
02/12/1980,0.0,33.3,26.0,19.1
03/12/1980,0.0,33.5,26.1,19.2
04/12/1980,0.0,31.9,26.4,22.4
05/12/1980,2.4,32.0,26.5,22.2
06/12/1980,0.0,32.3,26.0,21.8
07/12/1980,0.0,33.4,26.5,21.2
08/12/1980,0.0,34.2,26.2,20.7
09/12/1980,0.0,33.4,26.7,22.3
10/12/1980,0.0,32.8,26.5,21.9
11/12/1980,0.0,32.7,26.3,20.9
12/12/1980,0.0,32.4,26.5,21.7
13/12/1980,0.0,32.7,26.4,22.8
14/12/1980,0.0,33.1,26.2,21.3
15/12/1980,0.0,33.9,26.7,20.8
16/12/1980,0.0,32.4,27.4,24.0
17/12/1980,23.8,30.7,25.9,22.8
18/12/1980,0.0,32.1,26.1,21.4
19/12/1980,0.0,30.6,25.1,21.6
20/12/1980,1.6,32.2,26.1,20.7
21/12/1980,0.0,30.6,25.7,21.9
22/12/1980,0.0,32.0,26.3,21.9
23/12/1980,0.0,30.2,25.9,22.3
24/12/1980,0.9,30.4,24.9,20.3
25/12/1980,0.0,33.2,26.7,21.5
26/12/1980,2.0,29.3,24.6,21.3
27/12/1980,0.0,32.5,25.9,21.1
28/12/1980,0.0,31.2,26.1,22.1
29/12/1980,0.0,31.9,26.0,20.6
30/12/1980,0.0,30.8,25.2,21.5
31/12/1980,9.0,30.0,24.5,20.8
01/01/1981,0.5,31.4,25.7,21.5
02/01/1981,0.0,32.1,26.5,22.1
03/01/1981,0.0,31.9,26.0,21.2
04/01/1981,0.0,29.3,25.3,22.2
05/01/1981,0.0,32.2,25.6,21.0
06/01/1981,0.0,32.4,25.2,22.1
07/01/1981,3.6,31.9,25.6,20.9
08/01/1981,0.0,32.9,25.5,22.1
09/01/1981,0.0,32.4,26.6,22.0
10/01/1981,0.0,32.4,25.9,21.1
11/01/1981,0.0,32.8,26.2,21.2
12/01/1981,0.0,32.7,27.0,22.1
13/01/1981,0.0,32.4,26.9,22.0
14/01/1981,0.0,31.1,25.8,21.6
15/01/1981,0.0,31.6,26.5,22.2
16/01/1981,9.2,29.1,25.2,21.8
17/01/1981,0.0,30.6,25.4,21.4
18/01/1981,1.4,31.8,25.8,22.4
19/01/1981,0.0,30.6,24.3,21.6
20/01/1981,0.2,29.6,24.7,21.3
21/01/1981,2.6,29.1,24.9,21.6
22/01/1981,31.0,28.4,24.5,21.3
23/01/1981,0.0,27.4,23.7,21.5
24/01/1981,118.4,24.4,22.8,20.5
25/01/1981,3.8,28.9,24.3,20.7
26/01/1981,0.0,30.0,24.1,19.5
27/01/1981,0.0,32.0,25.6,20.7
28/01/1981,0.0,31.3,25.2,21.7
29/01/1981,0.0,31.1,26.0,21.3
30/01/1981,10.9,29.3,25.0,21.1
31/01/1981,0.8,28.1,24.6,21.8
01/02/1981,11.5,29.5,25.0,20.7
02/02/1981,0.0,29.0,24.3,21.3
03/02/1981,0.0,29.8,24.4,19.8
04/02/1981,0.0,30.0,24.1,19.7
05/02/1981,0.9,30.3,25.3,21.7
06/02/1981,0.6,30.3,25.0,20.5
07/02/1981,0.0,31.0,25.2,20.7
08/02/1981,1.5,29.2,25.2,21.5
09/02/1981,0.0,30.9,25.2,20.9
10/02/1981,0.0,31.9,26.3,20.9
11/02/1981,0.0,30.2,23.9,20.9
12/02/1981,42.6,27.0,23.5,20.6
13/02/1981,6.2,28.9,23.5,20.0
14/02/1981,1.9,26.9,23.7,21.3
15/02/1981,1.1,31.2,25.5,20.5
16/02/1981,14.5,25.7,23.5,21.5
17/02/1981,17.8,24.5,22.4,20.1
18/02/1981,33.7,30.2,23.8,19.7
19/02/1981,16.4,29.2,23.7,20.3
20/02/1981,10.6,29.3,24.7,20.5
21/02/1981,0.5,31.2,25.4,22.1
22/02/1981,0.0,30.8,25.4,21.9
23/02/1981,5.6,28.2,24.6,21.9
24/02/1981,6.9,32.0,26.0,21.6
25/02/1981,0.0,31.7,26.4,22.0
26/02/1981,3.4,31.1,25.8,22.0
27/02/1981,3.0,31.3,26.4,22.2
28/02/1981,0.0,31.0,26.7,23.1
01/03/1981,0.0,30.7,26.2,22.5
02/03/1981,0.0,30.9,26.1,22.5
03/03/1981,0.0,31.3,26.3,22.5
04/03/1981,0.0,32.2,27.8,22.8
05/03/1981,0.0,31.4,26.2,22.2
06/03/1981,0.0,32.5,26.1,21.1
07/03/1981,0.0,31.9,26.9,23.2
08/03/1981,4.7,31.6,26.1,22.1
09/03/1981,3.4,31.4,26.2,22.1
10/03/1981,0.0,31.3,26.5,21.7
11/03/1981,0.0,31.9,26.1,20.8
12/03/1981,0.0,31.5,25.7,20.1
13/03/1981,0.0,29.6,25.2,21.6
14/03/1981,0.0,31.1,26.0,20.8
15/03/1981,0.0,31.4,26.1,22.2
16/03/1981,0.0,31.4,25.9,21.6
17/03/1981,0.0,32.2,26.4,21.9
18/03/1981,0.0,32.5,25.9,22.0
19/03/1981,0.0,32.4,26.6,22.6
20/03/1981,2.6,31.5,26.5,22.3
21/03/1981,1.1,29.5,24.8,21.6
22/03/1981,23.6,31.1,25.0,20.5
23/03/1981,0.0,30.5,26.0,21.6
24/03/1981,23.2,29.1,24.1,21.1
25/03/1981,12.5,30.1,24.2,19.4
26/03/1981,20.8,29.9,24.9,20.7
27/03/1981,20.8,27.0,23.0,19.8
28/03/1981,0.0,30.0,24.2,20.2
29/03/1981,0.0,30.9,25.2,20.4
30/03/1981,0.0,30.2,25.3,21.5
31/03/1981,1.5,30.2,25.4,21.3
01/04/1981,26.4,26.8,24.0,21.7
02/04/1981,2.2,30.2,25.0,21.7
03/04/1981,0.0,30.0,24.7,21.3
04/04/1981,0.0,31.4,25.5,20.8
05/04/1981,0.0,28.9,25.0,21.8
06/04/1981,0.0,30.1,24.9,21.5
07/04/1981,2.0,30.0,24.3,21.1
08/04/1981,7.0,30.2,25.4,21.1
09/04/1981,3.2,31.7,25.7,21.4
10/04/1981,0.0,31.6,26.0,21.7
11/04/1981,6.4,32.0,26.3,22.1
12/04/1981,0.0,30.9,26.3,24.1
13/04/1981,0.0,31.1,26.0,22.5
14/04/1981,0.0,29.6,25.9,23.4
15/04/1981,0.0,30.6,25.9,23.2
16/04/1981,0.0,29.2,25.3,21.1
17/04/1981,0.0,31.0,25.6,21.1
18/04/1981,0.0,30.5,25.5,21.7
19/04/1981,0.5,30.6,25.3,22.4
20/04/1981,8.8,27.9,24.6,21.4
21/04/1981,0.9,27.2,24.2,21.0
22/04/1981,19.6,30.9,25.4,21.3
23/04/1981,0.4,30.6,26.0,21.9
24/04/1981,2.2,32.5,26.2,19.4
25/04/1981,0.0,32.0,25.3,20.3
26/04/1981,0.0,31.2,26.2,21.9
27/04/1981,0.0,32.7,25.5,21.3
28/04/1981,0.0,30.8,25.1,21.3
29/04/1981,2.4,30.8,25.6,21.7
30/04/1981,2.1,27.1,24.7,20.3
01/05/1981,13.2,27.2,24.1,20.5
02/05/1981,26.0,29.7,25.0,19.9
03/05/1981,8.6,30.5,25.4,22.3
04/05/1981,1.4,31.2,25.4,21.4
05/05/1981,2.4,30.6,25.5,22.1
06/05/1981,3.5,30.0,25.0,21.0
07/05/1981,30.4,28.0,23.9,21.2
08/05/1981,6.9,28.4,24.5,21.2
09/05/1981,2.2,30.2,25.1,21.2
10/05/1981,0.0,31.0,25.6,20.2
11/05/1981,0.0,31.1,25.7,21.3
12/05/1981,0.0,30.7,25.4,22.3
13/05/1981,0.0,31.6,25.5,20.9
14/05/1981,0.0,32.0,25.8,21.7
15/05/1981,0.0,31.8,25.8,21.9
16/05/1981,0.0,32.0,25.8,21.5
17/05/1981,4.3,30.1,25.4,21.7
18/05/1981,15.4,28.4,24.1,20.8
19/05/1981,3.7,27.9,23.9,21.0
20/05/1981,16.8,29.3,24.7,21.1
21/05/1981,0.0,30.0,24.9,21.7
22/05/1981,3.6,29.9,25.6,22.2
23/05/1981,0.0,31.9,25.7,20.8
24/05/1981,0.0,31.5,26.1,20.3
25/05/1981,0.0,29.7,24.7,22.0
26/05/1981,3.3,31.4,26.0,21.5
27/05/1981,1.4,27.8,24.8,22.9
28/05/1981,15.3,27.4,24.3,21.9
29/05/1981,7.1,29.8,25.2,21.7
30/05/1981,21.6,29.1,24.6,21.1
31/05/1981,0.4,30.2,24.9,19.9
01/06/1981,0.0,27.5,24.6,22.4
02/06/1981,3.1,29.9,25.0,21.3
03/06/1981,4.2,30.8,25.7,21.0
04/06/1981,0.0,30.9,25.7,21.2
05/06/1981,0.0,31.2,25.7,21.0
06/06/1981,0.0,30.5,24.8,21.4
07/06/1981,7.4,30.5,25.4,20.4
08/06/1981,0.0,30.4,25.1,20.5
09/06/1981,1.1,30.2,24.7,20.9
10/06/1981,34.4,30.1,24.6,19.1
11/06/1981,4.6,28.9,24.7,21.5
12/06/1981,3.3,30.0,24.9,21.4
13/06/1981,0.0,29.7,25.2,21.5
14/06/1981,0.0,31.2,25.6,20.5
15/06/1981,0.0,29.8,24.3,19.0
16/06/1981,0.0,29.6,24.6,19.3
17/06/1981,0.0,30.1,24.3,20.4
18/06/1981,2.3,29.4,24.1,18.3
19/06/1981,2.0,29.1,24.9,19.8
20/06/1981,18.0,31.1,25.6,21.6
21/06/1981,0.0,30.9,25.4,20.1
22/06/1981,0.0,31.3,24.9,21.2
23/06/1981,0.0,31.8,24.9,19.4
24/06/1981,0.0,31.0,24.4,20.9
25/06/1981,4.8,29.8,25.1,21.1
26/06/1981,0.0,31.4,25.0,20.2
27/06/1981,0.0,31.3,24.6,20.2
28/06/1981,0.0,30.8,24.8,19.7
29/06/1981,0.0,31.0,24.7,20.8
30/06/1981,0.0,29.6,24.4,20.0
01/07/1981,15.7,30.4,25.0,20.7
02/07/1981,0.4,29.8,24.5,20.5
03/07/1981,1.1,30.0,23.8,18.7
04/07/1981,0.6,31.0,24.3,18.9
05/07/1981,0.0,29.1,23.9,21.1
06/07/1981,12.6,29.8,23.9,20.3
07/07/1981,1.3,31.1,24.6,20.5
08/07/1981,0.0,30.1,24.4,20.5
09/07/1981,0.0,30.4,24.2,19.3
10/07/1981,0.0,31.0,24.3,18.9
11/07/1981,0.0,31.2,25.0,19.9
12/07/1981,0.0,32.0,25.8,23.3
13/07/1981,0.0,30.7,24.6,20.1
14/07/1981,0.0,30.9,25.0,20.3
15/07/1981,0.0,31.1,25.1,20.4
16/07/1981,1.8,30.2,23.9,20.7
17/07/1981,7.6,29.2,24.5,20.3
18/07/1981,5.6,29.4,24.6,21.5
19/07/1981,4.2,25.8,23.7,19.7
20/07/1981,5.5,24.1,20.9,18.9
21/07/1981,0.3,25.2,21.9,18.3
22/07/1981,0.0,28.3,23.3,20.5
23/07/1981,0.0,29.2,22.9,18.9
24/07/1981,41.8,27.6,22.6,18.5
25/07/1981,0.0,29.1,23.3,17.1
26/07/1981,2.6,29.4,23.4,19.1
27/07/1981,4.8,29.8,24.6,18.9
28/07/1981,2.2,30.4,24.1,18.3
29/07/1981,3.8,30.8,24.1,18.9
30/07/1981,0.0,31.4,25.3,22.3
31/07/1981,0.0,30.7,25.2,21.2
01/08/1981,0.0,30.8,24.9,21.4
02/08/1981,1.2,32.1,25.2,20.0
03/08/1981,0.0,31.7,25.5,20.4
04/08/1981,0.0,30.8,25.7,20.8
05/08/1981,0.0,30.9,25.7,20.8
06/08/1981,0.0,31.3,24.8,19.0
07/08/1981,0.0,31.1,25.4,21.0
08/08/1981,0.0,31.3,25.6,20.8
09/08/1981,0.0,30.9,25.6,21.1
10/08/1981,0.0,31.2,25.5,20.1
11/08/1981,0.0,31.7,25.4,20.7
12/08/1981,0.0,30.9,25.4,21.7
13/08/1981,0.0,31.5,24.6,19.5
14/08/1981,0.0,32.0,24.8,19.7
15/08/1981,0.0,32.4,25.1,19.1
16/08/1981,0.0,32.6,25.2,19.1
17/08/1981,0.0,29.5,24.7,20.3
18/08/1981,0.0,30.9,25.1,19.9
19/08/1981,0.0,32.3,25.6,19.7
20/08/1981,0.0,32.7,26.0,19.7
21/08/1981,0.0,31.2,25.1,19.8
22/08/1981,3.0,28.0,24.0,21.1
23/08/1981,0.0,29.7,24.4,19.7
24/08/1981,0.3,30.9,25.2,20.6
25/08/1981,0.0,31.2,25.0,20.2
26/08/1981,0.0,32.4,25.9,20.7
27/08/1981,0.0,33.4,25.2,20.1
28/08/1981,0.0,32.8,25.6,18.9
29/08/1981,5.2,31.2,25.5,21.1
30/08/1981,15.0,31.6,25.4,20.0
31/08/1981,0.0,32.4,24.7,18.7
01/09/1981,0.0,32.3,24.8,19.5
02/09/1981,0.0,31.7,25.7,20.6
03/09/1981,0.0,32.0,25.3,18.7
04/09/1981,0.0,31.7,24.9,18.2
05/09/1981,0.0,32.4,25.8,19.2
06/09/1981,0.0,32.7,26.4,20.4
07/09/1981,0.0,32.6,26.0,19.8
08/09/1981,0.0,32.8,26.8,22.0
09/09/1981,0.0,31.7,25.7,20.4
10/09/1981,0.0,32.9,26.8,21.4
11/09/1981,0.0,34.3,26.5,19.6
12/09/1981,0.0,31.7,26.5,21.4
13/09/1981,0.0,32.9,26.6,21.3
14/09/1981,0.0,32.5,26.3,21.6
15/09/1981,0.0,31.3,25.4,20.0
16/09/1981,0.0,31.3,25.1,18.7
17/09/1981,0.0,32.3,25.6,20.7
18/09/1981,0.0,31.5,26.1,20.8
19/09/1981,0.0,31.5,25.7,20.8
20/09/1981,0.0,32.3,26.5,20.2
21/09/1981,0.0,32.7,26.9,21.0
22/09/1981,0.0,32.5,27.0,22.2
23/09/1981,0.0,31.3,25.9,21.0
24/09/1981,0.0,32.5,25.2,21.3
25/09/1981,6.0,32.1,25.6,20.2
26/09/1981,0.0,32.3,26.0,21.0
27/09/1981,0.0,33.1,27.3,22.2
28/09/1981,0.0,32.7,27.1,22.4
29/09/1981,0.0,31.9,26.1,21.5
30/09/1981,0.0,33.1,26.0,22.1
01/10/1981,5.0,30.1,24.5,20.7
02/10/1981,43.4,30.8,24.0,19.9
03/10/1981,12.0,29.5,24.4,19.8
04/10/1981,10.4,32.2,25.7,20.7
05/10/1981,0.0,32.3,26.3,21.1
06/10/1981,0.0,30.9,25.2,22.0
07/10/1981,2.8,31.1,25.4,19.4
08/10/1981,0.0,33.1,26.0,19.9
09/10/1981,0.0,32.6,26.2,19.2
10/10/1981,0.0,32.6,26.9,22.0
11/10/1981,10.6,30.3,24.8,19.9
12/10/1981,1.0,31.9,26.0,20.1
13/10/1981,7.9,30.1,24.7,20.1
14/10/1981,0.0,31.1,25.7,21.0
15/10/1981,1.6,31.9,26.2,22.2
16/10/1981,0.0,31.6,24.9,18.8
17/10/1981,0.0,32.2,25.5,19.3
18/10/1981,0.0,31.8,26.4,22.0
19/10/1981,0.0,32.8,26.0,21.4
20/10/1981,0.0,32.7,26.4,20.7
21/10/1981,0.0,32.9,26.6,20.8
22/10/1981,0.0,33.0,26.7,21.7
23/10/1981,0.0,32.7,27.0,23.1
24/10/1981,0.0,32.5,26.5,21.1
25/10/1981,0.0,32.5,26.9,22.1
26/10/1981,0.0,32.5,26.0,21.0
27/10/1981,1.8,32.9,26.6,22.0
28/10/1981,0.0,35.0,27.5,21.9
29/10/1981,0.0,31.9,26.5,22.0
30/10/1981,0.0,32.5,26.6,21.3
31/10/1981,0.0,32.9,26.6,21.3
01/11/1981,0.6,33.1,26.2,20.7
02/11/1981,0.0,33.2,26.8,22.3
03/11/1981,0.0,33.2,26.9,21.2
04/11/1981,0.0,33.2,26.7,22.5
05/11/1981,0.0,33.1,26.8,22.0
06/11/1981,0.0,33.8,26.6,21.1
07/11/1981,0.0,33.8,26.6,21.3
08/11/1981,0.0,34.3,27.3,21.7
09/11/1981,0.2,33.2,27.0,23.6
10/11/1981,126.6,28.1,24.2,20.3
11/11/1981,50.4,29.0,24.1,20.1
12/11/1981,0.0,31.2,24.9,20.5
13/11/1981,0.0,31.8,26.3,21.9
14/11/1981,0.0,32.2,25.9,21.0
15/11/1981,0.0,32.2,26.3,21.1
16/11/1981,0.0,33.2,26.5,20.3
17/11/1981,0.0,32.3,26.0,20.9
18/11/1981,26.6,29.2,24.7,20.8
19/11/1981,1.8,29.3,24.8,20.8
20/11/1981,0.0,31.6,25.5,22.5
21/11/1981,0.0,31.4,26.0,22.1
22/11/1981,0.0,29.8,25.7,22.2
23/11/1981,0.0,32.3,26.1,21.5
24/11/1981,0.0,31.9,26.6,22.0
25/11/1981,0.0,32.9,26.7,22.2
26/11/1981,0.0,32.0,26.3,22.0
27/11/1981,0.0,32.8,26.3,21.9
28/11/1981,0.0,33.2,26.5,21.2
29/11/1981,0.0,31.6,25.9,22.2
30/11/1981,0.0,29.2,25.1,21.1
01/12/1981,0.0,32.2,25.6,20.3
02/12/1981,0.0,33.4,25.7,20.5
03/12/1981,0.4,33.0,26.6,22.3
04/12/1981,12.4,26.7,23.4,20.9
05/12/1981,3.1,30.6,24.9,20.8
06/12/1981,0.0,31.6,26.7,21.5
07/12/1981,0.0,32.1,26.3,22.1
08/12/1981,0.0,31.8,26.9,23.3
09/12/1981,0.0,31.5,26.1,21.4
10/12/1981,0.0,31.3,26.1,22.0
11/12/1981,0.0,32.1,27.0,22.4
12/12/1981,0.0,31.6,26.7,23.4
13/12/1981,0.0,32.6,26.2,21.3
14/12/1981,0.0,32.6,26.6,21.5
15/12/1981,1.3,31.8,26.3,21.9
16/12/1981,0.0,31.4,25.7,21.7
17/12/1981,0.0,32.4,26.0,20.7
18/12/1981,0.0,31.9,25.5,20.7
19/12/1981,1.3,29.1,24.7,20.9
20/12/1981,1.0,29.0,24.5,21.2
21/12/1981,1.5,31.0,23.8,20.0
22/12/1981,10.3,28.2,23.6,19.7
23/12/1981,2.4,31.3,25.1,19.5
24/12/1981,0.0,30.4,25.1,21.2
25/12/1981,0.0,29.6,23.2,19.9
26/12/1981,4.5,28.4,24.2,20.0
27/12/1981,8.4,29.4,23.2,19.8
28/12/1981,1.6,31.0,25.1,19.9
29/12/1981,0.5,31.5,26.0,22.3
30/12/1981,0.0,31.8,26.4,22.7
31/12/1981,0.0,31.8,26.6,22.1
01/01/1982,0.0,31.7,26.0,21.3
02/01/1982,1.6,30.4,24.3,20.3
03/01/1982,0.0,30.2,25.0,20.3
04/01/1982,24.9,26.8,24.2,21.1
05/01/1982,0.8,28.7,23.6,20.6
06/01/1982,4.0,27.2,23.3,21.2
07/01/1982,0.0,30.5,24.3,19.8
08/01/1982,0.0,31.7,25.9,21.2
09/01/1982,0.0,30.7,24.9,21.2
10/01/1982,9.9,26.6,23.5,20.7
11/01/1982,0.0,31.2,25.2,20.9
12/01/1982,0.0,31.4,25.5,20.9
13/01/1982,1.6,31.0,26.1,20.9
14/01/1982,47.5,28.2,25.0,21.5
15/01/1982,27.0,31.5,25.9,21.5
16/01/1982,43.4,29.1,24.1,20.1
17/01/1982,0.6,30.7,24.3,19.9
18/01/1982,0.0,29.1,24.8,21.3
19/01/1982,39.3,28.5,23.6,20.8
20/01/1982,10.0,29.7,24.8,20.5
21/01/1982,10.3,26.6,23.1,20.9
22/01/1982,6.4,29.4,24.0,19.1
23/01/1982,2.0,28.8,24.5,20.5
24/01/1982,72.8,24.9,22.6,20.6
25/01/1982,50.4,26.8,23.7,19.9
26/01/1982,4.2,28.7,23.9,20.4
27/01/1982,0.0,30.0,24.7,20.6
28/01/1982,0.0,30.3,25.3,21.2
29/01/1982,2.4,30.0,25.1,21.4
30/01/1982,3.9,29.6,24.8,21.5
31/01/1982,21.2,30.6,25.3,20.9
01/02/1982,0.6,30.3,25.2,21.6
02/02/1982,0.0,30.0,25.0,20.6
03/02/1982,2.3,26.6,23.5,20.5
04/02/1982,6.8,28.4,24.0,20.6
05/02/1982,0.0,30.0,24.9,20.8
06/02/1982,0.0,29.4,24.7,20.9
07/02/1982,1.4,27.7,23.7,21.3
08/02/1982,8.4,26.3,23.4,20.4
09/02/1982,0.0,30.4,24.7,19.6
10/02/1982,0.0,29.8,24.9,21.5
11/02/1982,0.0,30.9,25.3,20.7
12/02/1982,0.0,29.8,25.1,21.0
13/02/1982,5.5,25.9,24.0,21.4
14/02/1982,4.6,28.6,24.7,21.6
15/02/1982,1.3,29.4,24.9,20.5
16/02/1982,7.3,25.5,23.8,21.4
17/02/1982,30.6,25.5,22.6,20.0
18/02/1982,6.1,28.5,24.2,20.5
19/02/1982,0.3,30.8,24.9,20.8
20/02/1982,8.6,29.2,23.7,20.4
21/02/1982,47.5,28.9,23.5,19.9
22/02/1982,11.1,30.2,25.0,20.4
23/02/1982,0.0,29.8,24.8,20.4
24/02/1982,0.0,30.4,25.3,20.9
25/02/1982,12.3,29.5,24.6,20.5
26/02/1982,0.4,29.9,24.4,20.2
27/02/1982,0.0,30.8,25.0,20.7
28/02/1982,0.0,31.4,25.5,21.5
01/03/1982,0.0,30.4,26.4,22.0
02/03/1982,98.3,27.8,23.6,20.7
03/03/1982,41.5,28.1,23.7,19.8
04/03/1982,0.2,30.5,25.0,20.5
05/03/1982,1.1,29.9,24.6,20.2
06/03/1982,1.1,28.6,24.2,20.9
07/03/1982,45.5,24.7,22.9,21.1
08/03/1982,5.6,29.4,24.1,20.0
09/03/1982,0.0,29.7,24.2,20.1
10/03/1982,2.2,30.2,25.1,21.2
11/03/1982,0.0,31.0,26.0,21.1
12/03/1982,0.6,31.4,25.8,21.8
13/03/1982,32.2,28.4,23.9,19.5
14/03/1982,18.2,30.0,24.6,20.5
15/03/1982,1.1,30.6,25.2,21.0
16/03/1982,1.9,30.1,24.7,20.1
17/03/1982,10.0,31.2,25.0,20.4
18/03/1982,0.0,30.9,25.6,21.3
19/03/1982,1.0,31.4,26.1,21.6
20/03/1982,0.0,27.9,24.7,21.7
21/03/1982,2.8,30.0,24.5,20.1
22/03/1982,0.5,31.4,25.9,21.5
23/03/1982,0.0,30.9,25.7,21.4
24/03/1982,0.0,30.4,25.4,21.8
25/03/1982,0.4,32.0,26.5,21.8
26/03/1982,6.0,30.4,25.8,22.3
27/03/1982,24.8,29.7,24.8,20.3
28/03/1982,0.0,30.2,24.8,20.1
29/03/1982,0.0,29.1,25.1,21.3
30/03/1982,21.1,29.4,23.6,20.4
31/03/1982,26.4,28.0,24.2,20.8
01/04/1982,3.8,29.4,24.9,21.6
02/04/1982,10.2,30.4,25.4,21.4
03/04/1982,0.0,30.5,25.7,21.1
04/04/1982,3.2,28.7,25.1,20.5
05/04/1982,1.0,29.4,24.8,20.9
06/04/1982,2.2,30.3,25.8,21.7
07/04/1982,0.0,30.0,25.0,21.0
08/04/1982,1.0,30.0,25.4,21.4
09/04/1982,0.0,29.4,25.1,21.7
10/04/1982,2.8,29.4,24.7,20.1
11/04/1982,10.8,27.7,24.2,20.9
12/04/1982,20.9,24.9,23.1,20.3
13/04/1982,32.4,26.6,23.4,20.4
14/04/1982,0.2,29.6,24.3,19.8
15/04/1982,0.0,30.8,24.6,18.6
16/04/1982,0.3,30.6,25.4,21.8
17/04/1982,15.8,28.7,24.2,20.5
18/04/1982,3.4,28.7,24.4,21.1
19/04/1982,18.6,28.1,24.0,21.4
20/04/1982,1.2,31.2,25.3,20.8
21/04/1982,0.0,31.2,25.2,20.1
22/04/1982,0.0,30.6,25.1,21.4
23/04/1982,15.1,29.8,25.3,22.3
24/04/1982,0.2,30.4,25.1,20.7
25/04/1982,1.8,30.4,25.1,21.1
26/04/1982,3.0,29.8,25.2,20.8
27/04/1982,7.0,31.0,25.0,21.2
28/04/1982,0.0,29.6,25.1,21.0
29/04/1982,14.2,27.9,23.7,20.2
30/04/1982,15.4,26.8,23.2,20.1
01/05/1982,7.2,28.6,23.9,20.5
02/05/1982,22.6,28.6,24.5,20.7
03/05/1982,5.6,29.8,24.2,20.8
04/05/1982,22.2,29.6,24.8,20.4
05/05/1982,61.9,28.2,24.3,20.4
06/05/1982,8.3,30.0,24.5,20.8
07/05/1982,0.0,30.0,24.7,20.7
08/05/1982,3.0,31.4,25.3,19.7
09/05/1982,0.0,30.0,24.9,20.3
10/05/1982,2.0,31.8,25.5,19.4
11/05/1982,0.0,31.2,24.8,21.4
12/05/1982,2.3,31.0,25.4,20.6
13/05/1982,0.0,31.1,25.6,21.8
14/05/1982,13.6,30.8,25.7,20.7
15/05/1982,0.0,30.8,25.2,21.3
16/05/1982,0.0,30.4,25.6,20.9
17/05/1982,2.0,29.8,25.3,21.4
18/05/1982,3.0,28.3,24.5,21.0
19/05/1982,0.4,30.0,25.1,21.0
20/05/1982,30.8,30.6,25.4,21.4
21/05/1982,2.8,30.2,25.5,21.2
22/05/1982,10.6,29.4,24.4,20.0
23/05/1982,1.8,30.0,24.2,20.5
24/05/1982,18.0,29.4,24.4,20.3
25/05/1982,0.0,29.4,23.7,20.7
26/05/1982,8.8,27.0,24.0,19.8
27/05/1982,2.4,27.9,23.6,18.9
28/05/1982,17.6,28.5,24.7,21.4
29/05/1982,0.2,29.4,24.3,20.7
30/05/1982,16.0,29.2,23.4,18.1
31/05/1982,4.2,29.8,24.9,19.0
01/06/1982,4.2,30.6,24.4,19.5
02/06/1982,0.3,30.6,25.1,20.0
03/06/1982,8.0,31.2,24.9,19.5
04/06/1982,0.6,31.2,25.1,20.4
05/06/1982,2.2,30.4,24.5,20.3
06/06/1982,1.6,31.2,25.2,20.1
07/06/1982,19.1,27.5,23.4,20.1
08/06/1982,8.0,28.6,23.4,18.8
09/06/1982,0.0,30.2,24.7,18.6
10/06/1982,0.0,30.2,24.8,19.8
11/06/1982,0.0,29.8,24.4,20.4
12/06/1982,0.0,30.0,24.9,20.9
13/06/1982,0.2,30.6,25.2,20.1
14/06/1982,5.5,30.2,24.7,20.8
15/06/1982,0.0,30.6,24.6,18.8
16/06/1982,0.0,30.3,24.6,20.6
17/06/1982,0.6,29.8,24.6,19.8
18/06/1982,2.8,30.2,24.6,19.0
19/06/1982,10.6,30.2,24.6,20.1
20/06/1982,0.0,28.7,24.0,19.9
21/06/1982,2.2,29.8,24.3,19.4
22/06/1982,0.0,30.4,24.4,19.3
23/06/1982,0.0,29.8,24.1,19.0
24/06/1982,0.0,30.6,23.7,18.1
25/06/1982,0.0,30.8,25.1,20.0
26/06/1982,0.0,29.8,24.6,21.1
27/06/1982,4.8,28.7,23.8,19.5
28/06/1982,0.0,30.8,24.2,18.0
29/06/1982,0.0,29.4,24.6,19.0
30/06/1982,3.2,30.2,24.9,19.5
01/07/1982,0.0,30.4,24.2,18.6
02/07/1982,0.0,30.4,25.0,21.8
03/07/1982,0.0,28.7,23.4,19.5
04/07/1982,17.0,29.7,24.4,19.5
05/07/1982,0.0,30.2,24.3,19.2
06/07/1982,2.3,30.6,24.3,19.0
07/07/1982,0.0,30.8,25.0,20.8
08/07/1982,0.0,30.4,24.3,19.0
09/07/1982,0.0,30.1,25.0,20.8
10/07/1982,13.4,29.6,24.6,19.5
11/07/1982,10.6,30.2,24.7,19.9
12/07/1982,0.0,30.0,24.7,19.6
13/07/1982,0.0,30.4,24.7,19.9
14/07/1982,0.0,30.8,24.2,19.2
15/07/1982,0.0,30.2,24.3,19.3
16/07/1982,0.0,30.2,24.8,19.5
17/07/1982,0.0,30.4,24.6,20.3
18/07/1982,7.2,28.6,24.1,19.7
19/07/1982,0.0,30.4,24.0,18.4
20/07/1982,0.0,30.6,24.2,18.4
21/07/1982,0.0,31.0,24.5,17.8
22/07/1982,0.0,29.4,23.7,20.1
23/07/1982,8.4,30.0,24.0,19.5
24/07/1982,15.4,28.7,24.7,20.9
25/07/1982,39.6,29.4,23.8,19.5
26/07/1982,1.0,30.0,23.9,20.2
27/07/1982,6.8,29.7,24.6,19.6
28/07/1982,0.7,28.8,24.1,20.0
29/07/1982,2.4,30.0,24.2,20.0
30/07/1982,2.2,31.3,24.8,20.8
31/07/1982,0.0,30.6,25.1,21.3
01/08/1982,0.0,30.2,24.2,20.3
02/08/1982,0.0,30.2,24.0,19.2
03/08/1982,12.8,30.6,24.5,18.9
04/08/1982,0.0,31.4,24.7,18.6
05/08/1982,0.0,30.2,24.7,20.3
06/08/1982,1.8,29.8,24.2,19.4
07/08/1982,0.0,30.6,24.7,19.1
08/08/1982,0.0,30.8,24.5,19.3
09/08/1982,0.0,29.6,23.9,19.5
10/08/1982,0.0,31.2,23.5,18.8
11/08/1982,9.0,30.6,24.8,17.9
12/08/1982,0.0,30.6,25.1,20.4
13/08/1982,0.0,29.8,24.3,19.8
14/08/1982,0.0,30.4,24.8,20.3
15/08/1982,2.6,31.4,24.9,19.5
16/08/1982,0.0,31.6,25.2,20.0
17/08/1982,0.0,29.8,24.1,19.2
18/08/1982,0.0,30.6,24.6,20.3
19/08/1982,0.0,31.8,24.8,18.6
20/08/1982,0.0,31.8,25.1,19.2
21/08/1982,0.0,31.6,25.5,20.7
22/08/1982,0.0,31.7,25.7,20.7
23/08/1982,0.0,31.6,25.6,19.6
24/08/1982,0.0,31.4,25.1,20.0
25/08/1982,0.0,31.6,25.3,19.7
26/08/1982,0.0,31.4,25.2,19.4
27/08/1982,1.4,30.8,25.2,21.1
28/08/1982,0.0,31.6,25.2,20.3
29/08/1982,0.0,31.6,25.7,21.3
30/08/1982,0.0,32.0,25.8,20.4
31/08/1982,0.0,31.6,25.7,21.6
01/09/1982,0.6,31.9,25.8,19.8
02/09/1982,0.0,31.6,25.6,20.9
03/09/1982,0.0,31.4,26.0,21.8
04/09/1982,0.0,31.4,25.6,21.1
05/09/1982,0.0,32.4,25.7,19.9
06/09/1982,0.0,32.6,25.4,18.8
07/09/1982,0.0,32.6,26.1,20.1
08/09/1982,0.0,32.2,26.0,21.0
09/09/1982,0.0,32.0,26.1,21.0
10/09/1982,0.0,30.4,25.5,21.0
11/09/1982,0.4,31.2,25.4,22.1
12/09/1982,0.0,31.1,25.4,20.5
13/09/1982,0.0,31.0,24.7,19.2
14/09/1982,0.0,32.2,25.2,19.0
15/09/1982,0.0,31.8,25.7,20.0
16/09/1982,0.0,31.6,25.3,21.2
17/09/1982,0.0,31.2,25.5,19.8
18/09/1982,0.0,31.2,25.3,20.1
19/09/1982,0.0,32.6,25.5,19.1
20/09/1982,0.0,32.6,25.1,18.7
21/09/1982,0.0,32.6,25.4,18.8
22/09/1982,0.0,32.4,26.1,20.6
23/09/1982,0.0,31.8,25.1,19.5
24/09/1982,0.6,31.8,25.5,20.6
25/09/1982,0.0,31.4,25.5,21.1
26/09/1982,0.0,31.8,25.2,19.9
27/09/1982,0.0,33.4,25.7,19.9
28/09/1982,1.6,33.8,27.0,21.1
29/09/1982,0.0,32.0,25.5,21.2
30/09/1982,0.0,32.9,25.7,18.9
01/10/1982,0.0,30.2,24.6,19.6
02/10/1982,0.0,33.0,25.0,18.7
03/10/1982,0.0,32.6,26.2,20.3
04/10/1982,0.0,33.0,26.1,20.6
05/10/1982,0.0,32.6,26.5,20.8
06/10/1982,0.0,32.8,25.9,19.7
07/10/1982,0.0,33.4,26.4,19.6
08/10/1982,0.0,32.8,25.5,19.2
09/10/1982,0.0,33.0,25.8,20.5
10/10/1982,0.0,32.6,25.4,20.3
11/10/1982,0.0,33.0,26.0,20.0
12/10/1982,0.0,34.0,26.6,21.0
13/10/1982,0.0,34.8,26.1,19.7
14/10/1982,0.0,32.6,26.3,21.5
15/10/1982,0.0,32.8,26.2,20.8
16/10/1982,0.7,33.1,26.5,20.3
17/10/1982,0.0,33.4,26.0,20.7
18/10/1982,0.0,33.2,26.8,21.0
19/10/1982,0.0,33.8,26.8,21.2
20/10/1982,0.0,33.2,26.6,21.0
21/10/1982,0.0,32.8,26.9,21.4
22/10/1982,0.0,,,20.8
23/10/1982,0.0,,,21.3
24/10/1982,0.0,,,19.9
25/10/1982,0.0,,,19.2
26/10/1982,0.0,,,21.6
27/10/1982,0.0,,,21.2
28/10/1982,0.0,,,21.1
29/10/1982,0.0,,,20.0
30/10/1982,1.6,,,19.3
31/10/1982,0.0,,,21.1
01/11/1982,0.0,32.4,26.3,21.8
02/11/1982,0.0,32.4,26.3,21.1
03/11/1982,0.0,32.8,26.1,21.8
04/11/1982,0.0,32.4,25.6,20.8
05/11/1982,0.0,32.8,25.8,20.5
06/11/1982,0.0,32.4,25.8,21.2
07/11/1982,0.0,31.4,26.3,21.1
08/11/1982,0.0,32.4,26.3,20.6
09/11/1982,0.0,33.0,26.3,21.6
10/11/1982,0.0,32.6,26.4,20.0
11/11/1982,0.0,34.1,26.8,21.6
12/11/1982,0.0,32.6,26.6,21.9
13/11/1982,0.0,32.8,26.5,20.9
14/11/1982,0.0,33.4,26.3,21.1
15/11/1982,0.0,34.0,26.9,20.2
16/11/1982,0.0,32.6,26.8,22.2
17/11/1982,0.0,34.6,27.4,22.2
18/11/1982,0.0,33.0,25.9,19.0
19/11/1982,0.0,33.4,26.1,18.8
20/11/1982,0.0,32.8,26.8,21.3
21/11/1982,0.0,33.0,27.0,21.3
22/11/1982,0.0,32.6,26.3,19.9
23/11/1982,0.0,34.0,26.8,20.0
24/11/1982,0.0,33.2,26.4,19.9
25/11/1982,0.0,34.0,26.3,21.2
26/11/1982,0.0,33.6,26.7,21.8
27/11/1982,67.6,28.3,23.5,19.1
28/11/1982,9.4,31.2,24.6,19.3
29/11/1982,0.0,31.4,25.5,20.7
30/11/1982,0.0,31.7,26.3,21.2
01/12/1982,0.0,34.0,27.6,24.2
02/12/1982,0.0,32.6,26.6,21.8
03/12/1982,0.0,31.6,26.3,21.6
04/12/1982,0.0,32.8,26.9,21.7
05/12/1982,0.0,29.2,25.8,23.2
06/12/1982,0.0,32.2,25.5,20.7
07/12/1982,0.0,32.6,26.1,19.6
08/12/1982,0.0,32.6,26.8,21.4
09/12/1982,0.0,32.7,26.3,21.4
10/12/1982,0.0,32.8,26.7,22.7
11/12/1982,0.0,32.4,26.5,22.3
12/12/1982,0.0,31.8,26.5,22.3
13/12/1982,0.0,32.2,26.9,22.0
14/12/1982,0.0,32.4,27.1,22.9
15/12/1982,0.0,32.4,27.0,22.5
16/12/1982,0.0,31.7,26.2,21.8
17/12/1982,0.0,31.2,26.1,21.3
18/12/1982,0.0,32.8,26.7,21.5
19/12/1982,0.0,32.0,26.2,21.9
20/12/1982,0.0,32.9,26.8,22.8
21/12/1982,0.0,34.1,27.4,22.0
22/12/1982,0.0,32.8,27.1,22.2
23/12/1982,0.0,34.0,27.2,21.6
24/12/1982,0.0,33.2,27.1,21.4
25/12/1982,11.0,29.2,24.9,21.1
26/12/1982,12.4,26.7,24.1,20.9
27/12/1982,9.5,29.8,24.8,19.9
28/12/1982,0.0,32.0,26.1,21.2
29/12/1982,4.5,27.5,23.9,19.9
30/12/1982,26.8,27.7,23.3,18.9
31/12/1982,1.1,29.2,24.4,18.9
01/01/1983,0.0,30.2,25.3,20.9
02/01/1983,0.0,31.2,25.5,19.9
03/01/1983,0.0,31.4,26.3,21.6
04/01/1983,0.0,32.3,26.2,20.7
05/01/1983,0.0,32.2,26.4,21.9
06/01/1983,0.0,32.0,26.9,23.2
07/01/1983,0.0,31.8,26.5,21.8
08/01/1983,0.0,32.0,26.4,21.5
09/01/1983,0.0,32.0,27.0,22.5
10/01/1983,0.0,31.4,26.1,21.5
11/01/1983,0.0,32.4,26.5,21.5
12/01/1983,0.0,32.2,26.4,21.5
13/01/1983,0.0,33.2,26.2,20.0
14/01/1983,0.0,32.7,26.7,21.4
15/01/1983,0.0,33.0,26.5,21.3
16/01/1983,0.0,33.0,27.0,21.1
17/01/1983,0.0,32.8,27.9,23.7
18/01/1983,0.0,32.6,27.1,21.7
19/01/1983,0.0,33.4,27.8,22.8
20/01/1983,0.0,32.4,27.3,21.7
21/01/1983,0.0,33.2,27.0,22.2
22/01/1983,0.0,32.4,27.3,22.7
23/01/1983,0.0,33.2,27.3,22.1
24/01/1983,0.0,33.8,27.6,21.4
25/01/1983,0.2,31.6,25.5,21.2
26/01/1983,1.0,34.0,25.6,20.8
27/01/1983,4.3,30.6,25.4,20.4
28/01/1983,0.8,28.9,24.4,21.4
29/01/1983,24.6,29.1,25.0,21.1
30/01/1983,21.8,29.4,25.1,21.5
31/01/1983,33.4,26.9,24.0,21.4
01/02/1983,49.1,30.0,25.3,20.6
02/02/1983,12.8,30.0,25.4,21.2
03/02/1983,22.0,30.9,25.5,20.2
04/02/1983,1.4,31.2,25.9,21.1
05/02/1983,0.0,30.4,26.5,21.9
06/02/1983,23.2,28.6,24.7,20.5
07/02/1983,0.4,29.6,25.1,20.5
08/02/1983,0.0,29.8,25.4,21.4
09/02/1983,3.6,30.4,25.1,20.8
10/02/1983,0.0,31.8,26.1,21.8
11/02/1983,0.0,29.6,25.3,22.3
12/02/1983,22.3,31.2,24.9,20.7
13/02/1983,1.1,29.8,25.1,19.9
14/02/1983,1.4,31.2,25.0,19.8
15/02/1983,0.0,29.2,24.5,20.9
16/02/1983,5.2,29.2,24.8,21.4
17/02/1983,0.6,31.2,25.1,21.0
18/02/1983,0.0,31.0,25.6,20.5
19/02/1983,17.2,30.2,25.1,21.5
20/02/1983,15.2,29.6,25.8,21.5
21/02/1983,9.2,30.8,26.0,22.1
22/02/1983,0.7,30.6,25.8,20.6
23/02/1983,1.0,32.4,26.8,21.0
24/02/1983,0.0,32.4,26.7,21.1
25/02/1983,0.0,32.2,27.0,22.3
26/02/1983,0.0,31.8,26.3,21.5
27/02/1983,0.0,32.2,26.0,20.9
28/02/1983,0.0,32.0,26.7,22.4
01/03/1983,0.0,31.6,26.2,21.4
02/03/1983,0.0,32.0,26.3,21.2
03/03/1983,0.0,32.0,26.7,22.4
04/03/1983,0.0,31.8,26.8,22.4
05/03/1983,0.0,32.2,26.8,22.7
06/03/1983,0.0,31.2,25.9,22.2
07/03/1983,0.0,31.6,26.8,22.6
08/03/1983,121.8,27.6,23.5,20.4
09/03/1983,2.6,28.7,24.6,20.2
10/03/1983,0.0,31.4,25.8,20.6
11/03/1983,0.5,31.3,26.2,21.3
12/03/1983,1.4,31.8,26.4,21.3
13/03/1983,0.0,31.0,25.7,21.1
14/03/1983,0.0,30.6,26.0,20.9
15/03/1983,1.4,31.2,26.2,22.0
16/03/1983,0.0,31.3,26.3,21.8
17/03/1983,0.0,31.2,26.4,22.5
18/03/1983,0.0,31.6,26.6,22.2
19/03/1983,0.0,31.8,26.1,22.5
20/03/1983,0.0,31.0,24.8,20.9
21/03/1983,37.5,28.0,24.5,20.8
22/03/1983,1.6,29.8,24.8,20.7
23/03/1983,0.0,29.8,25.4,21.4
24/03/1983,0.0,27.7,24.5,20.6
25/03/1983,25.4,29.2,25.0,21.2
26/03/1983,17.3,28.9,25.0,20.9
27/03/1983,5.1,26.9,24.0,20.1
28/03/1983,5.4,30.6,25.4,20.8
29/03/1983,7.0,30.6,25.3,21.1
30/03/1983,1.1,30.4,25.6,21.8
31/03/1983,8.2,27.9,24.6,20.7
01/04/1983,18.6,30.4,25.5,20.7
02/04/1983,0.0,31.4,25.1,20.9
03/04/1983,0.0,31.4,26.3,21.3
04/04/1983,0.0,30.6,25.1,20.0
05/04/1983,0.0,30.8,25.8,20.8
06/04/1983,0.2,30.1,25.4,21.3
07/04/1983,0.0,31.4,25.9,21.2
08/04/1983,0.0,31.6,26.2,21.3
09/04/1983,17.0,30.1,25.0,20.1
10/04/1983,45.2,29.1,24.1,20.9
11/04/1983,1.2,29.8,24.3,20.0
12/04/1983,0.0,31.8,24.9,20.4
13/04/1983,0.0,31.2,26.0,20.0
14/04/1983,0.3,31.3,25.4,21.0
15/04/1983,4.2,30.6,26.2,21.2
16/04/1983,0.0,31.6,26.7,22.1
17/04/1983,5.8,31.0,26.1,21.7
18/04/1983,20.4,30.4,25.7,20.8
19/04/1983,0.0,28.7,25.6,21.4
20/04/1983,0.3,30.8,25.8,21.3
21/04/1983,14.4,30.2,25.3,20.3
22/04/1983,0.4,31.1,25.8,22.0
23/04/1983,24.6,29.3,24.7,19.9
24/04/1983,1.3,31.2,25.9,19.9
25/04/1983,0.0,31.6,25.9,21.0
26/04/1983,18.5,29.6,24.8,20.4
27/04/1983,0.3,31.4,25.7,20.0
28/04/1983,0.0,31.2,25.8,20.8
29/04/1983,0.0,30.2,25.2,21.2
30/04/1983,0.0,31.6,25.8,20.5
01/05/1983,1.5,31.4,25.9,21.9
02/05/1983,0.7,30.8,24.6,20.4
03/05/1983,21.1,29.7,25.1,20.8
04/05/1983,0.0,27.8,24.5,20.9
05/05/1983,22.4,29.6,25.1,21.2
06/05/1983,10.8,31.3,25.7,20.9
07/05/1983,0.0,30.8,26.0,20.1
08/05/1983,2.6,30.6,25.5,20.7
09/05/1983,11.2,30.4,25.7,21.0
10/05/1983,9.3,30.6,25.4,21.6
11/05/1983,0.0,30.4,25.6,21.0
12/05/1983,1.7,31.0,25.9,20.8
13/05/1983,1.8,30.8,25.2,21.7
14/05/1983,0.0,31.6,25.8,21.5
15/05/1983,0.0,29.8,25.7,20.5
16/05/1983,10.3,29.3,25.0,20.4
17/05/1983,1.8,29.9,25.5,21.4
18/05/1983,0.0,31.4,26.2,21.2
19/05/1983,0.0,31.4,25.8,21.9
20/05/1983,0.6,30.8,25.0,20.3
21/05/1983,1.3,31.2,25.5,20.1
22/05/1983,1.8,31.4,25.9,21.7
23/05/1983,8.3,30.6,25.7,20.9
24/05/1983,0.0,30.4,25.4,21.7
25/05/1983,0.0,31.0,25.0,19.4
26/05/1983,0.0,31.2,24.8,19.6
27/05/1983,8.2,31.0,25.6,20.4
28/05/1983,0.0,30.0,25.3,21.7
29/05/1983,2.2,29.2,25.2,20.7
30/05/1983,0.4,31.2,25.7,20.6
31/05/1983,0.0,31.2,25.2,20.0
01/06/1983,1.6,31.9,25.3,18.8
02/06/1983,0.0,30.1,24.3,19.2
03/06/1983,2.0,30.9,24.8,21.7
04/06/1983,2.4,30.3,25.3,20.4
05/06/1983,0.6,30.7,25.7,20.3
06/06/1983,0.0,31.1,25.1,20.0
07/06/1983,0.0,32.0,25.3,18.6
08/06/1983,0.0,32.3,25.5,18.2
09/06/1983,0.0,31.9,25.5,18.9
10/06/1983,0.0,30.5,25.4,21.4
11/06/1983,0.0,31.1,25.2,20.0
12/06/1983,4.2,29.1,24.8,20.2
13/06/1983,3.0,30.7,25.1,19.0
14/06/1983,1.1,31.3,25.5,20.6
15/06/1983,0.3,31.1,24.3,20.0
16/06/1983,29.5,29.7,24.5,20.0
17/06/1983,0.0,30.3,25.4,20.0
18/06/1983,4.3,27.7,24.6,20.0
19/06/1983,4.7,28.8,23.7,19.8
20/06/1983,4.6,30.3,24.6,18.4
21/06/1983,1.8,30.7,25.1,20.8
22/06/1983,0.0,30.1,25.0,20.9
23/06/1983,0.0,29.3,24.1,18.6
24/06/1983,3.0,30.5,25.1,20.0
25/06/1983,0.0,31.6,25.6,20.2
26/06/1983,0.0,30.9,26.1,21.2
27/06/1983,0.0,31.5,24.7,18.6
28/06/1983,0.0,32.1,25.5,18.8
29/06/1983,0.0,31.6,25.5,20.7
30/06/1983,4.0,30.1,24.6,19.8
01/07/1983,1.6,29.7,24.4,20.0
02/07/1983,7.6,30.7,24.4,18.2
03/07/1983,0.0,31.3,25.4,18.4
04/07/1983,0.0,31.0,25.1,19.7
05/07/1983,0.0,30.8,24.8,19.5
06/07/1983,0.0,30.1,24.3,20.1
07/07/1983,0.0,30.6,24.4,19.5
08/07/1983,0.0,30.6,25.0,19.7
09/07/1983,0.0,31.2,25.3,18.3
10/07/1983,0.0,31.4,25.1,19.1
11/07/1983,0.0,30.6,25.2,20.4
12/07/1983,0.0,30.8,25.0,18.9
13/07/1983,0.0,31.0,25.1,19.9
14/07/1983,0.0,30.8,25.0,20.3
15/07/1983,0.0,31.8,25.1,19.7
16/07/1983,0.0,30.6,25.2,20.1
17/07/1983,0.0,30.8,25.7,20.9
18/07/1983,0.0,30.6,24.9,20.0
19/07/1983,0.0,31.2,25.3,19.9
20/07/1983,0.0,31.8,24.7,19.4
21/07/1983,0.0,31.8,25.1,18.7
22/07/1983,0.0,28.9,23.6,19.7
23/07/1983,11.2,30.0,24.3,18.9
24/07/1983,0.0,30.8,24.9,18.7
25/07/1983,0.0,31.8,25.3,19.8
26/07/1983,0.0,31.6,24.8,18.0
27/07/1983,0.0,31.4,25.1,20.0
28/07/1983,0.0,31.4,25.0,19.6
29/07/1983,0.0,30.6,24.4,18.2
30/07/1983,0.0,30.8,25.2,19.3
31/07/1983,0.0,31.6,25.3,18.9
01/08/1983,0.0,32.0,24.9,21.9
02/08/1983,1.2,32.0,25.0,19.8
03/08/1983,1.2,28.7,24.3,19.9
04/08/1983,0.0,27.9,24.3,20.9
05/08/1983,18.8,29.8,24.5,19.9
06/08/1983,19.2,29.8,24.4,19.9
07/08/1983,0.0,30.8,24.5,19.5
08/08/1983,10.4,30.9,24.6,18.2
09/08/1983,0.0,31.1,25.5,20.7
10/08/1983,0.0,31.7,25.1,18.8
11/08/1983,0.0,31.4,25.0,18.0
12/08/1983,7.2,31.5,24.7,19.5
13/08/1983,0.0,31.2,25.1,18.9
14/08/1983,0.0,32.4,26.3,19.9
15/08/1983,0.0,31.9,26.3,21.8
16/08/1983,0.0,30.8,25.8,21.4
17/08/1983,0.0,31.6,25.9,21.5
18/08/1983,0.0,31.0,24.9,18.4
19/08/1983,0.0,31.5,25.7,19.2
20/08/1983,6.4,31.0,24.6,20.7
21/08/1983,2.0,30.8,24.8,18.9
22/08/1983,0.0,31.2,25.5,19.6
23/08/1983,0.0,31.0,25.4,20.0
24/08/1983,0.0,32.0,26.1,21.4
25/08/1983,0.0,31.8,25.3,20.3
26/08/1983,0.0,31.2,26.1,21.2
27/08/1983,0.0,31.4,26.1,21.7
28/08/1983,0.0,30.8,25.2,20.7
29/08/1983,0.0,32.5,25.5,18.8
30/08/1983,0.0,32.1,25.1,20.7
31/08/1983,25.2,31.2,25.5,20.2
01/09/1983,0.0,31.1,25.6,20.7
02/09/1983,0.0,32.6,25.6,19.1
03/09/1983,0.0,32.7,25.8,18.8
04/09/1983,0.0,33.3,26.3,20.0
05/09/1983,0.0,32.6,25.6,20.0
06/09/1983,0.0,31.6,25.8,21.3
07/09/1983,0.0,32.0,25.3,19.3
08/09/1983,0.0,33.6,25.8,18.2
09/09/1983,0.0,34.0,25.9,18.6
10/09/1983,0.0,33.6,26.5,18.9
11/09/1983,0.0,33.0,26.7,20.5
12/09/1983,0.0,32.3,25.3,18.4
13/09/1983,0.0,32.9,26.4,19.0
14/09/1983,0.0,33.1,26.2,19.4
15/09/1983,0.0,32.7,26.6,21.1
16/09/1983,0.0,32.2,26.2,20.2
17/09/1983,0.0,33.3,26.3,18.4
18/09/1983,0.0,33.4,26.8,20.4
19/09/1983,0.0,33.6,26.9,19.9
20/09/1983,0.0,33.8,26.5,19.9
21/09/1983,0.0,33.3,26.7,19.8
22/09/1983,0.0,32.4,26.4,19.9
23/09/1983,0.0,32.2,26.3,19.9
24/09/1983,0.0,32.6,26.5,20.7
25/09/1983,0.0,33.8,26.9,20.9
26/09/1983,0.0,33.9,27.5,21.4
27/09/1983,0.0,33.3,26.9,21.2
28/09/1983,0.0,32.5,26.0,20.2
29/09/1983,0.0,33.4,26.7,20.2
30/09/1983,0.0,33.7,27.2,21.2
01/10/1983,0.0,34.3,27.7,21.7
02/10/1983,0.0,33.5,27.2,22.2
03/10/1983,0.0,33.6,27.1,21.1
04/10/1983,0.0,33.6,26.8,21.3
05/10/1983,0.0,33.8,26.6,20.5
06/10/1983,0.0,33.4,26.8,20.7
07/10/1983,0.0,34.4,27.3,20.3
08/10/1983,0.0,32.8,26.8,22.7
09/10/1983,0.0,33.7,27.6,21.5
10/10/1983,0.0,33.9,27.1,20.4
11/10/1983,0.0,34.6,28.0,21.3
12/10/1983,0.0,34.0,27.3,20.1
13/10/1983,0.0,34.1,27.4,21.2
14/10/1983,0.0,35.8,27.6,20.4
15/10/1983,0.0,34.7,27.9,22.2
16/10/1983,0.0,34.5,28.2,22.0
17/10/1983,0.0,34.2,27.9,22.1
18/10/1983,0.0,35.2,28.1,20.1
19/10/1983,0.0,34.8,27.4,20.3
20/10/1983,0.0,34.2,27.6,20.7
21/10/1983,0.0,34.8,27.5,21.0
22/10/1983,0.0,33.6,26.4,20.3
23/10/1983,0.0,33.6,26.7,22.7
24/10/1983,0.0,34.4,26.6,21.0
25/10/1983,0.0,32.9,26.6,20.9
26/10/1983,0.0,33.9,25.5,20.6
27/10/1983,8.0,32.2,25.8,20.2
28/10/1983,0.0,32.6,26.2,20.8
29/10/1983,0.0,34.1,27.0,20.4
30/10/1983,0.0,34.1,28.1,21.6
31/10/1983,0.0,32.2,26.2,23.0
01/11/1983,37.6,28.5,24.6,20.9
02/11/1983,0.0,32.2,27.0,20.5
03/11/1983,0.0,33.2,26.9,20.1
04/11/1983,0.0,34.2,27.3,20.7
05/11/1983,0.0,33.8,26.6,19.9
06/11/1983,0.0,32.8,26.7,21.5
07/11/1983,0.0,33.7,27.1,20.5
08/11/1983,0.0,34.9,28.1,21.6
09/11/1983,0.0,33.9,27.8,22.0
10/11/1983,0.0,33.8,27.0,22.2
11/11/1983,0.0,33.6,27.1,20.4
12/11/1983,0.0,33.6,27.6,22.5
13/11/1983,0.0,34.5,28.1,21.4
14/11/1983,0.0,33.4,28.0,22.5
15/11/1983,0.0,32.4,27.0,21.1
16/11/1983,0.0,33.6,27.4,21.7
17/11/1983,0.0,34.6,27.8,21.5
18/11/1983,0.0,33.8,27.4,19.8
19/11/1983,0.0,32.8,26.9,21.9
20/11/1983,0.0,33.4,27.3,21.9
21/11/1983,0.0,30.7,26.3,20.4
22/11/1983,0.0,33.7,27.7,22.4
23/11/1983,0.0,35.1,28.3,21.6
24/11/1983,0.0,34.9,27.2,20.0
25/11/1983,0.0,33.3,27.9,22.1
26/11/1983,0.0,34.0,28.2,21.5
27/11/1983,0.0,32.7,27.3,23.1
28/11/1983,0.0,34.4,26.2,19.4
29/11/1983,0.0,34.0,26.7,19.1
30/11/1983,0.0,32.8,27.3,22.1
01/12/1983,0.0,34.2,27.5,22.2
02/12/1983,0.0,34.2,27.5,22.3
03/12/1983,0.0,32.4,26.9,22.1
04/12/1983,32.6,29.4,25.3,20.5
05/12/1983,19.6,29.1,25.0,21.9
06/12/1983,14.3,29.6,24.1,18.8
07/12/1983,0.0,30.5,24.9,19.8
08/12/1983,0.0,29.3,24.0,20.4
09/12/1983,46.8,30.4,24.9,19.9
10/12/1983,0.0,32.1,26.0,19.5
11/12/1983,0.0,32.9,27.0,19.9
12/12/1983,15.5,29.8,24.6,19.4
13/12/1983,0.0,29.8,24.5,19.5
14/12/1983,0.0,32.8,26.6,20.1
15/12/1983,0.0,32.6,26.8,19.7
16/12/1983,4.8,30.4,24.1,20.3
17/12/1983,0.8,30.8,23.9,18.5
18/12/1983,0.0,31.2,25.5,19.7
19/12/1983,0.0,31.8,26.1,19.6
20/12/1983,0.0,32.7,26.6,20.6
21/12/1983,0.0,33.6,26.6,20.0
22/12/1983,0.0,32.0,26.6,20.2
23/12/1983,0.3,32.1,26.0,20.6
24/12/1983,0.0,32.1,25.7,20.8
25/12/1983,0.0,32.6,26.9,21.8
26/12/1983,0.0,32.4,26.8,21.9
27/12/1983,0.0,31.8,25.7,20.7
28/12/1983,28.3,27.7,23.4,18.9
29/12/1983,0.0,30.4,25.0,19.3
30/12/1983,0.0,31.8,26.3,20.9
31/12/1983,0.0,32.4,26.3,20.5
01/01/1984,0.0,31.6,25.6,20.7
02/01/1984,12.7,29.0,21.9,18.2
03/01/1984,10.4,29.7,23.4,17.6
04/01/1984,0.0,29.1,24.4,18.8
05/01/1984,1.0,31.2,25.6,19.4
06/01/1984,0.0,29.3,24.2,19.6
07/01/1984,1.0,29.7,25.0,19.9
08/01/1984,4.3,27.8,24.8,19.8
09/01/1984,2.5,30.4,22.6,17.6
10/01/1984,0.9,26.9,22.9,18.7
11/01/1984,5.2,26.3,22.5,18.1
12/01/1984,3.6,30.6,24.8,18.5
13/01/1984,0.0,31.8,25.7,20.7
14/01/1984,0.0,31.4,25.1,19.1
15/01/1984,0.0,32.2,25.3,19.5
16/01/1984,0.0,32.2,25.1,20.2
17/01/1984,5.4,29.1,24.2,19.9
18/01/1984,1.2,31.2,25.4,19.7
19/01/1984,25.8,28.2,23.6,20.0
20/01/1984,5.4,28.6,24.4,19.6
21/01/1984,0.0,29.9,24.5,20.5
22/01/1984,0.0,30.2,25.0,20.3
23/01/1984,1.0,31.4,25.3,19.6
24/01/1984,0.0,28.5,23.4,19.5
25/01/1984,10.8,28.5,23.5,18.5
26/01/1984,0.0,29.1,23.7,18.1
27/01/1984,0.0,30.6,24.7,19.5
28/01/1984,0.0,30.0,24.6,19.3
29/01/1984,0.0,28.7,24.5,20.3
30/01/1984,0.0,29.4,23.5,19.0
31/01/1984,22.2,29.4,24.0,19.0
01/02/1984,0.0,30.7,23.7,19.2
02/02/1984,0.0,31.3,24.6,18.1
03/02/1984,0.0,28.3,24.4,19.8
04/02/1984,4.4,28.7,23.1,19.2
05/02/1984,50.4,30.2,24.7,18.0
06/02/1984,0.0,30.3,24.5,18.0
07/02/1984,5.3,30.1,24.3,18.8
08/02/1984,10.1,29.1,24.0,19.0
09/02/1984,41.9,28.4,24.0,19.7
10/02/1984,15.1,27.2,23.8,19.6
11/02/1984,2.3,28.8,24.4,19.6
12/02/1984,7.5,30.8,25.0,19.4
13/02/1984,0.0,27.5,23.6,20.4
14/02/1984,9.9,29.7,24.6,19.6
15/02/1984,31.5,29.9,24.9,19.6
16/02/1984,9.7,29.2,23.9,18.8
17/02/1984,0.0,29.4,24.5,19.7
18/02/1984,0.0,31.4,25.5,19.7
19/02/1984,0.0,31.6,26.2,20.1
20/02/1984,0.0,31.2,25.1,20.2
21/02/1984,1.6,28.1,23.4,19.9
22/02/1984,5.4,30.3,24.9,19.8
23/02/1984,0.0,29.7,25.3,20.6
24/02/1984,1.9,30.5,25.0,19.5
25/02/1984,5.3,27.8,23.8,19.4
26/02/1984,4.3,27.4,23.9,19.4
27/02/1984,8.7,29.7,24.7,19.8
28/02/1984,1.2,30.0,24.3,19.2
29/02/1984,6.0,30.6,24.9,19.8
01/03/1984,13.0,29.0,24.3,19.2
02/03/1984,0.0,28.3,23.6,19.1
03/03/1984,10.1,29.8,24.6,19.3
04/03/1984,0.0,31.2,25.4,20.1
05/03/1984,3.4,31.6,26.0,20.9
06/03/1984,60.6,26.8,23.2,20.1
07/03/1984,7.8,30.2,24.7,19.7
08/03/1984,0.0,26.7,23.7,20.3
09/03/1984,6.5,29.5,24.5,20.2
10/03/1984,0.0,29.8,24.6,19.1
11/03/1984,25.2,31.0,25.2,19.3
12/03/1984,0.4,29.8,24.9,21.0
13/03/1984,74.3,25.9,22.3,18.6
14/03/1984,7.4,29.3,24.0,19.0
15/03/1984,1.8,31.2,25.2,19.6
16/03/1984,19.0,26.0,22.6,18.9
17/03/1984,2.7,30.6,24.8,18.7
18/03/1984,0.0,30.8,25.0,21.5
19/03/1984,7.8,30.6,25.7,21.2
20/03/1984,27.7,27.9,23.8,20.0
21/03/1984,6.8,28.6,24.7,20.0
22/03/1984,35.4,30.6,25.4,21.0
23/03/1984,3.3,31.4,25.6,20.0
24/03/1984,4.2,30.5,25.7,20.9
25/03/1984,21.2,27.1,23.7,20.1
26/03/1984,42.6,30.8,24.6,20.2
27/03/1984,0.0,31.0,25.2,20.4
28/03/1984,0.4,30.4,25.2,21.4
29/03/1984,0.6,29.5,25.0,20.7
30/03/1984,0.0,31.2,25.9,21.1
31/03/1984,10.2,28.9,25.0,20.5
01/04/1984,39.6,26.1,22.7,20.2
02/04/1984,29.9,28.9,23.8,19.6
03/04/1984,6.3,29.8,24.8,20.2
04/04/1984,9.8,29.0,24.8,21.0
05/04/1984,3.2,29.6,24.5,20.7
06/04/1984,6.6,29.5,24.5,20.9
07/04/1984,4.4,25.8,22.8,19.9
08/04/1984,21.8,27.5,23.3,19.5
09/04/1984,12.8,29.6,24.0,19.8
10/04/1984,1.4,29.6,24.9,19.7
11/04/1984,7.6,29.8,25.2,21.0
12/04/1984,2.7,30.1,24.7,21.2
13/04/1984,12.2,30.8,24.6,20.5
14/04/1984,30.7,30.0,24.9,20.5
15/04/1984,9.4,29.3,24.9,20.2
16/04/1984,18.6,30.0,25.1,20.7
17/04/1984,4.3,28.5,25.1,21.6
18/04/1984,36.1,25.5,23.2,20.6
19/04/1984,136.0,27.9,24.1,20.6
20/04/1984,0.0,28.3,24.7,20.8
21/04/1984,25.3,29.6,24.5,20.3
22/04/1984,0.0,28.7,24.2,20.5
23/04/1984,2.6,29.6,25.3,21.1
24/04/1984,12.8,30.5,25.8,21.6
25/04/1984,0.0,27.3,24.3,21.3
26/04/1984,37.0,28.7,24.1,19.7
27/04/1984,5.6,27.7,24.2,20.5
28/04/1984,11.8,28.1,23.8,20.5
29/04/1984,4.2,30.5,24.7,20.3
30/04/1984,0.0,28.9,24.7,21.2
01/05/1984,9.4,30.2,25.1,20.9
02/05/1984,3.2,30.6,25.3,21.2
03/05/1984,0.0,29.6,24.3,20.5
04/05/1984,16.4,26.9,23.5,19.9
05/05/1984,3.6,29.8,24.8,20.9
06/05/1984,0.6,29.6,24.3,20.5
07/05/1984,52.4,30.2,25.0,20.6
08/05/1984,0.0,28.5,23.9,20.6
09/05/1984,27.4,29.2,24.3,20.1
10/05/1984,4.0,27.9,23.9,20.5
11/05/1984,9.4,29.2,23.8,20.2
12/05/1984,0.5,31.8,25.3,19.5
13/05/1984,0.0,32.0,25.7,20.9
14/05/1984,0.0,30.8,25.6,20.8
15/05/1984,0.0,28.6,23.5,19.9
16/05/1984,58.8,29.4,24.3,19.2
17/05/1984,21.5,28.3,23.0,19.3
18/05/1984,13.9,30.2,24.1,18.6
19/05/1984,0.4,30.4,25.0,21.1
20/05/1984,0.0,30.4,25.4,20.5
21/05/1984,1.2,30.2,25.1,21.0
22/05/1984,13.9,27.5,23.9,20.8
23/05/1984,34.9,25.1,23.4,20.6
24/05/1984,19.8,27.3,23.7,21.1
25/05/1984,2.5,28.7,24.7,20.4
26/05/1984,0.6,29.1,23.9,20.1
27/05/1984,1.6,30.6,24.9,19.9
28/05/1984,0.0,30.8,24.3,19.2
29/05/1984,8.4,29.8,25.2,21.2
30/05/1984,0.5,31.4,25.3,20.3
31/05/1984,0.0,30.8,25.0,19.1
01/06/1984,0.0,31.0,25.4,19.6
02/06/1984,27.0,29.6,24.6,19.7
03/06/1984,0.4,31.0,25.7,19.9
04/06/1984,0.0,30.3,24.9,19.5
05/06/1984,6.2,29.9,24.1,19.8
06/06/1984,0.6,27.7,24.1,20.2
07/06/1984,25.2,28.7,23.7,18.5
08/06/1984,4.8,28.5,23.1,18.1
09/06/1984,2.7,30.2,24.4,18.3
10/06/1984,1.0,31.0,25.5,20.9
11/06/1984,7.3,28.7,24.0,20.6
12/06/1984,0.0,29.2,24.6,20.0
13/06/1984,4.4,29.6,23.9,20.1
14/06/1984,7.2,30.0,23.7,18.2
15/06/1984,2.6,28.3,24.0,18.2
16/06/1984,0.0,30.0,24.3,18.7
17/06/1984,4.2,30.4,25.2,19.7
18/06/1984,0.0,30.2,23.5,18.6
19/06/1984,16.9,27.9,24.1,20.4
20/06/1984,2.4,28.7,23.8,19.4
21/06/1984,0.0,30.8,23.9,18.8
22/06/1984,6.0,31.0,24.6,17.2
23/06/1984,0.0,31.0,24.6,18.0
24/06/1984,2.0,29.3,24.0,20.1
25/06/1984,2.4,29.6,23.7,20.7
26/06/1984,0.4,30.4,24.2,18.0
27/06/1984,0.3,31.0,24.6,19.5
28/06/1984,0.0,31.4,24.4,17.7
29/06/1984,0.0,31.8,25.6,19.7
30/06/1984,0.0,28.3,24.7,20.3
01/07/1984,0.0,29.4,24.5,20.8
02/07/1984,0.0,30.0,24.3,19.7
03/07/1984,1.8,29.4,24.0,19.8
04/07/1984,42.2,30.4,24.5,18.7
05/07/1984,0.0,29.6,24.9,20.3
06/07/1984,1.2,29.8,23.5,18.5
07/07/1984,0.7,29.8,24.2,17.9
08/07/1984,1.0,31.2,24.9,17.5
09/07/1984,0.4,30.4,24.8,20.4
10/07/1984,9.5,29.2,23.6,19.9
11/07/1984,9.0,29.8,24.3,18.2
12/07/1984,0.0,31.0,23.3,17.9
13/07/1984,2.4,30.8,24.0,18.0
14/07/1984,4.6,30.0,23.9,20.7
15/07/1984,0.7,30.8,24.3,18.3
16/07/1984,0.0,30.6,24.1,17.9
17/07/1984,6.8,29.4,23.1,18.7
18/07/1984,6.6,29.6,23.3,18.7
19/07/1984,3.7,29.2,24.8,19.6
20/07/1984,0.3,29.8,23.7,20.0
21/07/1984,2.2,30.2,24.2,19.5
22/07/1984,1.2,31.8,24.0,19.3
23/07/1984,11.0,31.2,25.3,19.9
24/07/1984,0.0,30.6,24.4,19.7
25/07/1984,10.0,29.2,23.9,19.1
26/07/1984,0.0,30.0,23.4,18.9
27/07/1984,4.2,31.0,24.0,17.2
28/07/1984,0.0,31.4,23.8,17.3
29/07/1984,0.0,30.5,24.1,16.7
30/07/1984,0.0,32.0,25.4,19.3
31/07/1984,0.0,31.2,24.4,19.6
01/08/1984,0.0,31.0,24.8,20.0
02/08/1984,0.0,30.2,23.8,20.0
03/08/1984,10.6,28.3,23.6,19.2
04/08/1984,0.0,30.6,25.1,18.1
05/08/1984,0.0,31.4,25.3,19.3
06/08/1984,3.4,31.0,25.0,19.9
07/08/1984,0.0,32.0,25.5,20.1
08/08/1984,0.0,32.0,25.3,20.9
09/08/1984,0.6,31.0,24.9,18.1
10/08/1984,0.0,31.6,25.3,18.3
11/08/1984,0.0,31.0,25.0,19.7
12/08/1984,0.6,31.0,25.0,20.3
13/08/1984,0.0,31.6,25.1,19.3
14/08/1984,0.0,30.8,25.3,19.9
15/08/1984,0.0,31.4,25.0,20.7
16/08/1984,0.0,30.8,24.3,18.7
17/08/1984,0.0,31.6,25.1,20.1
18/08/1984,0.0,30.4,24.8,19.3
19/08/1984,4.5,31.4,24.7,19.7
20/08/1984,0.0,31.2,25.3,19.3
21/08/1984,0.0,31.6,25.7,21.2
22/08/1984,0.0,31.0,24.6,19.9
23/08/1984,0.0,33.0,25.3,18.7
24/08/1984,0.3,32.8,26.3,19.7
25/08/1984,0.0,31.8,25.6,20.9
26/08/1984,0.0,30.6,25.4,18.7
27/08/1984,0.0,29.4,24.2,19.9
28/08/1984,1.4,26.1,23.1,19.8
29/08/1984,14.5,29.2,23.1,18.3
30/08/1984,9.8,26.3,23.2,19.3
31/08/1984,1.6,29.4,24.1,19.3
01/09/1984,15.5,29.6,23.9,19.9
02/09/1984,0.0,31.0,23.9,20.0
03/09/1984,11.9,30.8,24.7,20.3
04/09/1984,0.2,30.0,24.7,19.9
05/09/1984,13.0,31.4,23.9,18.0
06/09/1984,0.0,31.4,24.7,18.1
07/09/1984,0.0,29.6,24.3,19.2
08/09/1984,0.6,31.2,25.1,20.3
09/09/1984,0.0,31.8,24.0,18.9
10/09/1984,8.6,31.2,24.0,18.0
11/09/1984,0.0,31.4,24.2,19.3
12/09/1984,0.0,31.8,24.7,19.2
13/09/1984,0.0,31.6,25.0,19.2
14/09/1984,2.0,30.0,23.8,19.4
15/09/1984,1.1,30.6,24.4,19.0
16/09/1984,0.0,31.4,25.2,19.9
17/09/1984,0.0,32.2,24.5,18.8
18/09/1984,6.8,30.6,24.6,18.2
19/09/1984,0.0,31.6,25.3,20.1
20/09/1984,0.0,31.2,24.6,18.7
21/09/1984,0.0,32.0,25.1,19.4
22/09/1984,0.0,31.4,25.7,22.9
23/09/1984,0.0,31.2,24.4,16.5
24/09/1984,0.0,31.2,24.8,19.1
25/09/1984,0.0,32.2,24.4,19.2
26/09/1984,0.0,33.0,25.5,18.3
27/09/1984,0.0,32.8,25.6,19.7
28/09/1984,0.6,32.6,25.9,20.5
29/09/1984,0.0,31.8,25.0,19.1
30/09/1984,0.0,32.1,25.6,19.9
01/10/1984,0.0,32.0,25.6,19.8
02/10/1984,0.0,32.0,25.7,20.4
03/10/1984,4.6,32.3,25.0,19.4
04/10/1984,0.0,32.0,25.2,18.3
05/10/1984,0.0,32.4,26.4,20.6
06/10/1984,0.0,32.6,25.6,19.7
07/10/1984,8.5,32.0,25.3,21.3
08/10/1984,0.0,31.6,25.7,21.1
09/10/1984,0.4,31.4,25.0,20.5
10/10/1984,1.4,31.8,25.2,19.2
11/10/1984,0.0,31.2,25.8,21.6
12/10/1984,0.0,32.0,25.9,21.1
13/10/1984,0.0,31.0,25.1,21.4
14/10/1984,11.8,30.8,25.1,20.1
15/10/1984,0.0,32.2,25.9,19.4
16/10/1984,0.0,32.0,26.5,21.2
17/10/1984,0.0,31.0,25.3,20.8
18/10/1984,0.0,31.8,25.7,21.2
19/10/1984,0.0,31.0,25.3,20.4
20/10/1984,0.0,32.0,26.0,20.2
21/10/1984,0.0,32.6,26.5,20.8
22/10/1984,0.0,32.2,25.7,20.3
23/10/1984,0.0,33.4,26.1,18.6
24/10/1984,0.0,32.4,26.6,21.0
25/10/1984,0.0,32.4,27.0,21.8
26/10/1984,0.0,32.6,26.0,19.8
27/10/1984,0.0,33.4,27.1,21.6
28/10/1984,0.4,30.2,25.1,21.0
29/10/1984,0.0,29.8,25.0,20.6
30/10/1984,1.2,31.0,23.3,18.7
31/10/1984,8.5,29.2,24.0,18.8
01/11/1984,0.0,33.4,25.6,20.0
02/11/1984,0.0,31.6,25.6,20.0
03/11/1984,2.6,30.2,25.1,21.1
04/11/1984,1.4,31.2,25.7,21.1
05/11/1984,1.0,31.6,25.6,20.4
06/11/1984,0.0,31.5,26.1,21.2
07/11/1984,0.0,30.4,25.6,22.0
08/11/1984,0.0,29.2,24.1,20.7
09/11/1984,0.0,31.8,24.7,18.8
10/11/1984,0.0,32.4,25.6,20.1
11/11/1984,0.0,32.6,26.2,20.8
12/11/1984,0.0,32.2,26.3,19.6
13/11/1984,0.0,32.4,25.6,20.6
14/11/1984,0.0,32.6,26.1,19.4
15/11/1984,1.2,30.6,25.3,21.2
16/11/1984,0.0,30.0,24.9,20.3
17/11/1984,1.4,31.4,26.2,20.5
18/11/1984,0.0,32.0,25.9,20.1
19/11/1984,0.0,32.6,25.8,19.0
20/11/1984,0.0,32.8,25.8,18.4
21/11/1984,0.0,32.0,25.8,19.6
22/11/1984,0.0,32.8,25.5,19.2
23/11/1984,0.0,32.2,25.8,20.2
24/11/1984,0.0,32.4,26.7,21.8
25/11/1984,0.0,32.4,26.0,20.8
26/11/1984,0.0,32.8,26.4,20.3
27/11/1984,0.0,32.4,26.0,21.3
28/11/1984,0.0,32.2,25.4,20.2
29/11/1984,0.0,32.6,25.4,18.6
30/11/1984,0.0,30.9,24.7,21.0
01/12/1984,0.6,32.0,26.0,20.7
02/12/1984,0.0,32.4,26.2,20.3
03/12/1984,11.6,26.9,23.3,19.9
04/12/1984,10.9,30.0,24.5,19.0
05/12/1984,0.0,32.0,25.6,20.0
06/12/1984,0.0,33.0,26.4,20.4
07/12/1984,0.0,30.0,25.9,22.4
08/12/1984,0.0,31.6,25.9,20.3
09/12/1984,0.0,33.2,26.5,20.3
10/12/1984,0.8,31.2,25.3,20.2
11/12/1984,0.0,31.1,26.2,21.8
12/12/1984,0.0,30.0,25.4,21.2
13/12/1984,0.0,32.6,26.7,20.1
14/12/1984,0.0,31.8,26.1,20.5
15/12/1984,0.0,33.0,26.4,20.3
16/12/1984,0.0,31.2,25.8,21.6
17/12/1984,0.0,32.8,26.3,20.7
18/12/1984,0.0,32.8,25.8,19.6
19/12/1984,0.0,32.2,26.3,20.0
20/12/1984,5.8,30.0,24.2,18.8
21/12/1984,37.2,28.9,24.0,19.0
22/12/1984,0.0,28.3,23.8,20.3
23/12/1984,5.2,30.2,25.1,19.1
24/12/1984,0.0,31.2,25.4,20.1
25/12/1984,0.0,31.4,25.2,21.0
26/12/1984,0.0,30.6,25.6,20.8
27/12/1984,0.0,31.8,25.9,20.4
28/12/1984,0.0,30.8,26.0,21.7
29/12/1984,0.0,31.6,25.7,20.9
30/12/1984,5.4,29.6,24.8,20.3
31/12/1984,0.0,31.6,25.1,19.4
01/01/1985,0.0,31.9,25.7,21.2
02/01/1985,1.6,29.1,24.8,20.4
03/01/1985,6.8,30.0,24.8,20.0
04/01/1985,0.3,28.2,24.6,20.3
05/01/1985,0.5,30.8,25.2,20.7
06/01/1985,0.0,30.6,25.3,20.2
07/01/1985,1.2,26.7,24.4,21.0
08/01/1985,8.3,30.6,25.9,21.0
09/01/1985,6.8,26.9,24.3,22.0
10/01/1985,43.4,28.5,24.7,20.4
11/01/1985,4.4,26.9,23.4,20.3
12/01/1985,39.5,29.6,24.3,19.7
13/01/1985,1.4,30.1,25.0,20.7
14/01/1985,1.6,29.6,24.9,21.0
15/01/1985,0.0,27.7,24.3,21.2
16/01/1985,0.0,30.0,25.1,20.2
17/01/1985,38.6,26.3,23.0,20.0
18/01/1985,34.4,26.8,23.4,19.7
19/01/1985,0.0,29.6,24.3,19.7
20/01/1985,0.0,29.8,25.0,20.5
21/01/1985,52.0,28.7,24.6,20.5
22/01/1985,14.2,28.7,24.3,20.5
23/01/1985,18.0,24.9,22.9,19.8
24/01/1985,46.0,25.9,23.4,19.8
25/01/1985,1.6,28.1,23.9,19.7
26/01/1985,8.6,29.2,24.1,19.8
27/01/1985,9.4,28.5,23.6,20.1
28/01/1985,0.6,29.1,24.5,19.8
29/01/1985,4.0,26.7,23.6,19.8
30/01/1985,3.6,28.5,23.6,19.9
31/01/1985,0.0,29.4,23.8,19.5
01/02/1985,57.8,27.7,23.0,19.5
02/02/1985,30.4,24.9,22.2,18.5
03/02/1985,0.4,27.1,23.4,19.3
04/02/1985,27.0,26.9,22.8,18.6
05/02/1985,5.7,27.3,22.8,18.3
06/02/1985,4.4,29.2,23.5,19.3
07/02/1985,0.0,28.9,23.7,19.3
08/02/1985,1.0,30.0,24.8,19.8
09/02/1985,40.4,29.4,24.3,19.3
10/02/1985,0.0,29.5,23.6,19.3
11/02/1985,0.0,28.2,23.2,18.6
12/02/1985,19.8,28.9,23.3,18.4
13/02/1985,10.2,27.9,23.9,19.6
14/02/1985,5.5,28.9,23.8,19.4
15/02/1985,0.2,29.4,23.7,19.2
16/02/1985,0.0,30.2,24.8,20.2
17/02/1985,3.8,29.2,,
18/02/1985,1.4,27.7,,
19/02/1985,31.5,25.9,,
20/02/1985,5.0,27.7,,
21/02/1985,15.2,28.7,,
22/02/1985,18.9,29.3,,
23/02/1985,5.0,28.1,,
24/02/1985,45.4,25.7,,
25/02/1985,1.6,29.1,,
26/02/1985,2.2,29.4,,
27/02/1985,0.0,28.4,,
28/02/1985,0.6,29.1,,
01/03/1985,15.0,29.0,,
02/03/1985,2.6,30.3,,
03/03/1985,0.0,29.7,,
04/03/1985,0.0,30.3,,
05/03/1985,0.0,30.7,,
06/03/1985,3.6,29.6,,
07/03/1985,7.6,27.6,,
08/03/1985,20.6,28.7,,
09/03/1985,32.0,25.4,,
10/03/1985,13.0,24.0,,
11/03/1985,26.0,29.0,,
12/03/1985,0.3,26.8,,
13/03/1985,11.4,30.1,,
14/03/1985,0.4,29.1,,
15/03/1985,5.0,29.9,,
16/03/1985,0.0,29.1,,
17/03/1985,4.4,26.1,,
18/03/1985,23.4,24.2,,
19/03/1985,4.2,29.6,,
20/03/1985,18.2,29.5,,
21/03/1985,89.4,27.4,,
22/03/1985,18.0,27.2,,
23/03/1985,0.2,29.7,,
24/03/1985,6.0,29.9,,
25/03/1985,1.4,29.5,,
26/03/1985,0.0,30.3,,
27/03/1985,0.0,30.3,,
28/03/1985,0.0,30.5,,
29/03/1985,0.0,29.7,,
30/03/1985,0.0,29.3,,
31/03/1985,7.2,29.5,,
01/04/1985,0.0,29.6,,
02/04/1985,0.3,30.0,,
03/04/1985,0.0,29.1,,
04/04/1985,96.8,28.4,,
05/04/1985,0.4,28.7,,
06/04/1985,5.0,30.0,,
07/04/1985,0.0,30.2,,
08/04/1985,0.0,29.6,,
09/04/1985,0.0,30.0,,
10/04/1985,0.0,30.4,,
11/04/1985,14.0,29.4,,
12/04/1985,16.4,29.1,,
13/04/1985,21.8,29.2,,
14/04/1985,0.4,30.6,,
15/04/1985,2.6,30.0,,
16/04/1985,2.8,29.1,24.7,21.4
17/04/1985,0.0,29.2,24.3,20.6
18/04/1985,0.0,29.2,23.9,20.4
19/04/1985,0.0,30.0,25.1,20.2
20/04/1985,0.6,28.9,24.9,20.7
21/04/1985,2.6,30.1,25.3,21.4
22/04/1985,23.3,27.9,23.7,20.5
23/04/1985,10.0,29.4,24.0,20.1
24/04/1985,38.4,28.1,24.3,20.5
25/04/1985,24.8,29.5,24.6,20.7
26/04/1985,6.2,26.5,23.5,20.3
27/04/1985,14.8,27.1,23.3,19.9
28/04/1985,19.6,27.8,24.2,20.3
29/04/1985,0.0,28.8,24.6,20.6
30/04/1985,2.2,26.9,23.5,20.6
01/05/1985,0.6,29.1,24.1,19.8
02/05/1985,9.4,29.6,25.0,20.2
03/05/1985,0.6,29.6,24.6,20.8
04/05/1985,79.0,26.7,22.7,19.9
05/05/1985,2.4,28.7,23.5,18.9
06/05/1985,9.2,30.3,24.5,20.1
07/05/1985,14.8,29.1,24.0,19.9
08/05/1985,10.5,27.8,23.9,20.7
09/05/1985,9.4,29.3,24.6,21.1
10/05/1985,37.8,28.8,24.3,19.8
11/05/1985,52.6,28.7,24.2,21.3
12/05/1985,20.0,29.4,24.4,21.1
13/05/1985,0.0,28.5,23.8,19.5
14/05/1985,21.8,29.8,24.5,20.2
15/05/1985,0.0,29.4,24.1,21.3
16/05/1985,6.2,27.9,24.1,19.5
17/05/1985,0.0,27.5,24.0,21.1
18/05/1985,10.0,29.3,24.0,19.9
19/05/1985,39.6,29.1,24.9,20.8
20/05/1985,0.6,27.7,23.7,20.1
21/05/1985,15.4,28.9,24.0,19.0
22/05/1985,5.6,27.9,23.7,19.4
23/05/1985,33.0,26.7,23.2,19.7
24/05/1985,6.4,29.2,23.6,18.5
25/05/1985,24.8,29.4,24.3,18.7
26/05/1985,2.0,29.2,24.7,20.6
27/05/1985,9.2,28.1,24.2,20.5
28/05/1985,0.6,29.4,24.9,20.5
29/05/1985,0.0,29.1,24.6,19.9
30/05/1985,2.8,27.9,24.2,20.5
31/05/1985,2.2,29.7,25.0,21.0
01/06/1985,0.6,29.1,24.2,20.9
02/06/1985,6.2,30.4,24.6,19.9
03/06/1985,0.0,30.0,24.8,19.3
04/06/1985,0.3,29.4,24.1,21.0
05/06/1985,4.0,26.1,23.3,19.6
06/06/1985,0.0,29.4,23.7,18.8
07/06/1985,2.8,25.9,22.7,19.9
08/06/1985,32.8,28.5,22.9,17.5
09/06/1985,26.6,27.8,23.9,18.9
10/06/1985,0.0,27.5,22.9,19.7
11/06/1985,0.0,26.9,22.7,18.6
12/06/1985,6.6,27.4,23.1,18.8
13/06/1985,1.6,26.5,22.4,18.8
14/06/1985,9.4,28.1,23.3,18.8
15/06/1985,8.4,27.5,22.9,19.9
16/06/1985,6.4,29.4,23.3,17.9
17/06/1985,2.0,29.6,24.1,20.4
18/06/1985,0.0,29.3,23.8,18.8
19/06/1985,1.1,30.0,24.5,19.6
20/06/1985,8.8,27.7,23.7,20.1
21/06/1985,5.0,27.8,23.7,20.0
22/06/1985,0.0,29.8,24.3,18.5
23/06/1985,0.0,29.4,24.2,20.5
24/06/1985,7.4,30.3,24.0,19.0
25/06/1985,0.0,31.0,23.7,18.6
26/06/1985,0.0,31.2,24.4,19.8
27/06/1985,0.0,30.6,24.6,19.8
28/06/1985,6.0,28.4,24.4,20.4
29/06/1985,0.0,30.3,24.3,18.5
30/06/1985,0.0,30.8,24.0,18.5
01/07/1985,0.2,30.0,24.6,20.7
02/07/1985,0.0,29.4,24.1,20.5
03/07/1985,3.7,30.0,24.5,18.7
04/07/1985,0.0,29.6,23.4,19.0
05/07/1985,0.6,30.0,24.1,18.5
06/07/1985,0.0,31.0,24.4,17.8
07/07/1985,8.8,30.0,23.8,17.9
08/07/1985,0.0,30.0,24.4,19.2
09/07/1985,0.0,30.0,23.6,18.9
10/07/1985,0.0,30.0,24.7,20.3
11/07/1985,1.0,29.2,23.2,17.3
12/07/1985,5.2,29.5,24.0,17.9
13/07/1985,23.0,29.1,23.8,18.5
14/07/1985,4.2,28.5,23.0,19.1
15/07/1985,2.6,30.2,24.4,19.2
16/07/1985,0.0,30.6,23.9,17.7
17/07/1985,0.0,30.6,24.0,19.7
18/07/1985,7.8,30.0,24.4,20.1
19/07/1985,0.0,30.6,24.8,19.5
20/07/1985,0.0,30.0,24.0,19.7
21/07/1985,1.5,30.6,24.7,19.5
22/07/1985,0.0,30.4,24.4,18.0
23/07/1985,0.3,29.6,24.1,18.9
24/07/1985,13.6,30.4,24.5,19.5
25/07/1985,6.7,29.8,24.0,19.7
26/07/1985,0.3,29.1,24.0,19.9
27/07/1985,0.6,30.6,24.3,18.1
28/07/1985,0.0,30.2,24.5,19.3
29/07/1985,0.0,30.0,24.1,18.9
30/07/1985,6.0,28.9,23.9,20.3
31/07/1985,4.6,29.8,24.1,18.5
01/08/1985,0.0,29.6,23.6,18.0
02/08/1985,1.8,31.2,23.9,17.6
03/08/1985,0.0,28.9,23.9,19.3
04/08/1985,2.6,30.6,23.0,15.9
05/08/1985,0.0,31.6,24.2,17.7
06/08/1985,0.0,30.1,23.3,18.2
07/08/1985,3.8,30.4,24.7,20.6
08/08/1985,0.0,30.7,23.1,18.4
09/08/1985,29.2,30.4,24.7,19.6
10/08/1985,0.0,30.0,24.3,19.9
11/08/1985,4.5,27.6,24.1,20.1
12/08/1985,10.2,27.5,24.0,20.6
13/08/1985,0.0,26.1,23.4,20.9
14/08/1985,29.4,27.7,22.9,18.4
15/08/1985,9.5,30.2,24.1,18.0
16/08/1985,0.0,30.3,24.6,20.6
17/08/1985,0.0,29.8,24.6,19.9
18/08/1985,0.0,29.7,24.1,18.9
19/08/1985,0.0,29.6,24.6,20.2
20/08/1985,0.0,30.6,24.6,19.8
21/08/1985,0.0,30.0,24.6,19.2
22/08/1985,0.0,29.8,24.3,20.1
23/08/1985,0.0,30.6,24.5,20.0
24/08/1985,0.0,30.8,24.5,20.5
25/08/1985,0.0,30.7,24.7,20.1
26/08/1985,0.0,29.6,24.2,20.7
27/08/1985,7.0,30.4,25.0,20.8
28/08/1985,2.4,30.2,24.0,18.7
29/08/1985,0.0,30.4,25.0,20.6
30/08/1985,0.0,30.0,24.9,21.0
31/08/1985,0.0,30.2,24.7,20.9
01/09/1985,0.0,30.6,24.8,19.9
02/09/1985,0.0,31.2,25.1,20.6
03/09/1985,0.0,31.0,24.8,19.6
04/09/1985,0.0,30.4,25.1,20.4
05/09/1985,0.8,31.2,25.2,20.4
06/09/1985,0.4,31.1,25.3,19.8
07/09/1985,0.0,30.2,25.3,20.1
08/09/1985,0.0,31.0,24.2,17.5
09/09/1985,8.8,30.5,24.7,19.8
10/09/1985,0.0,31.0,25.4,20.1
11/09/1985,0.0,30.6,25.5,21.1
12/09/1985,0.0,30.6,24.9,20.8
13/09/1985,0.0,30.4,24.3,21.4
14/09/1985,4.0,30.0,25.2,21.1
15/09/1985,0.0,29.8,24.7,20.9
16/09/1985,0.0,31.4,24.7,19.4
17/09/1985,1.0,30.6,25.2,20.5
18/09/1985,0.0,31.0,24.9,20.6
19/09/1985,0.0,31.0,24.9,19.7
20/09/1985,0.0,31.6,24.9,19.6
21/09/1985,0.0,32.8,25.3,18.6
22/09/1985,0.0,32.0,25.7,20.9
23/09/1985,0.0,32.0,25.9,21.5
24/09/1985,0.0,31.2,25.0,21.6
25/09/1985,0.0,31.4,24.7,20.2
26/09/1985,0.0,32.0,25.1,18.5
27/09/1985,0.0,31.2,25.1,20.1
28/09/1985,0.0,32.6,25.9,20.9
29/09/1985,0.0,32.0,25.1,20.9
30/09/1985,2.8,30.4,24.0,20.0
01/10/1985,8.2,31.0,24.5,19.4
02/10/1985,0.0,31.3,26.3,21.8
03/10/1985,0.0,33.4,26.3,21.8
04/10/1985,0.0,32.8,25.6,19.9
05/10/1985,0.0,31.6,25.0,19.3
06/10/1985,0.0,32.6,24.9,19.9
07/10/1985,0.0,33.0,25.6,21.1
08/10/1985,0.0,32.6,26.3,21.1
09/10/1985,0.0,30.8,24.8,20.1
10/10/1985,0.0,33.2,25.2,18.6
11/10/1985,0.0,31.6,25.2,20.4
12/10/1985,0.0,31.2,25.1,20.9
13/10/1985,0.0,32.4,25.5,20.3
14/10/1985,0.0,32.6,24.8,19.2
15/10/1985,1.0,33.0,25.5,20.0
16/10/1985,0.0,32.2,26.2,21.2
17/10/1985,0.0,30.8,26.0,22.0
18/10/1985,4.0,31.4,25.3,22.0
19/10/1985,0.0,30.8,25.9,21.5
20/10/1985,0.0,33.0,26.3,21.9
21/10/1985,0.0,33.0,26.4,20.5
22/10/1985,0.0,33.2,26.8,21.0
23/10/1985,0.0,32.0,26.1,22.1
24/10/1985,0.0,31.6,25.8,21.4
25/10/1985,0.0,32.6,25.3,20.8
26/10/1985,0.0,31.8,25.7,19.5
27/10/1985,0.0,31.8,25.6,20.8
28/10/1985,0.0,32.4,25.8,21.8
29/10/1985,0.0,31.8,25.5,19.6
30/10/1985,23.0,25.9,22.9,20.3
31/10/1985,2.8,31.0,25.1,20.6
01/11/1985,0.0,32.4,26.0,21.0
02/11/1985,0.0,31.0,25.3,21.1
03/11/1985,5.8,29.8,23.8,20.3
04/11/1985,23.0,31.0,24.6,19.9
05/11/1985,0.0,33.0,25.8,20.8
06/11/1985,0.0,32.6,26.3,22.4
07/11/1985,0.6,31.8,25.5,22.2
08/11/1985,12.8,32.7,26.0,21.9
09/11/1985,0.0,32.2,26.1,20.9
10/11/1985,0.0,30.8,25.5,21.5
11/11/1985,0.0,30.7,25.2,20.6
12/11/1985,0.0,31.2,25.0,20.8
13/11/1985,0.0,31.4,25.3,21.2
14/11/1985,0.0,31.5,25.0,20.1
15/11/1985,0.0,30.0,25.3,20.6
16/11/1985,1.0,30.8,25.0,20.3
17/11/1985,1.0,31.6,26.0,21.2
18/11/1985,0.0,31.5,26.0,21.6
19/11/1985,0.0,31.4,25.5,21.2
20/11/1985,0.0,29.8,25.1,21.6
21/11/1985,0.0,29.6,24.4,20.1
22/11/1985,0.9,28.9,23.2,20.4
23/11/1985,3.2,31.4,24.5,20.1
24/11/1985,0.0,31.6,25.3,20.5
25/11/1985,6.8,31.7,25.6,21.3
26/11/1985,0.0,31.8,26.0,21.6
27/11/1985,0.0,26.9,22.8,19.3
28/11/1985,37.1,30.6,24.0,18.0
29/11/1985,0.0,29.6,24.5,20.5
30/11/1985,108.0,30.4,24.4,18.3
01/12/1985,0.0,30.8,25.4,20.6
02/12/1985,0.0,30.4,24.7,21.7
03/12/1985,81.0,30.4,24.0,19.8
04/12/1985,0.0,32.8,25.7,21.2
05/12/1985,0.0,29.4,25.1,21.8
06/12/1985,2.7,30.0,25.2,22.1
07/12/1985,8.6,30.5,25.7,21.1
08/12/1985,6.1,27.5,24.5,21.7
09/12/1985,1.0,30.8,25.8,21.8
10/12/1985,22.6,25.7,23.2,21.2
11/12/1985,40.6,29.0,24.3,20.6
12/12/1985,6.2,26.9,24.2,21.2
13/12/1985,4.6,29.1,24.4,20.4
14/12/1985,5.5,27.5,23.6,20.9
15/12/1985,0.6,29.4,24.4,20.7
16/12/1985,0.0,29.2,24.8,20.7
17/12/1985,8.4,28.1,24.0,20.9
18/12/1985,4.0,27.9,24.6,20.8
19/12/1985,83.4,26.9,23.5,20.3
20/12/1985,16.0,29.0,25.1,20.4
21/12/1985,130.6,26.2,23.5,20.8
22/12/1985,20.2,27.5,23.0,19.5
23/12/1985,0.0,29.1,25.0,20.8
24/12/1985,12.2,29.0,24.3,20.8
25/12/1985,27.3,26.5,24.1,20.8
26/12/1985,97.2,27.3,23.1,20.3
27/12/1985,52.6,29.0,24.0,20.5
28/12/1985,0.0,29.2,23.7,19.9
29/12/1985,0.0,28.3,23.9,20.3
30/12/1985,107.8,24.7,22.2,19.9
31/12/1985,14.7,29.0,23.7,20.8
01/01/1986,0.0,28.1,24.0,20.6
02/01/1986,0.8,30.4,24.5,20.2
03/01/1986,0.0,30.6,25.2,20.0
04/01/1986,0.0,30.0,25.3,21.1
05/01/1986,4.0,30.0,25.2,20.9
06/01/1986,1.2,29.6,24.7,20.7
07/01/1986,0.3,30.0,25.1,21.8
08/01/1986,9.8,30.6,25.0,19.4
09/01/1986,9.4,29.6,24.3,20.4
10/01/1986,0.8,29.4,24.6,21.3
11/01/1986,0.0,30.2,25.5,21.5
12/01/1986,0.0,29.6,25.2,21.1
13/01/1986,0.6,30.0,25.1,21.6
14/01/1986,0.0,30.0,24.7,21.4
15/01/1986,0.0,29.1,24.4,20.5
16/01/1986,0.0,30.2,25.0,19.8
17/01/1986,0.0,30.0,25.2,21.4
18/01/1986,0.6,29.0,24.2,20.9
19/01/1986,1.6,29.6,24.4,20.0
20/01/1986,0.0,29.3,24.3,20.2
21/01/1986,0.0,29.6,25.0,21.2
22/01/1986,9.8,28.7,23.6,20.3
23/01/1986,27.6,29.8,24.5,20.5
24/01/1986,0.0,30.8,25.3,21.2
25/01/1986,0.2,29.4,24.3,20.5
26/01/1986,0.3,30.0,24.8,20.5
27/01/1986,0.0,27.5,23.4,20.5
28/01/1986,5.0,30.4,24.4,19.1
29/01/1986,0.0,30.2,25.0,21.1
30/01/1986,3.8,28.8,24.8,21.4
31/01/1986,33.4,25.5,21.5,19.1
01/02/1986,5.5,28.9,23.2,18.7
02/02/1986,0.0,30.0,24.6,19.8
03/02/1986,1.3,24.9,21.9,19.8
04/02/1986,58.2,29.2,23.5,18.5
05/02/1986,0.8,28.7,23.6,19.9
06/02/1986,2.6,30.0,24.7,20.0
07/02/1986,2.0,29.8,24.6,20.3
08/02/1986,0.0,30.0,24.2,20.4
09/02/1986,0.2,30.6,24.4,21.1
10/02/1986,0.2,27.5,24.6,20.6
11/02/1986,23.9,28.7,24.1,20.2
12/02/1986,0.0,30.0,23.5,19.4
13/02/1986,0.3,30.2,24.8,21.1
14/02/1986,2.0,29.2,23.8,20.6
15/02/1986,3.5,29.9,24.8,20.3
16/02/1986,0.0,30.0,24.6,20.0
17/02/1986,0.0,27.7,24.5,21.4
18/02/1986,18.6,29.6,24.4,19.4
19/02/1986,37.0,27.8,23.1,19.8
20/02/1986,0.8,28.1,23.5,19.9
21/02/1986,0.0,29.4,24.0,20.2
22/02/1986,3.6,30.0,24.0,19.7
23/02/1986,0.0,30.2,23.8,18.9
24/02/1986,2.3,26.0,23.1,20.0
25/02/1986,12.0,30.2,24.5,19.8
26/02/1986,0.8,27.7,23.6,20.7
27/02/1986,24.0,27.3,23.2,19.5
28/02/1986,0.8,29.6,24.4,20.5
01/03/1986,1.1,28.8,24.2,20.2
02/03/1986,0.6,24.5,22.5,19.8
03/03/1986,70.8,28.5,23.5,19.6
04/03/1986,0.8,29.8,24.2,20.4
05/03/1986,0.0,29.9,25.0,21.0
06/03/1986,1.8,29.6,24.1,21.0
07/03/1986,27.2,27.5,23.0,20.3
08/03/1986,85.6,27.5,23.0,19.1
09/03/1986,17.0,29.1,23.8,19.9
10/03/1986,0.2,29.4,25.3,22.1
11/03/1986,3.3,26.5,23.2,20.1
12/03/1986,0.0,26.7,23.1,19.2
13/03/1986,20.9,30.0,24.3,20.2
14/03/1986,0.5,29.2,24.4,20.3
15/03/1986,31.6,25.1,22.3,19.5
16/03/1986,24.6,27.9,23.2,19.2
17/03/1986,0.0,28.1,23.6,20.0
18/03/1986,0.9,28.7,24.3,20.5
19/03/1986,1.6,30.4,24.9,19.9
20/03/1986,0.0,30.6,24.9,20.0
21/03/1986,0.5,28.9,24.3,21.2
22/03/1986,48.8,28.5,23.3,18.7
23/03/1986,0.0,30.0,24.4,19.9
24/03/1986,0.0,29.9,24.5,20.9
25/03/1986,7.4,29.2,23.8,20.5
26/03/1986,0.0,29.6,24.6,20.9
27/03/1986,0.0,28.2,24.5,21.2
28/03/1986,1.1,28.7,24.7,21.0
29/03/1986,5.2,27.3,24.3,21.2
30/03/1986,23.6,29.6,24.9,21.1
31/03/1986,18.4,27.7,23.6,20.6
01/04/1986,53.6,25.7,23.6,20.2
02/04/1986,6.8,28.7,24.7,21.1
03/04/1986,21.3,29.6,24.7,21.5
04/04/1986,0.0,29.7,24.4,21.2
05/04/1986,15.6,29.8,25.1,21.5
06/04/1986,0.0,30.6,25.3,21.7
07/04/1986,34.4,26.7,23.5,21.3
08/04/1986,3.2,29.7,24.3,21.0
09/04/1986,8.7,29.1,24.3,20.9
10/04/1986,3.2,28.8,24.4,20.8
11/04/1986,0.0,28.7,24.7,21.3
12/04/1986,0.0,29.6,24.8,20.7
13/04/1986,0.0,30.0,25.5,21.5
14/04/1986,4.2,29.2,24.5,21.4
15/04/1986,0.0,29.6,25.0,21.2
16/04/1986,6.1,27.7,23.9,21.5
17/04/1986,2.4,30.2,24.9,20.9
18/04/1986,48.0,25.5,22.8,20.5
19/04/1986,18.0,24.7,22.8,20.5
20/04/1986,1.8,29.6,23.9,19.7
21/04/1986,0.0,29.4,24.4,19.6
22/04/1986,16.2,28.3,24.3,21.4
23/04/1986,7.2,28.1,24.3,20.3
24/04/1986,39.8,28.3,24.2,20.2
25/04/1986,3.8,30.2,24.9,20.4
26/04/1986,8.8,29.2,24.1,21.1
27/04/1986,9.6,29.8,25.2,20.7
28/04/1986,11.2,27.8,23.8,20.7
29/04/1986,10.8,28.7,24.2,20.9
30/04/1986,0.4,28.9,24.9,21.6
01/05/1986,0.0,29.7,25.1,21.2
02/05/1986,0.0,30.6,25.1,20.9
03/05/1986,5.8,29.5,25.1,21.8
04/05/1986,7.0,28.6,24.7,21.2
05/05/1986,14.5,29.2,24.5,20.5
06/05/1986,39.9,25.1,23.0,20.2
07/05/1986,12.7,30.0,24.6,20.4
08/05/1986,0.0,30.0,25.2,21.2
09/05/1986,3.2,30.4,25.3,21.7
10/05/1986,0.0,28.9,25.3,21.6
11/05/1986,0.7,29.4,24.9,21.6
12/05/1986,17.2,30.6,25.1,21.6
13/05/1986,3.0,30.6,24.7,20.4
14/05/1986,0.9,30.4,24.9,21.0
15/05/1986,0.0,30.2,24.9,21.4
16/05/1986,3.0,30.0,24.7,20.4
17/05/1986,1.0,30.6,24.9,19.8
18/05/1986,2.4,29.5,25.6,21.0
19/05/1986,0.0,29.4,25.1,22.2
20/05/1986,1.5,29.8,24.9,21.4
21/05/1986,3.3,29.5,24.3,20.1
22/05/1986,0.0,30.1,24.6,20.6
23/05/1986,7.0,28.0,24.4,20.5
24/05/1986,12.0,26.6,23.5,21.0
25/05/1986,4.8,29.1,24.3,20.6
26/05/1986,1.6,29.3,24.9,20.8
27/05/1986,0.0,29.1,24.1,20.8
28/05/1986,6.8,28.7,23.2,19.0
29/05/1986,1.4,28.8,24.3,19.9
30/05/1986,0.3,29.3,24.5,20.3
31/05/1986,0.0,27.7,23.2,19.2
01/06/1986,6.4,27.1,24.1,20.4
02/06/1986,15.6,27.1,23.3,20.5
03/06/1986,2.4,24.7,22.3,19.8
04/06/1986,11.0,28.7,23.1,19.2
05/06/1986,16.4,27.7,23.4,19.0
06/06/1986,0.0,29.6,23.9,18.5
07/06/1986,0.0,29.4,24.5,20.9
08/06/1986,1.2,29.4,24.7,20.5
09/06/1986,0.2,29.2,25.0,20.4
10/06/1986,3.4,29.0,24.4,20.6
11/06/1986,2.0,29.4,25.0,21.4
12/06/1986,6.2,29.2,24.5,21.0
13/06/1986,2.0,28.5,23.9,20.7
14/06/1986,10.0,27.5,23.2,19.7
15/06/1986,10.4,28.7,23.9,20.1
16/06/1986,1.4,30.4,23.6,18.2
17/06/1986,0.0,30.6,25.0,20.8
18/06/1986,0.0,30.7,24.6,18.2
19/06/1986,0.0,29.1,24.8,21.0
20/06/1986,0.3,29.4,24.9,21.8
21/06/1986,1.6,29.6,24.4,20.9
22/06/1986,0.0,30.4,24.6,19.9
23/06/1986,0.0,30.6,24.6,20.0
24/06/1986,0.0,30.6,24.6,19.7
25/06/1986,0.0,29.6,24.0,19.8
26/06/1986,0.0,30.8,24.5,18.4
27/06/1986,0.0,30.1,24.8,18.9
28/06/1986,0.0,30.0,24.8,21.5
29/06/1986,2.6,30.0,24.7,20.3
30/06/1986,0.0,30.1,24.6,19.2
01/07/1986,1.0,30.0,24.8,21.0
02/07/1986,0.0,30.0,24.7,20.1
03/07/1986,0.0,30.4,23.8,18.4
04/07/1986,0.0,30.0,24.5,19.0
05/07/1986,5.6,27.3,23.0,19.8
06/07/1986,8.2,28.7,23.3,19.9
07/07/1986,2.4,29.1,23.1,18.2
08/07/1986,42.8,27.8,23.4,19.8
09/07/1986,12.1,29.4,23.5,20.2
10/07/1986,6.0,29.6,24.0,19.7
11/07/1986,0.0,29.8,23.7,19.8
12/07/1986,0.0,30.0,23.6,18.1
13/07/1986,0.6,29.8,24.0,19.1
14/07/1986,0.0,29.1,23.6,18.0
15/07/1986,0.0,30.6,24.2,18.8
16/07/1986,0.0,29.4,24.4,20.1
17/07/1986,0.5,30.6,24.6,19.4
18/07/1986,0.0,30.8,24.5,18.0
19/07/1986,20.2,28.6,22.7,18.1
20/07/1986,0.0,29.8,23.8,18.5
21/07/1986,0.0,30.6,24.3,19.3
22/07/1986,0.0,30.0,24.5,19.3
23/07/1986,0.0,30.0,23.5,18.1
24/07/1986,3.2,29.6,23.2,17.5
25/07/1986,1.0,27.7,23.4,19.3
26/07/1986,0.5,29.7,23.7,17.9
27/07/1986,13.2,29.2,23.6,18.1
28/07/1986,0.0,30.0,23.8,18.2
29/07/1986,0.0,30.0,24.5,19.7
30/07/1986,0.0,30.4,24.3,19.1
31/07/1986,0.0,30.0,24.0,19.5
01/08/1986,0.0,29.8,24.5,19.7
02/08/1986,0.0,30.0,24.7,20.1
03/08/1986,0.0,30.4,23.8,18.4
04/08/1986,0.0,30.0,24.5,19.0
05/08/1986,0.0,30.8,24.9,19.8
06/08/1986,0.0,30.8,25.0,19.7
07/08/1986,0.0,30.6,24.3,17.3
08/08/1986,0.0,30.6,24.6,18.1
09/08/1986,0.0,31.0,23.9,17.6
10/08/1986,0.0,30.0,24.5,19.9
11/08/1986,0.0,31.0,24.8,20.2
12/08/1986,0.0,30.6,25.2,21.3
13/08/1986,0.0,31.2,24.0,19.9
14/08/1986,0.0,31.8,24.9,19.6
15/08/1986,0.0,31.6,24.6,18.8
16/08/1986,0.0,30.2,24.9,19.8
17/08/1986,0.0,29.8,24.8,21.3
18/08/1986,0.0,30.8,24.4,18.6
19/08/1986,0.0,30.0,24.0,18.0
20/08/1986,12.4,31.0,24.6,19.8
21/08/1986,0.0,31.2,24.8,19.4
22/08/1986,0.0,31.6,24.8,19.6
23/08/1986,0.0,31.6,25.2,20.5
24/08/1986,0.0,32.2,25.1,19.9
25/08/1986,0.0,31.6,25.5,21.4
26/08/1986,0.0,31.2,25.0,20.1
27/08/1986,0.0,30.6,24.4,20.4
28/08/1986,1.0,32.2,25.1,19.8
29/08/1986,0.0,30.8,24.0,18.9
30/08/1986,0.0,31.6,24.6,20.3
31/08/1986,1.0,30.8,24.6,18.7
01/09/1986,0.0,32.2,25.1,19.9
02/09/1986,0.0,31.6,25.6,20.3
03/09/1986,0.0,30.7,25.2,20.5
04/09/1986,0.0,30.2,25.5,21.1
05/09/1986,0.0,30.2,24.7,19.1
06/09/1986,8.4,30.2,24.0,17.7
07/09/1986,1.6,31.8,24.8,18.5
08/09/1986,2.7,31.3,25.7,21.1
09/09/1986,0.0,31.6,25.4,20.2
10/09/1986,0.0,31.4,25.7,21.1
11/09/1986,0.0,31.4,25.0,20.7
12/09/1986,0.0,31.3,25.4,20.7
13/09/1986,0.0,31.2,25.2,20.7
14/09/1986,0.0,31.5,25.2,20.7
15/09/1986,0.0,32.2,26.3,21.5
16/09/1986,0.0,32.4,25.5,18.8
17/09/1986,0.0,32.2,25.9,20.8
18/09/1986,0.0,31.8,25.7,20.4
19/09/1986,0.0,31.5,25.1,21.0
20/09/1986,1.6,32.2,25.3,19.5
21/09/1986,0.4,32.6,25.9,20.0
22/09/1986,0.0,32.3,25.3,20.4
23/09/1986,0.0,33.3,25.5,19.4
24/09/1986,0.0,32.9,26.2,21.2
25/09/1986,6.0,31.9,26.3,21.4
26/09/1986,0.0,31.6,25.7,21.7
27/09/1986,0.0,29.3,24.5,21.0
28/09/1986,0.0,30.5,25.2,19.5
29/09/1986,0.0,31.5,25.7,21.2
30/09/1986,0.0,31.3,25.7,21.0
01/10/1986,0.0,31.1,24.9,20.5
02/10/1986,0.9,30.7,24.6,21.0
03/10/1986,0.0,31.7,25.8,20.6
04/10/1986,0.0,32.4,25.2,19.0
05/10/1986,0.0,32.0,25.2,18.5
06/10/1986,0.3,33.0,25.7,19.4
07/10/1986,0.0,32.3,26.0,20.8
08/10/1986,0.0,33.3,26.8,21.8
09/10/1986,0.0,33.2,25.9,20.6
10/10/1986,0.0,31.6,25.9,21.6
11/10/1986,1.3,30.9,24.9,20.4
12/10/1986,0.0,32.2,25.6,20.4
13/10/1986,0.0,29.6,25.5,21.8
14/10/1986,1.0,30.7,24.3,19.8
15/10/1986,14.2,28.9,24.0,19.7
16/10/1986,0.0,32.6,25.1,18.8
17/10/1986,0.0,32.8,25.8,19.8
18/10/1986,0.0,31.8,25.8,19.6
19/10/1986,1.5,30.8,25.8,21.9
20/10/1986,0.0,31.0,25.2,20.6
21/10/1986,0.0,32.6,25.0,18.7
22/10/1986,0.0,32.2,25.8,19.8
23/10/1986,0.5,31.2,24.9,21.0
24/10/1986,0.0,29.5,24.3,20.8
25/10/1986,0.0,32.1,24.3,17.9
26/10/1986,0.0,32.8,24.8,18.1
27/10/1986,0.4,31.7,25.0,20.2
28/10/1986,0.0,32.6,25.5,20.2
29/10/1986,0.0,28.7,24.2,21.0
30/10/1986,0.3,30.7,25.3,20.2
31/10/1986,0.6,32.4,25.8,21.6
01/11/1986,3.8,28.4,24.7,21.7
02/11/1986,0.0,33.2,25.8,19.1
03/11/1986,0.0,31.4,23.8,18.5
04/11/1986,97.3,28.5,23.6,18.6
05/11/1986,0.0,30.4,24.7,20.6
06/11/1986,0.0,29.8,24.7,20.2
07/11/1986,0.0,31.6,25.4,20.4
08/11/1986,0.0,32.0,25.7,20.5
09/11/1986,0.0,31.6,25.8,21.3
10/11/1986,0.0,30.5,26.1,21.6
11/11/1986,0.0,30.8,25.3,20.8
12/11/1986,0.0,30.8,25.5,20.7
13/11/1986,0.0,30.6,25.3,20.2
14/11/1986,0.0,29.8,25.0,21.2
15/11/1986,0.0,30.4,24.9,20.3
16/11/1986,0.0,30.8,25.1,20.5
17/11/1986,0.0,29.6,24.8,20.8
18/11/1986,1.0,31.2,25.5,20.9
19/11/1986,0.0,30.6,25.6,21.2
20/11/1986,0.0,30.4,24.3,21.0
21/11/1986,6.3,29.1,23.5,19.3
22/11/1986,0.0,30.4,24.5,19.5
23/11/1986,3.8,30.6,25.2,20.1
24/11/1986,3.5,30.3,25.4,21.7
25/11/1986,0.0,30.6,25.1,21.4
26/11/1986,0.0,30.3,25.1,20.7
27/11/1986,0.0,31.2,25.2,20.2
28/11/1986,0.0,31.4,25.6,21.4
29/11/1986,0.0,32.2,26.0,20.9
30/11/1986,12.6,28.1,24.2,20.1
01/12/1986,0.4,29.6,23.9,19.3
02/12/1986,0.2,,,20.2
03/12/1986,0.0,,,
04/12/1986,0.0,30.6,,20.5
05/12/1986,0.2,31.2,25.1,20.3
06/12/1986,0.0,31.6,25.7,20.9
07/12/1986,0.0,31.2,25.0,20.6
08/12/1986,0.0,31.4,24.7,19.8
09/12/1986,0.0,32.3,25.9,19.9
10/12/1986,0.0,31.8,25.3,18.8
11/12/1986,0.0,31.8,25.9,21.1
12/12/1986,0.0,32.6,25.8,20.3
13/12/1986,0.0,32.8,26.2,20.9
14/12/1986,0.0,32.6,25.6,20.3
15/12/1986,0.0,31.6,25.2,20.0
16/12/1986,0.0,31.5,26.3,22.0
17/12/1986,0.0,31.2,25.6,22.4
18/12/1986,0.0,31.6,26.2,21.2
19/12/1986,0.0,32.8,26.6,21.3
20/12/1986,0.0,32.0,26.6,22.3
21/12/1986,0.0,31.6,26.1,21.1
22/12/1986,0.0,31.2,25.5,20.8
23/12/1986,0.0,31.8,25.8,20.2
24/12/1986,0.0,32.0,25.7,20.7
25/12/1986,0.0,32.2,26.4,21.6
26/12/1986,0.0,31.7,25.9,21.4
27/12/1986,4.0,31.4,25.9,20.9
28/12/1986,40.2,26.5,22.8,19.9
29/12/1986,9.9,28.9,23.5,20.0
30/12/1986,37.5,27.6,23.5,19.4
31/12/1986,0.6,29.2,24.4,19.6
01/01/1987,0.9,30.0,25.0,21.3
02/01/1987,0.6,28.9,24.7,20.9
03/01/1987,28.2,27.5,23.6,20.3
04/01/1987,0.6,27.5,22.8,19.1
05/01/1987,16.2,28.3,23.6,19.7
06/01/1987,3.7,30.2,24.2,18.7
07/01/1987,3.6,30.0,24.7,20.5
08/01/1987,0.4,28.1,24.5,21.1
09/01/1987,0.3,29.6,24.3,20.5
10/01/1987,0.0,29.8,24.3,20.3
11/01/1987,0.0,30.4,25.0,20.3
12/01/1987,0.0,30.8,25.5,20.7
13/01/1987,0.0,30.4,25.0,20.5
14/01/1987,0.0,30.0,25.0,20.5
15/01/1987,0.0,30.2,25.3,21.6
16/01/1987,0.0,28.9,24.9,21.1
17/01/1987,0.6,30.6,25.4,20.7
18/01/1987,8.6,28.9,24.4,20.7
19/01/1987,30.8,27.3,22.9,19.8
20/01/1987,18.5,26.3,23.2,18.2
21/01/1987,21.4,28.3,24.2,20.5
22/01/1987,3.1,26.7,24.1,20.5
23/01/1987,0.0,29.2,24.4,19.5
24/01/1987,0.0,30.2,25.2,21.1
25/01/1987,0.9,29.3,24.4,20.7
26/01/1987,1.0,29.8,24.3,19.5
27/01/1987,8.8,30.2,24.6,20.4
28/01/1987,0.0,30.3,25.2,21.1
29/01/1987,0.0,30.8,25.6,21.5
30/01/1987,0.0,30.6,25.7,21.3
31/01/1987,0.0,30.2,25.1,21.1
01/02/1987,0.0,30.7,25.8,21.9
02/02/1987,0.0,30.6,25.4,20.9
03/02/1987,1.4,30.8,25.6,20.5
04/02/1987,0.0,31.0,25.2,19.1
05/02/1987,0.0,31.2,25.6,20.1
06/02/1987,0.0,30.4,25.5,21.9
07/02/1987,0.0,30.2,25.2,21.1
08/02/1987,0.0,30.0,25.0,20.9
09/02/1987,0.0,30.2,25.2,21.2
10/02/1987,0.0,30.4,25.4,20.2
11/02/1987,0.4,29.6,25.2,20.7
12/02/1987,0.7,26.7,22.7,19.5
13/02/1987,0.0,29.8,24.3,19.5
14/02/1987,0.3,29.8,24.8,20.8
15/02/1987,27.2,29.6,24.4,20.3
16/02/1987,0.0,29.6,24.7,20.7
17/02/1987,10.0,28.8,24.0,20.5
18/02/1987,1.0,30.5,24.2,19.9
19/02/1987,0.2,30.2,25.2,20.2
20/02/1987,2.2,30.2,24.8,20.9
21/02/1987,0.0,30.4,25.3,21.1
22/02/1987,0.0,28.7,25.0,20.7
23/02/1987,28.4,30.4,24.9,20.3
24/02/1987,0.2,29.4,25.0,21.3
25/02/1987,3.2,28.5,24.5,20.5
26/02/1987,0.0,30.8,25.8,20.6
27/02/1987,0.6,30.4,25.0,21.2
28/02/1987,0.5,30.8,25.3,20.5
01/03/1987,0.5,31.2,25.9,20.5
02/03/1987,5.0,26.3,24.3,22.1
03/03/1987,12.8,25.4,23.6,20.8
04/03/1987,14.8,28.8,24.4,20.6
05/03/1987,0.2,30.7,24.7,20.7
06/03/1987,11.2,30.0,25.1,21.3
07/03/1987,39.0,26.5,24.0,21.1
08/03/1987,1.5,29.1,24.4,20.6
09/03/1987,0.0,30.5,24.9,19.6
10/03/1987,0.0,30.6,24.8,19.6
11/03/1987,1.2,30.2,25.3,21.1
12/03/1987,66.6,25.5,22.1,17.5
13/03/1987,2.4,28.8,23.7,19.5
14/03/1987,9.2,28.8,24.6,19.9
15/03/1987,0.6,29.7,24.6,20.5
16/03/1987,7.5,31.1,25.5,21.3
17/03/1987,4.4,28.8,24.5,20.9
18/03/1987,57.8,29.2,24.6,20.1
19/03/1987,0.5,29.2,25.0,20.8
20/03/1987,1.2,30.6,25.5,21.4
21/03/1987,2.3,30.0,25.3,20.9
22/03/1987,2.3,29.9,25.3,21.6
23/03/1987,6.0,30.2,25.6,20.9
24/03/1987,2.0,29.4,25.3,21.1
25/03/1987,1.0,28.9,25.0,21.5
26/03/1987,1.0,30.4,25.1,20.5
27/03/1987,0.6,27.0,23.9,20.7
28/03/1987,80.0,29.2,24.7,20.3
29/03/1987,0.0,30.4,25.2,20.2
30/03/1987,0.0,30.1,25.4,21.2
31/03/1987,0.0,30.1,24.9,20.5
01/04/1987,0.2,31.2,25.3,20.9
02/04/1987,4.0,30.3,25.4,20.6
03/04/1987,0.4,30.7,25.7,20.6
04/04/1987,2.5,30.7,25.0,20.7
05/04/1987,5.2,27.8,24.5,21.2
06/04/1987,0.2,29.6,24.4,19.9
07/04/1987,45.5,30.0,25.0,20.3
08/04/1987,0.0,29.8,24.8,20.2
09/04/1987,4.4,30.4,25.3,20.9
10/04/1987,23.6,28.9,25.0,21.1
11/04/1987,33.6,30.4,25.3,21.1
12/04/1987,4.0,29.2,24.9,20.7
13/04/1987,39.4,28.4,24.4,20.6
14/04/1987,9.4,27.5,24.3,20.6
15/04/1987,1.0,29.2,24.8,21.0
16/04/1987,28.1,30.7,25.5,20.1
17/04/1987,7.8,30.5,25.3,20.6
18/04/1987,30.6,29.7,25.0,20.6
19/04/1987,41.9,27.2,24.4,20.0
20/04/1987,5.6,30.6,25.5,21.5
21/04/1987,0.0,30.0,25.5,21.3
22/04/1987,14.8,30.4,24.9,21.5
23/04/1987,6.2,29.4,24.7,20.4
24/04/1987,21.6,28.1,24.6,20.3
25/04/1987,37.6,29.8,24.9,20.7
26/04/1987,4.0,25.9,23.6,20.9
27/04/1987,43.7,27.8,23.5,20.2
28/04/1987,4.6,29.7,24.4,19.4
29/04/1987,0.0,30.6,25.1,19.4
30/04/1987,0.3,28.6,25.3,21.6
01/05/1987,66.2,28.6,24.6,20.1
02/05/1987,32.2,25.5,23.6,20.6
03/05/1987,73.3,24.9,22.8,20.0
04/05/1987,4.4,28.7,24.3,20.0
05/05/1987,0.2,29.8,25.1,20.8
06/05/1987,18.4,29.7,24.8,20.6
07/05/1987,7.4,30.4,24.8,20.3
08/05/1987,0.0,31.1,25.6,20.1
09/05/1987,0.0,31.2,25.7,19.8
10/05/1987,0.0,30.4,25.6,21.6
11/05/1987,1.2,29.3,24.0,20.3
12/05/1987,7.7,29.4,24.4,19.8
13/05/1987,2.5,29.6,24.6,20.5
14/05/1987,1.9,30.9,25.5,19.4
15/05/1987,0.3,30.3,25.6,21.1
16/05/1987,1.3,31.0,25.8,21.1
17/05/1987,0.0,31.0,25.6,19.9
18/05/1987,0.3,30.5,24.6,19.8
19/05/1987,0.0,31.1,24.8,19.4
20/05/1987,0.0,31.0,25.2,20.2
21/05/1987,0.0,29.7,24.7,21.1
22/05/1987,0.0,30.5,25.5,20.4
23/05/1987,0.0,31.0,25.6,19.8
24/05/1987,0.0,31.2,25.6,19.8
25/05/1987,2.7,30.5,25.1,21.2
26/05/1987,32.8,27.2,24.2,20.1
27/05/1987,19.4,28.4,24.6,20.7
28/05/1987,10.1,29.6,24.0,19.8
29/05/1987,6.8,30.3,24.4,19.1
30/05/1987,2.5,28.9,23.9,19.4
31/05/1987,0.2,30.5,25.4,19.6
01/06/1987,0.2,30.6,25.7,21.4
02/06/1987,0.0,30.6,25.5,20.3
03/06/1987,0.0,30.6,25.0,19.9
04/06/1987,0.0,30.0,24.8,19.5
05/06/1987,0.0,29.6,24.6,20.1
06/06/1987,5.8,29.0,23.8,19.3
07/06/1987,0.0,30.0,24.0,19.5
08/06/1987,1.0,30.8,24.6,19.6
09/06/1987,3.1,29.3,25.0,21.2
10/06/1987,0.8,30.6,25.4,20.7
11/06/1987,0.0,29.9,25.1,21.1
12/06/1987,1.6,29.8,24.9,20.4
13/06/1987,7.8,29.6,25.5,21.5
14/06/1987,0.0,32.0,25.6,20.7
15/06/1987,0.4,31.0,25.5,20.8
16/06/1987,0.0,30.4,24.8,17.3
17/06/1987,0.0,30.4,24.7,20.1
18/06/1987,1.2,30.6,25.6,21.9
19/06/1987,0.0,29.6,24.7,19.9
20/06/1987,13.7,29.6,24.0,19.4
21/06/1987,16.8,28.7,23.7,19.9
22/06/1987,1.0,30.8,24.1,17.9
23/06/1987,0.3,30.6,24.5,17.7
24/06/1987,0.0,31.5,25.0,18.8
25/06/1987,2.0,30.3,24.2,19.8
26/06/1987,0.3,30.4,25.2,19.8
27/06/1987,1.0,29.4,24.5,20.7
28/06/1987,0.0,29.5,24.2,19.6
29/06/1987,2.0,29.9,24.7,19.4
30/06/1987,0.3,29.1,24.1,19.4
01/07/1987,4.6,30.5,24.3,18.4
02/07/1987,0.0,30.6,24.3,18.9
03/07/1987,0.0,31.7,24.6,18.5
04/07/1987,0.0,30.0,24.3,18.3
05/07/1987,0.0,30.0,24.8,18.7
06/07/1987,2.0,30.4,24.9,19.9
07/07/1987,2.8,29.6,24.4,20.9
08/07/1987,2.0,29.1,24.2,20.5
09/07/1987,9.6,29.2,24.2,20.6
10/07/1987,0.9,30.4,24.9,20.8
11/07/1987,0.0,30.8,24.7,19.5
12/07/1987,0.4,31.0,24.2,19.6
13/07/1987,0.3,30.8,25.2,18.9
14/07/1987,0.0,31.4,25.3,19.8
15/07/1987,2.2,30.4,25.4,20.3
16/07/1987,0.0,30.6,25.5,21.9
17/07/1987,0.0,30.6,24.4,18.3
18/07/1987,0.0,30.6,24.1,18.3
19/07/1987,1.4,30.8,24.2,19.5
20/07/1987,5.0,31.0,24.9,18.7
21/07/1987,0.0,30.2,23.7,19.3
22/07/1987,10.6,30.8,24.1,18.3
23/07/1987,0.0,31.0,24.8,19.1
24/07/1987,0.0,31.2,25.4,20.7
25/07/1987,0.0,30.0,24.4,19.9
26/07/1987,0.0,30.8,24.4,19.2
27/07/1987,1.2,31.6,25.1,19.3
28/07/1987,0.0,30.4,24.7,19.6
29/07/1987,1.0,29.3,24.3,19.6
30/07/1987,5.6,28.3,24.2,19.6
31/07/1987,0.0,30.0,25.5,21.4
01/08/1987,8.0,29.4,24.6,20.8
02/08/1987,4.0,28.5,23.3,19.8
03/08/1987,9.8,28.6,24.2,19.8
04/08/1987,7.0,30.2,24.2,19.6
05/08/1987,0.0,30.4,24.5,20.5
06/08/1987,0.4,30.2,24.8,19.5
07/08/1987,0.0,30.6,24.4,19.3
08/08/1987,0.0,31.4,24.5,18.9
09/08/1987,0.0,31.4,24.8,20.1
10/08/1987,0.0,31.5,24.6,18.3
11/08/1987,0.0,31.5,24.4,18.0
12/08/1987,0.0,31.0,24.8,19.3
13/08/1987,0.0,30.7,24.8,20.0
14/08/1987,6.4,30.6,24.7,19.8
15/08/1987,0.0,31.2,25.0,18.7
16/08/1987,1.0,30.6,24.8,19.5
17/08/1987,0.0,30.4,24.7,19.5
18/08/1987,0.0,30.4,24.6,18.5
19/08/1987,0.0,31.2,25.5,20.2
20/08/1987,7.0,30.2,24.9,19.9
21/08/1987,3.8,28.9,24.1,19.7
22/08/1987,0.0,29.2,23.7,20.7
23/08/1987,5.1,31.4,24.5,17.7
24/08/1987,0.0,31.8,24.9,18.9
25/08/1987,0.0,31.2,24.9,18.8
26/08/1987,0.0,30.8,25.2,19.2
27/08/1987,0.0,31.7,25.9,20.2
28/08/1987,9.2,31.0,24.6,20.7
29/08/1987,0.3,31.0,24.9,18.8
30/08/1987,0.0,31.1,25.5,19.4
31/08/1987,0.0,30.8,25.5,21.7
01/09/1987,0.0,31.5,25.5,19.5
02/09/1987,0.0,32.4,26.2,20.7
03/09/1987,0.0,31.4,26.0,20.9
04/09/1987,0.0,30.8,24.9,19.0
05/09/1987,0.0,31.6,25.4,21.3
06/09/1987,0.0,31.4,25.4,20.3
07/09/1987,0.0,32.1,25.4,18.5
08/09/1987,0.0,32.4,24.9,20.0
09/09/1987,0.0,32.5,25.8,20.3
10/09/1987,0.0,31.7,25.9,21.2
11/09/1987,0.0,32.2,25.4,20.2
12/09/1987,0.0,32.6,26.0,20.3
13/09/1987,0.0,32.1,26.0,20.0
14/09/1987,0.0,32.0,25.6,20.5
15/09/1987,0.0,32.8,25.8,19.8
16/09/1987,0.0,32.2,26.0,20.9
17/09/1987,0.0,32.2,25.8,21.1
18/09/1987,0.0,33.0,26.3,20.5
19/09/1987,0.0,33.4,26.4,21.0
20/09/1987,0.0,31.6,25.7,22.1
21/09/1987,0.8,33.2,26.2,20.8
22/09/1987,0.0,32.7,26.1,19.8
23/09/1987,0.0,32.6,26.1,21.2
24/09/1987,0.0,33.1,26.5,21.2
25/09/1987,0.0,32.9,25.8,19.8
26/09/1987,0.0,32.7,25.7,21.0
27/09/1987,0.0,31.8,25.0,19.8
28/09/1987,0.9,28.7,24.6,20.3
29/09/1987,53.0,30.4,24.5,19.7
30/09/1987,0.0,32.2,25.4,18.9
01/10/1987,0.0,31.4,26.0,20.3
02/10/1987,0.0,32.4,26.1,21.3
03/10/1987,0.0,32.6,25.5,20.3
04/10/1987,0.0,33.2,25.3,20.2
05/10/1987,0.0,31.1,25.7,21.2
06/10/1987,0.0,32.5,26.4,21.2
07/10/1987,0.0,32.8,26.6,21.6
08/10/1987,0.0,33.3,27.2,21.8
09/10/1987,0.0,32.1,26.2,22.2
10/10/1987,0.0,32.5,25.4,19.9
11/10/1987,0.0,33.3,26.2,20.2
12/10/1987,0.0,32.6,25.6,21.6
13/10/1987,0.0,32.8,26.2,21.2
14/10/1987,0.0,32.6,26.0,21.2
15/10/1987,6.0,32.8,26.3,22.5
16/10/1987,0.0,32.8,26.7,21.9
17/10/1987,0.0,33.0,26.7,21.1
18/10/1987,0.0,32.6,26.0,21.3
19/10/1987,0.0,33.0,25.4,17.8
20/10/1987,0.0,33.1,26.2,21.1
21/10/1987,1.8,33.4,26.7,22.1
22/10/1987,0.0,33.0,26.7,21.7
23/10/1987,0.0,33.4,26.1,21.4
24/10/1987,0.0,33.8,26.3,20.4
25/10/1987,0.0,32.7,26.5,20.5
26/10/1987,0.0,32.6,26.8,22.3
27/10/1987,0.0,33.2,25.9,19.8
28/10/1987,0.0,33.8,25.3,15.9
29/10/1987,0.1,33.6,27.0,21.3
30/10/1987,9.4,30.0,24.8,20.1
31/10/1987,0.0,31.8,24.8,19.8
01/11/1987,0.0,32.0,25.7,20.5
02/11/1987,0.0,31.8,25.8,20.5
03/11/1987,7.0,32.0,26.2,20.6
04/11/1987,0.4,31.7,26.5,21.4
05/11/1987,0.0,31.9,26.4,21.3
06/11/1987,0.0,32.9,26.6,21.2
07/11/1987,0.0,33.5,26.9,20.9
08/11/1987,0.0,32.4,27.0,22.6
09/11/1987,0.0,32.4,26.4,22.7
10/11/1987,0.0,33.8,26.5,20.7
11/11/1987,0.0,34.0,25.4,18.3
12/11/1987,0.0,33.2,26.6,21.9
13/11/1987,0.0,32.0,26.6,21.9
14/11/1987,0.0,33.2,27.3,22.6
15/11/1987,0.0,33.4,26.9,21.3
16/11/1987,0.0,33.2,26.5,21.5
17/11/1987,0.0,33.4,25.9,20.3
18/11/1987,0.0,34.0,26.5,21.7
19/11/1987,0.0,32.9,27.1,21.9
20/11/1987,0.0,31.7,26.3,22.1
21/11/1987,0.0,33.0,27.1,21.2
22/11/1987,1.0,33.0,26.0,19.1
23/11/1987,0.0,33.4,27.1,22.3
24/11/1987,0.0,32.6,26.1,21.0
25/11/1987,0.0,33.8,27.2,19.8
26/11/1987,0.0,33.7,26.9,22.3
27/11/1987,0.0,33.2,26.9,22.5
28/11/1987,0.0,33.4,27.6,22.1
29/11/1987,0.0,34.4,26.3,19.9
30/11/1987,0.0,34.8,27.8,20.0
01/12/1987,0.0,33.6,27.8,22.4
02/12/1987,0.0,33.5,27.4,22.3
03/12/1987,0.0,34.0,26.6,20.3
04/12/1987,0.0,33.4,27.1,20.1
05/12/1987,0.0,34.0,27.8,22.4
06/12/1987,0.0,32.9,27.2,22.9
07/12/1987,0.0,33.4,26.4,20.3
08/12/1987,0.0,34.0,26.2,19.9
09/12/1987,0.0,33.8,27.5,20.9
10/12/1987,0.0,33.6,27.9,22.7
11/12/1987,0.0,32.8,26.6,22.3
12/12/1987,0.0,34.0,27.5,22.1
13/12/1987,0.0,33.7,27.4,21.1
14/12/1987,0.0,33.8,28.2,22.8
15/12/1987,0.0,33.7,27.1,20.3
16/12/1987,0.0,33.7,26.6,21.8
17/12/1987,0.0,33.4,27.7,20.3
18/12/1987,0.0,33.4,27.8,23.8
19/12/1987,0.0,33.6,26.9,20.8
20/12/1987,0.0,34.1,27.2,20.1
21/12/1987,0.0,34.2,28.0,22.7
22/12/1987,0.0,32.8,27.2,22.3
23/12/1987,0.0,30.6,25.4,21.1
24/12/1987,0.0,32.2,26.0,21.5
25/12/1987,7.3,29.6,25.2,21.1
26/12/1987,0.0,30.8,24.7,20.5
27/12/1987,0.0,30.6,25.1,20.3
28/12/1987,0.3,33.1,27.0,21.2
29/12/1987,0.0,33.0,26.7,20.3
30/12/1987,0.0,30.8,25.9,22.3
31/12/1987,4.0,33.2,26.5,20.3
01/01/1988,0.0,31.8,26.8,21.0
02/01/1988,0.7,30.0,25.1,21.3
03/01/1988,0.0,32.2,26.5,20.3
04/01/1988,0.5,31.4,25.0,21.1
05/01/1988,0.0,32.4,25.6,20.6
06/01/1988,0.0,33.5,27.3,20.8
07/01/1988,0.0,33.8,27.9,21.8
08/01/1988,0.0,33.1,26.5,22.3
09/01/1988,0.0,34.0,26.9,21.4
10/01/1988,0.0,32.9,27.0,20.3
11/01/1988,0.0,32.7,27.0,21.1
12/01/1988,2.6,27.6,24.4,21.1
13/01/1988,0.0,30.9,25.4,20.6
14/01/1988,2.7,32.4,26.2,20.6
15/01/1988,36.2,30.8,25.8,20.1
16/01/1988,0.0,31.5,26.1,21.0
17/01/1988,0.0,30.1,25.7,21.4
18/01/1988,33.0,25.6,22.9,19.6
19/01/1988,21.0,28.1,24.4,20.6
20/01/1988,0.2,28.5,23.8,20.3
21/01/1988,1.5,31.6,24.8,20.3
22/01/1988,1.0,31.8,25.2,20.9
23/01/1988,0.0,30.0,24.3,20.1
24/01/1988,6.4,31.4,25.3,20.5
25/01/1988,3.2,30.5,24.4,20.8
26/01/1988,6.0,30.9,25.0,19.1
27/01/1988,0.0,31.7,25.4,18.9
28/01/1988,0.0,32.0,26.9,20.6
29/01/1988,13.8,30.1,25.0,20.6
30/01/1988,0.0,30.7,25.4,21.0
31/01/1988,0.0,28.4,24.6,21.0
01/02/1988,9.2,29.4,24.9,20.5
02/02/1988,0.6,29.0,25.0,21.3
03/02/1988,82.6,24.7,22.4,19.6
04/02/1988,4.4,28.7,24.3,19.8
05/02/1988,13.2,31.8,25.3,20.5
06/02/1988,0.0,31.8,26.0,20.9
07/02/1988,2.6,29.4,24.7,20.3
08/02/1988,0.0,31.7,25.7,21.1
09/02/1988,0.0,30.6,25.6,21.8
10/02/1988,5.4,31.6,26.0,20.6
11/02/1988,0.0,31.1,25.9,20.8
12/02/1988,1.8,30.7,25.3,20.8
13/02/1988,4.0,30.0,25.4,21.5
14/02/1988,10.2,30.6,25.5,20.3
15/02/1988,26.6,30.4,25.8,21.6
16/02/1988,1.4,31.1,26.1,21.3
17/02/1988,11.2,28.3,24.8,21.1
18/02/1988,10.9,27.7,24.6,20.9
19/02/1988,76.6,28.5,24.1,20.3
20/02/1988,17.6,30.8,25.4,20.8
21/02/1988,1.0,30.6,25.6,20.3
22/02/1988,1.0,31.5,26.6,21.5
23/02/1988,0.0,31.8,25.9,21.3
24/02/1988,6.6,25.7,24.1,21.8
25/02/1988,12.7,27.6,24.6,20.9
26/02/1988,56.0,26.4,23.7,20.4
27/02/1988,2.6,26.8,23.6,20.6
28/02/1988,51.2,27.2,23.9,20.1
29/02/1988,0.0,29.7,23.8,20.3
01/03/1988,20.6,29.5,23.9,19.4
02/03/1988,0.0,31.6,25.2,20.1
03/03/1988,0.0,30.4,25.8,21.6
04/03/1988,0.0,29.4,25.8,21.8
05/03/1988,0.4,28.4,24.5,20.5
06/03/1988,1.2,29.1,24.4,20.5
07/03/1988,4.4,32.3,26.3,21.0
08/03/1988,61.2,30.2,25.6,21.2
09/03/1988,3.3,29.0,25.3,21.4
10/03/1988,2.8,28.4,25.2,21.4
11/03/1988,9.2,28.2,24.7,20.4
12/03/1988,0.0,25.7,23.2,20.7
13/03/1988,3.6,30.0,24.9,20.1
14/03/1988,0.0,30.8,25.5,21.1
15/03/1988,0.0,26.8,23.7,21.0
16/03/1988,2.3,30.5,25.3,20.2
17/03/1988,0.0,26.0,23.3,20.2
18/03/1988,40.3,26.2,23.1,19.9
19/03/1988,8.7,30.0,24.6,20.5
20/03/1988,0.0,30.7,25.0,19.8
21/03/1988,1.8,27.7,24.4,20.9
22/03/1988,31.6,29.1,24.6,19.8
23/03/1988,1.8,30.3,25.0,20.6
24/03/1988,0.7,29.4,24.5,20.4
25/03/1988,7.2,29.2,24.7,20.7
26/03/1988,20.6,28.8,24.5,20.5
27/03/1988,34.5,29.2,24.9,20.3
28/03/1988,29.8,26.8,23.5,20.3
29/03/1988,5.3,29.0,24.5,20.2
30/03/1988,6.0,27.7,23.9,20.3
31/03/1988,2.6,30.1,24.6,19.6
01/04/1988,,25.1,23.4,21.2
02/04/1988,6.4,27.8,24.1,19.8
03/04/1988,3.2,30.6,25.1,20.7
04/04/1988,2.0,29.8,24.6,21.7
05/04/1988,1.2,29.0,25.1,20.9
06/04/1988,3.2,30.0,25.0,20.9
07/04/1988,1.5,29.6,24.7,20.9
08/04/1988,0.6,29.6,24.9,20.9
09/04/1988,47.8,30.4,25.0,20.9
10/04/1988,6.0,29.2,25.1,21.5
11/04/1988,4.7,29.0,24.5,21.2
12/04/1988,24.4,25.6,23.3,20.7
13/04/1988,4.9,28.6,24.6,20.4
14/04/1988,0.0,30.0,25.0,20.9
15/04/1988,0.0,29.0,24.3,20.4
16/04/1988,11.7,27.8,24.1,20.6
17/04/1988,0.6,29.7,25.1,20.9
18/04/1988,0.0,30.5,25.7,21.8
19/04/1988,0.0,30.0,25.4,21.6
20/04/1988,63.6,25.9,22.9,20.4
21/04/1988,25.2,28.7,24.6,19.7
22/04/1988,5.2,28.5,24.6,21.1
23/04/1988,4.8,28.9,24.6,21.3
24/04/1988,10.9,28.9,24.0,20.5
25/04/1988,0.0,30.1,24.8,20.1
26/04/1988,11.2,29.1,24.2,20.0
27/04/1988,3.2,28.0,24.4,20.8
28/04/1988,4.2,29.9,25.0,20.9
29/04/1988,1.7,28.0,24.7,21.0
30/04/1988,2.4,30.0,24.8,21.1
01/05/1988,23.9,29.7,24.9,20.5
02/05/1988,70.2,28.9,24.5,20.3
03/05/1988,0.6,28.7,24.4,20.5
04/05/1988,14.0,29.2,24.6,20.3
05/05/1988,2.7,28.7,24.2,20.6
06/05/1988,0.0,30.6,25.0,20.3
07/05/1988,19.0,26.9,24.1,20.5
08/05/1988,23.2,27.3,24.2,20.5
09/05/1988,38.0,28.4,24.2,20.4
10/05/1988,24.9,28.5,24.4,20.7
11/05/1988,0.0,29.3,24.8,19.9
12/05/1988,8.9,30.0,24.8,21.4
13/05/1988,41.6,29.7,24.2,20.3
14/05/1988,1.1,28.2,24.5,21.2
15/05/1988,41.3,28.8,24.5,20.1
16/05/1988,37.0,26.9,23.2,20.3
17/05/1988,33.2,29.6,24.5,19.9
18/05/1988,3.0,28.1,24.1,18.9
19/05/1988,4.6,28.3,24.7,20.1
20/05/1988,1.4,29.4,25.1,21.5
21/05/1988,16.0,26.5,23.6,20.3
22/05/1988,19.3,28.1,24.2,20.3
23/05/1988,1.4,27.2,23.9,20.0
24/05/1988,22.0,27.6,24.4,20.7
25/05/1988,20.6,29.0,24.8,20.4
26/05/1988,29.6,29.1,24.9,20.8
27/05/1988,15.2,29.9,25.0,20.9
28/05/1988,0.0,28.5,23.8,19.1
29/05/1988,2.6,28.5,23.4,17.9
30/05/1988,0.1,29.6,25.2,20.5
31/05/1988,0.0,30.1,24.5,19.3
01/06/1988,2.3,29.7,25.0,20.2
02/06/1988,6.4,25.9,23.4,19.0
03/06/1988,17.9,28.5,24.7,19.5
04/06/1988,1.8,30.6,25.0,18.5
05/06/1988,0.8,28.5,24.2,20.1
06/06/1988,5.2,28.7,24.6,20.1
07/06/1988,0.0,29.8,24.5,21.2
08/06/1988,8.5,30.2,25.0,21.1
09/06/1988,0.0,30.0,25.4,20.0
10/06/1988,0.0,30.6,25.0,20.3
11/06/1988,5.0,28.1,24.0,19.8
12/06/1988,1.4,29.6,24.3,19.0
13/06/1988,11.2,29.2,24.3,20.7
14/06/1988,9.6,30.2,25.2,20.5
15/06/1988,0.0,28.5,24.2,20.9
16/06/1988,23.8,26.3,23.0,19.1
17/06/1988,10.8,29.2,23.7,18.9
18/06/1988,2.4,29.2,23.8,19.5
19/06/1988,0.0,28.1,24.1,18.6
20/06/1988,6.8,30.3,24.9,19.8
21/06/1988,0.0,30.0,25.1,21.2
22/06/1988,7.3,30.2,25.3,21.0
23/06/1988,0.0,28.7,25.0,21.0
24/06/1988,3.9,29.0,24.0,19.8
25/06/1988,2.5,28.3,23.6,20.0
26/06/1988,10.0,28.1,23.0,18.2
27/06/1988,2.1,28.1,24.2,19.9
28/06/1988,17.2,29.2,24.4,19.3
29/06/1988,0.0,30.0,23.7,16.9
30/06/1988,0.0,30.6,24.2,17.1
01/07/1988,2.8,29.2,24.1,19.1
02/07/1988,1.8,28.5,23.6,18.5
03/07/1988,0.0,33.0,25.0,19.5
04/07/1988,0.0,30.6,24.7,18.2
05/07/1988,0.0,30.6,24.7,19.5
06/07/1988,0.0,28.5,23.4,18.7
07/07/1988,5.6,30.2,23.9,19.9
08/07/1988,0.2,30.6,24.5,17.5
09/07/1988,0.0,29.6,24.5,19.9
10/07/1988,20.6,29.2,23.8,18.3
11/07/1988,1.0,29.8,24.4,18.5
12/07/1988,0.0,29.6,23.6,18.5
13/07/1988,8.8,27.3,22.8,17.9
14/07/1988,1.2,29.6,23.9,18.7
15/07/1988,0.2,26.5,22.7,19.5
16/07/1988,5.2,28.3,22.5,19.3
17/07/1988,9.4,29.2,24.0,18.9
18/07/1988,0.0,30.0,24.1,19.8
19/07/1988,1.0,30.6,24.3,18.1
20/07/1988,0.0,31.2,24.7,17.5
21/07/1988,0.0,30.4,24.7,18.7
22/07/1988,2.2,29.4,24.0,19.3
23/07/1988,0.0,30.8,24.9,19.5
24/07/1988,0.0,31.4,24.7,20.3
25/07/1988,0.0,31.4,24.5,19.1
26/07/1988,0.0,30.6,24.2,18.1
27/07/1988,0.0,28.7,24.7,19.5
28/07/1988,5.4,29.7,24.5,19.9
29/07/1988,0.0,30.6,25.3,20.6
30/07/1988,0.0,30.6,24.4,19.1
31/07/1988,0.0,31.4,25.0,21.7
01/08/1988,0.0,31.4,24.1,19.1
02/08/1988,0.0,31.6,24.4,18.3
03/08/1988,0.0,31.6,24.7,20.1
04/08/1988,0.0,31.6,24.5,18.7
05/08/1988,0.0,32.0,24.6,19.9
06/08/1988,0.0,32.2,24.5,17.3
07/08/1988,0.0,30.8,25.0,17.5
08/08/1988,0.7,30.3,24.5,19.5
09/08/1988,0.0,31.9,25.6,18.5
10/08/1988,0.0,31.3,25.5,20.7
11/08/1988,0.0,31.7,24.9,18.6
12/08/1988,1.7,29.8,23.2,18.7
13/08/1988,8.0,31.1,23.8,18.6
14/08/1988,0.0,31.7,24.3,18.6
15/08/1988,2.9,31.8,24.8,18.7
16/08/1988,0.0,31.6,25.1,19.7
17/08/1988,0.0,31.8,25.1,18.7
18/08/1988,0.0,31.6,24.3,17.7
19/08/1988,0.0,31.6,24.3,17.5
20/08/1988,0.0,31.0,24.9,19.5
21/08/1988,0.0,32.2,24.8,20.1
22/08/1988,0.0,32.0,24.7,17.0
23/08/1988,0.0,32.1,24.9,18.4
24/08/1988,1.2,30.2,24.5,20.3
25/08/1988,5.2,30.4,24.1,19.8
26/08/1988,15.8,31.1,24.9,19.0
27/08/1988,0.0,30.9,25.1,19.1
28/08/1988,0.2,31.1,25.7,20.2
29/08/1988,0.0,30.8,24.7,19.5
30/08/1988,0.0,30.2,24.1,19.3
31/08/1988,0.0,31.2,24.1,18.7
01/09/1988,0.0,31.8,25.1,18.5
02/09/1988,0.0,31.4,25.2,20.3
03/09/1988,1.2,31.8,25.1,19.5
04/09/1988,0.0,31.0,24.9,20.5
05/09/1988,16.4,29.7,24.6,19.1
06/09/1988,1.2,31.8,25.1,19.5
07/09/1988,0.0,31.7,24.9,19.2
08/09/1988,0.3,31.5,25.5,20.4
09/09/1988,0.0,31.1,24.9,18.7
10/09/1988,0.0,31.3,25.5,20.3
11/09/1988,0.0,31.0,25.2,20.8
12/09/1988,0.0,31.2,24.7,19.3
13/09/1988,0.0,32.4,25.4,20.8
14/09/1988,0.0,31.4,25.4,19.2
15/09/1988,3.6,31.6,25.0,19.8
16/09/1988,0.2,31.4,24.4,18.5
17/09/1988,9.5,31.6,25.1,19.3
18/09/1988,0.0,31.8,25.7,19.1
19/09/1988,0.0,31.9,25.3,18.6
20/09/1988,0.0,31.2,25.6,21.2
21/09/1988,0.0,31.8,25.1,21.2
22/09/1988,0.0,32.2,24.9,18.4
23/09/1988,0.0,31.2,25.5,21.0
24/09/1988,0.0,31.5,25.3,18.6
25/09/1988,0.0,32.4,25.8,19.8
26/09/1988,0.0,31.6,25.3,21.4
27/09/1988,0.0,32.4,26.2,20.4
28/09/1988,0.0,31.6,25.6,20.3
29/09/1988,0.0,28.8,24.6,20.8
30/09/1988,1.0,30.2,24.5,20.1
01/10/1988,8.2,31.6,25.0,19.7
02/10/1988,0.0,31.4,25.9,20.9
03/10/1988,0.0,32.1,25.2,20.1
04/10/1988,0.0,32.6,25.8,19.2
05/10/1988,0.0,32.6,25.3,20.5
06/10/1988,4.3,33.9,26.2,21.0
07/10/1988,0.0,32.4,26.0,20.7
08/10/1988,0.0,31.2,25.7,21.0
09/10/1988,0.0,32.2,26.1,20.2
10/10/1988,0.0,32.8,25.5,19.4
11/10/1988,0.0,30.2,24.9,19.7
12/10/1988,2.8,32.6,26.0,20.9
13/10/1988,0.0,32.8,26.3,21.3
14/10/1988,0.0,29.8,24.7,21.3
15/10/1988,0.6,28.6,24.1,20.3
16/10/1988,0.3,32.5,25.9,20.6
17/10/1988,0.0,32.4,26.8,21.4
18/10/1988,0.0,31.4,26.0,21.4
19/10/1988,15.8,30.0,24.9,20.4
20/10/1988,0.0,31.9,25.6,19.7
21/10/1988,0.0,32.1,25.6,18.8
22/10/1988,0.0,32.3,25.8,19.6
23/10/1988,0.0,32.7,26.5,19.4
24/10/1988,0.0,32.6,25.6,19.2
25/10/1988,0.0,32.4,25.6,18.8
26/10/1988,0.0,32.5,26.7,21.1
27/10/1988,0.0,30.8,25.8,21.5
28/10/1988,0.0,30.8,24.9,18.7
29/10/1988,0.0,31.8,25.5,19.9
30/10/1988,0.0,32.6,26.3,19.3
31/10/1988,0.0,32.1,26.0,21.5
01/11/1988,0.0,31.9,25.9,20.7
02/11/1988,0.0,32.2,26.0,20.2
03/11/1988,0.0,32.9,26.1,19.9
04/11/1988,14.4,26.2,23.1,20.5
05/11/1988,0.3,29.3,24.1,19.3
06/11/1988,1.4,32.0,25.5,20.5
07/11/1988,0.0,27.7,25.0,21.1
08/11/1988,0.0,30.8,25.3,20.5
09/11/1988,0.0,32.0,25.8,20.7
10/11/1988,0.0,32.2,26.1,20.7
11/11/1988,0.0,31.6,26.2,21.3
12/11/1988,0.0,31.4,25.9,20.9
13/11/1988,0.0,32.6,26.1,20.5
14/11/1988,0.0,31.4,25.6,19.8
15/11/1988,0.0,31.7,25.9,20.0
16/11/1988,0.0,32.3,26.1,20.2
17/11/1988,0.0,32.1,25.8,21.0
18/11/1988,10.4,27.1,23.6,20.0
19/11/1988,4.6,31.1,25.8,20.3
20/11/1988,0.0,30.2,25.5,21.4
21/11/1988,0.0,30.2,25.4,21.0
22/11/1988,0.0,29.6,24.0,20.3
23/11/1988,8.0,29.2,24.2,19.7
24/11/1988,0.8,30.4,25.0,20.3
25/11/1988,0.0,30.2,25.9,21.5
26/11/1988,0.0,30.4,25.0,21.1
27/11/1988,1.4,31.6,25.9,20.1
28/11/1988,8.0,30.2,25.6,20.8
29/11/1988,0.0,28.8,24.8,20.9
30/11/1988,10.4,28.7,25.4,20.7
01/12/1988,0.0,30.7,25.1,20.6
02/12/1988,0.0,31.7,25.6,19.6
03/12/1988,64.6,26.1,22.8,20.1
04/12/1988,4.8,30.4,25.0,17.8
05/12/1988,0.0,29.9,24.9,20.5
06/12/1988,5.2,31.0,24.9,20.0
07/12/1988,0.0,31.4,25.4,19.6
08/12/1988,0.0,31.4,24.8,18.6
09/12/1988,0.0,25.9,22.6,19.7
10/12/1988,25.0,29.9,24.6,18.3
11/12/1988,0.0,30.4,25.1,20.7
12/12/1988,0.0,30.4,24.5,19.4
13/12/1988,0.0,31.2,25.0,19.8
14/12/1988,0.0,31.2,25.6,20.4
15/12/1988,1.7,30.3,25.3,20.7
16/12/1988,8.9,29.6,24.4,20.0
17/12/1988,1.2,28.5,24.6,20.3
18/12/1988,27.0,28.9,23.9,20.1
19/12/1988,0.0,30.4,24.1,19.9
20/12/1988,0.0,30.0,25.2,21.7
21/12/1988,1.5,28.7,23.3,19.4
22/12/1988,0.3,25.6,23.3,19.9
23/12/1988,18.0,27.9,23.5,19.9
24/12/1988,2.4,29.6,24.1,19.7
25/12/1988,3.1,30.0,24.5,19.1
26/12/1988,0.0,30.4,24.5,20.2
27/12/1988,0.0,30.6,24.2,19.8
28/12/1988,0.0,30.4,24.7,20.6
29/12/1988,0.0,29.8,24.6,19.8
30/12/1988,0.0,29.2,23.7,20.1
31/12/1988,0.0,27.7,24.1,19.8
01/01/1989,0.6,29.6,23.9,19.7
02/01/1989,0.0,30.1,25.1,20.3
03/01/1989,0.0,29.6,25.2,21.3
04/01/1989,13.3,27.7,23.8,19.7
05/01/1989,2.6,27.6,24.1,20.8
06/01/1989,13.4,29.7,24.8,20.0
07/01/1989,1.4,29.6,23.6,18.4
08/01/1989,51.8,28.3,23.3,18.9
09/01/1989,18.0,25.9,22.6,18.9
10/01/1989,9.0,24.3,21.9,19.3
11/01/1989,9.6,29.0,23.1,19.1
12/01/1989,0.0,29.6,24.3,18.7
13/01/1989,36.2,25.9,22.7,19.0
14/01/1989,0.0,30.4,24.4,19.5
15/01/1989,0.0,29.6,24.2,20.5
16/01/1989,23.0,27.8,23.8,20.0
17/01/1989,0.0,30.1,24.8,19.6
18/01/1989,0.0,29.4,24.7,19.7
19/01/1989,0.0,30.6,25.2,19.8
20/01/1989,0.0,30.5,25.5,20.4
21/01/1989,0.0,29.8,25.0,20.2
22/01/1989,7.2,29.9,24.2,19.9
23/01/1989,0.0,29.6,24.9,20.8
24/01/1989,0.0,30.0,24.8,20.5
25/01/1989,0.0,30.2,24.9,20.9
26/01/1989,0.0,30.6,24.6,20.5
27/01/1989,1.6,28.5,24.2,20.7
28/01/1989,6.4,26.7,24.0,20.3
29/01/1989,4.2,28.7,23.6,19.9
30/01/1989,0.9,26.3,22.7,20.0
31/01/1989,1.9,28.1,23.3,19.4
01/02/1989,9.6,26.2,23.3,19.4
02/02/1989,5.4,26.2,22.9,19.8
03/02/1989,0.0,27.5,22.8,18.2
04/02/1989,0.6,29.5,23.9,18.6
05/02/1989,1.0,29.9,24.4,19.6
06/02/1989,3.2,29.7,24.5,19.5
07/02/1989,0.6,29.6,24.3,19.3
08/02/1989,22.6,26.5,23.3,19.8
09/02/1989,7.8,28.7,23.6,19.5
10/02/1989,0.0,28.3,23.8,20.5
11/02/1989,5.6,29.8,24.2,20.1
12/02/1989,2.0,29.6,24.0,19.8
13/02/1989,0.0,29.7,24.2,20.0
14/02/1989,2.8,24.6,22.8,20.3
15/02/1989,24.0,28.5,24.3,19.4
16/02/1989,30.1,27.0,23.2,19.4
17/02/1989,0.5,29.7,24.2,19.3
18/02/1989,3.4,29.7,24.3,20.2
19/02/1989,4.1,27.5,23.8,19.6
20/02/1989,6.8,29.6,24.4,19.1
21/02/1989,0.0,30.2,24.2,19.9
22/02/1989,0.0,29.6,24.4,19.7
23/02/1989,0.0,29.8,24.8,20.5
24/02/1989,1.0,29.8,24.2,19.1
25/02/1989,1.0,28.7,24.8,20.9
26/02/1989,9.6,28.7,23.7,20.1
27/02/1989,4.3,29.4,24.3,20.0
28/02/1989,22.7,28.7,23.3,19.0
01/03/1989,0.0,30.6,24.7,19.2
02/03/1989,0.0,30.0,24.9,20.4
03/03/1989,0.0,30.4,25.1,20.9
04/03/1989,2.3,29.7,24.8,21.0
05/03/1989,1.8,30.1,24.8,19.6
06/03/1989,13.8,28.4,24.3,20.5
07/03/1989,15.0,28.5,23.9,19.5
08/03/1989,1.5,28.4,24.0,18.5
09/03/1989,0.6,29.6,24.2,19.7
10/03/1989,43.8,26.5,23.2,20.1
11/03/1989,35.4,28.5,24.3,19.8
12/03/1989,1.6,29.6,24.5,19.9
13/03/1989,0.0,30.5,25.2,21.2
14/03/1989,27.6,25.7,22.2,19.4
15/03/1989,44.6,27.6,23.4,19.2
16/03/1989,0.3,26.8,24.3,20.3
17/03/1989,22.4,26.3,23.1,19.8
18/03/1989,24.0,24.9,22.9,19.0
19/03/1989,0.5,28.3,23.1,19.2
20/03/1989,19.6,24.4,22.1,19.8
21/03/1989,51.3,28.5,23.1,18.9
22/03/1989,0.0,27.5,23.3,19.3
23/03/1989,43.4,27.7,23.7,19.9
24/03/1989,42.6,29.4,23.8,19.6
25/03/1989,0.0,27.8,23.7,19.9
26/03/1989,5.2,24.7,22.0,18.1
27/03/1989,3.6,28.9,23.6,19.0
28/03/1989,0.4,29.8,24.1,18.0
29/03/1989,8.2,28.0,23.4,19.4
30/03/1989,0.0,28.9,23.6,18.7
31/03/1989,0.0,28.4,23.5,18.2
01/04/1989,1.9,28.8,23.5,19.2
02/04/1989,0.0,30.2,24.6,19.9
03/04/1989,0.0,31.2,25.1,20.3
04/04/1989,0.0,28.7,23.8,20.3
05/04/1989,16.8,30.0,23.9,19.1
06/04/1989,1.2,25.7,22.9,20.0
07/04/1989,22.4,29.0,24.0,19.5
08/04/1989,0.0,30.0,24.7,20.3
09/04/1989,25.6,28.7,23.8,20.3
10/04/1989,7.9,28.1,24.1,20.2
11/04/1989,32.1,29.4,24.7,20.2
12/04/1989,17.0,29.1,24.3,20.0
13/04/1989,3.8,29.3,24.8,20.3
14/04/1989,30.4,27.6,23.9,20.3
15/04/1989,4.9,29.1,24.1,19.8
16/04/1989,0.0,29.6,24.5,20.5
17/04/1989,1.2,24.7,23.0,20.5
18/04/1989,48.0,28.9,23.9,17.5
19/04/1989,16.6,29.1,24.8,19.7
20/04/1989,13.8,30.2,25.1,19.8
21/04/1989,3.8,30.4,25.0,20.1
22/04/1989,0.0,29.2,24.9,20.5
23/04/1989,34.0,27.7,23.8,19.5
24/04/1989,0.0,30.0,25.3,20.6
25/04/1989,13.0,27.1,23.7,20.4
26/04/1989,2.3,28.2,24.5,20.1
27/04/1989,5.0,29.4,24.8,20.6
28/04/1989,1.9,29.1,24.6,20.8
29/04/1989,0.6,29.3,25.0,20.8
30/04/1989,0.0,30.5,26.1,21.0
01/05/1989,0.0,29.8,24.6,20.4
02/05/1989,4.4,28.7,24.2,19.8
03/05/1989,60.2,26.1,22.5,19.7
04/05/1989,1.2,29.8,24.1,18.9
05/05/1989,4.8,26.5,23.3,19.5
06/05/1989,5.8,29.2,23.7,20.3
07/05/1989,5.4,29.6,23.7,19.5
08/05/1989,0.4,27.6,23.3,18.8
09/05/1989,20.5,27.5,22.6,18.3
10/05/1989,2.7,28.8,23.9,18.7
11/05/1989,22.9,27.6,23.4,19.8
12/05/1989,5.7,28.4,24.1,20.0
13/05/1989,7.7,29.5,24.2,19.8
14/05/1989,17.4,29.6,24.7,20.1
15/05/1989,28.8,28.5,24.1,20.0
16/05/1989,34.0,26.7,22.8,19.3
17/05/1989,11.6,26.3,23.4,19.5
18/05/1989,4.6,29.2,24.2,20.3
19/05/1989,1.8,28.9,24.0,19.8
20/05/1989,22.8,28.9,23.2,19.3
21/05/1989,4.2,28.5,24.1,20.1
22/05/1989,3.2,26.8,23.2,20.2
23/05/1989,10.6,29.1,23.7,20.0
24/05/1989,1.7,29.0,24.5,20.9
25/05/1989,8.9,29.3,23.9,20.4
26/05/1989,21.3,27.7,23.6,19.3
27/05/1989,7.2,28.2,24.4,19.0
28/05/1989,0.0,29.6,24.4,19.2
29/05/1989,4.3,28.2,24.0,19.7
30/05/1989,8.9,27.7,23.6,19.9
31/05/1989,4.4,28.3,24.2,19.6
01/06/1989,11.5,29.2,24.4,20.9
02/06/1989,25.0,29.4,23.9,19.5
03/06/1989,12.4,29.8,24.7,19.7
04/06/1989,30.7,27.9,24.5,19.7
05/06/1989,10.0,29.0,23.8,19.7
06/06/1989,16.0,29.3,25.0,20.4
07/06/1989,9.0,28.6,24.5,20.1
08/06/1989,12.5,28.4,24.4,19.0
09/06/1989,6.5,29.5,25.0,21.2
10/06/1989,0.0,28.9,24.3,19.2
11/06/1989,10.1,29.8,24.1,19.7
12/06/1989,3.6,29.0,23.5,18.7
13/06/1989,0.0,29.8,24.9,20.3
14/06/1989,3.0,28.7,23.8,19.6
15/06/1989,7.2,27.9,23.4,19.3
16/06/1989,1.4,29.8,24.7,19.7
17/06/1989,2.3,30.0,24.6,20.5
18/06/1989,0.0,29.4,24.3,19.8
19/06/1989,1.6,29.1,24.2,20.2
20/06/1989,0.0,28.4,23.5,18.9
21/06/1989,19.5,28.6,24.3,19.5
22/06/1989,2.7,25.4,23.2,19.3
23/06/1989,9.5,29.8,23.6,19.2
24/06/1989,0.0,29.1,23.6,19.4
25/06/1989,1.2,30.0,23.8,19.5
26/06/1989,0.4,30.2,23.4,17.8
27/06/1989,0.0,29.8,24.3,18.2
28/06/1989,0.0,29.9,24.2,18.5
29/06/1989,0.0,29.7,24.7,20.2
30/06/1989,1.8,29.8,24.3,19.4
01/07/1989,0.0,27.9,23.4,17.9
02/07/1989,3.6,29.9,24.4,18.6
03/07/1989,0.0,28.5,22.9,18.6
04/07/1989,27.4,29.8,23.7,18.1
05/07/1989,0.0,28.3,23.2,19.1
06/07/1989,33.4,27.8,23.5,17.5
07/07/1989,17.3,24.3,21.4,18.6
08/07/1989,0.2,23.7,21.2,18.3
09/07/1989,0.7,26.3,22.5,18.3
10/07/1989,1.3,23.6,22.0,19.8
11/07/1989,25.0,25.5,21.7,18.6
12/07/1989,17.8,28.5,23.2,19.9
13/07/1989,2.6,29.4,23.4,19.1
14/07/1989,3.0,27.7,23.4,18.3
15/07/1989,15.4,28.8,23.8,19.1
16/07/1989,0.0,28.7,23.8,19.8
17/07/1989,0.0,28.5,23.9,18.9
18/07/1989,17.8,29.2,24.1,18.5
19/07/1989,4.0,31.2,24.4,18.6
20/07/1989,0.0,29.6,23.9,18.3
21/07/1989,0.0,30.2,24.2,20.1
22/07/1989,8.8,30.4,24.7,17.9
23/07/1989,0.0,29.8,24.9,22.1
24/07/1989,0.0,27.3,23.8,20.5
25/07/1989,3.2,29.6,24.0,18.6
26/07/1989,0.0,29.4,23.8,20.3
27/07/1989,0.0,30.0,23.5,17.9
28/07/1989,0.0,30.8,26.2,16.7
29/07/1989,0.0,31.6,24.4,18.7
30/07/1989,0.0,30.6,25.0,19.8
31/07/1989,0.0,30.6,23.9,19.1
01/08/1989,0.0,30.4,24.0,17.5
02/08/1989,0.0,30.8,24.1,18.5
03/08/1989,0.0,30.0,24.4,16.9
04/08/1989,0.0,31.2,23.2,15.9
05/08/1989,0.0,30.6,24.6,18.6
06/08/1989,0.0,30.8,24.0,17.9
07/08/1989,9.2,30.6,24.8,19.9
08/08/1989,1.4,30.6,24.1,20.1
09/08/1989,3.0,30.4,24.0,18.0
10/08/1989,0.0,30.4,23.8,17.8
11/08/1989,0.0,30.6,24.4,17.6
12/08/1989,0.0,31.4,25.0,18.1
13/08/1989,0.0,30.6,24.6,19.8
14/08/1989,1.0,29.8,23.7,18.9
15/08/1989,14.9,30.2,23.0,18.3
16/08/1989,0.2,31.0,24.2,17.5
17/08/1989,28.3,29.6,23.5,18.9
18/08/1989,0.5,30.4,23.3,19.3
19/08/1989,3.3,31.4,24.7,17.9
20/08/1989,0.0,31.4,25.6,20.6
21/08/1989,0.0,31.1,25.8,22.6
22/08/1989,0.0,31.5,25.4,18.1
23/08/1989,0.0,31.7,25.6,19.1
24/08/1989,0.7,30.6,25.5,21.1
25/08/1989,0.0,31.3,24.9,20.1
26/08/1989,0.0,31.5,25.2,19.5
27/08/1989,0.0,31.8,25.8,19.4
28/08/1989,1.2,31.0,25.3,19.9
29/08/1989,0.3,31.0,26.1,20.3
30/08/1989,0.0,31.2,25.3,20.1
31/08/1989,0.0,31.8,25.4,20.4
01/09/1989,0.0,32.8,25.4,18.5
02/09/1989,0.0,31.8,25.4,19.9
03/09/1989,0.0,31.4,24.9,20.3
04/09/1989,0.0,31.8,26.3,20.0
05/09/1989,0.0,32.4,26.2,21.0
06/09/1989,0.0,32.1,26.5,23.1
07/09/1989,0.0,32.3,26.7,23.1
08/09/1989,10.5,31.1,26.1,20.6
09/09/1989,0.0,31.0,25.8,21.0
10/09/1989,0.0,32.1,25.7,19.4
11/09/1989,0.0,31.5,25.1,18.0
12/09/1989,0.0,32.1,25.2,17.9
13/09/1989,0.0,31.8,25.9,19.0
14/09/1989,0.0,32.6,25.9,18.8
15/09/1989,0.0,30.4,25.3,20.1
16/09/1989,0.0,30.4,25.9,20.0
17/09/1989,7.2,30.6,25.6,19.8
18/09/1989,2.3,31.7,26.2,20.3
19/09/1989,0.0,31.7,25.7,20.6
20/09/1989,0.0,32.5,26.3,20.0
21/09/1989,0.0,31.7,25.5,19.0
22/09/1989,0.8,31.6,25.2,20.8
23/09/1989,0.3,30.4,24.8,20.8
24/09/1989,3.3,31.4,25.7,19.4
25/09/1989,0.0,31.1,24.6,19.8
26/09/1989,1.3,31.3,25.7,20.9
27/09/1989,0.3,31.7,26.1,20.1
28/09/1989,0.0,32.3,26.3,23.3
29/09/1989,0.0,31.9,24.9,20.0
30/09/1989,1.0,31.5,25.4,20.4
01/10/1989,0.0,31.7,25.9,19.4
02/10/1989,0.0,29.6,24.1,20.1
03/10/1989,17.6,31.2,25.1,19.1
04/10/1989,0.2,31.8,24.9,20.3
05/10/1989,0.3,30.2,24.9,20.5
06/10/1989,0.0,30.4,23.7,19.8
07/10/1989,8.2,29.2,24.3,20.3
08/10/1989,5.6,29.6,23.5,18.9
09/10/1989,8.0,31.3,25.1,19.0
10/10/1989,0.0,31.2,25.5,20.0
11/10/1989,0.0,31.4,26.0,19.9
12/10/1989,2.8,30.9,25.4,19.6
13/10/1989,0.0,31.9,26.1,20.6
14/10/1989,0.0,32.5,25.7,19.4
15/10/1989,0.0,32.5,25.6,18.9
16/10/1989,0.0,32.6,25.2,19.8
17/10/1989,0.0,31.6,25.8,20.6
18/10/1989,0.0,32.2,26.0,20.1
19/10/1989,0.0,33.0,25.8,20.3
20/10/1989,0.0,29.4,25.3,20.5
21/10/1989,16.8,28.3,23.9,21.7
22/10/1989,54.4,31.0,25.0,19.5
23/10/1989,0.0,31.1,25.9,20.8
24/10/1989,0.0,30.7,25.6,20.3
25/10/1989,0.0,31.5,25.8,19.2
26/10/1989,0.0,31.9,26.1,19.6
27/10/1989,0.0,31.5,26.3,22.0
28/10/1989,0.0,31.3,25.6,18.6
29/10/1989,0.0,31.4,25.8,19.8
30/10/1989,1.4,29.5,24.5,19.7
31/10/1989,14.0,30.8,25.7,21.3
01/11/1989,0.0,30.8,25.5,21.5
02/11/1989,0.0,31.8,26.4,21.1
03/11/1989,0.0,31.8,25.7,20.9
04/11/1989,0.0,30.0,25.1,21.5
05/11/1989,0.0,30.4,25.9,20.7
06/11/1989,0.0,32.2,25.5,20.4
07/11/1989,7.0,27.3,24.4,20.2
08/11/1989,0.3,29.7,25.5,21.5
09/11/1989,4.9,30.4,25.3,20.8
10/11/1989,0.0,31.3,26.0,21.3
11/11/1989,2.8,28.1,25.0,21.4
12/11/1989,3.3,32.2,26.4,21.2
13/11/1989,20.4,31.2,25.8,21.8
14/11/1989,0.0,31.2,25.1,20.1
15/11/1989,73.0,28.5,24.5,21.3
16/11/1989,25.0,31.6,25.7,19.8
17/11/1989,0.0,30.8,25.6,21.3
18/11/1989,0.0,30.8,26.0,20.7
19/11/1989,0.0,29.9,25.8,21.9
20/11/1989,0.0,30.3,26.2,21.7
21/11/1989,0.0,30.3,25.8,22.2
22/11/1989,0.0,30.2,24.6,20.2
23/11/1989,0.0,30.3,25.6,18.1
24/11/1989,0.0,31.7,26.4,19.4
25/11/1989,0.0,32.3,26.5,20.4
26/11/1989,0.0,32.1,26.4,21.4
27/11/1989,0.0,32.2,25.9,21.0
28/11/1989,0.0,31.4,25.7,21.3
29/11/1989,0.0,30.8,25.2,21.1
30/11/1989,0.0,31.6,24.7,19.1
01/12/1989,,31.2,24.6,19.1
02/12/1989,0.0,32.2,26.7,20.3
03/12/1989,0.0,31.8,25.9,22.1
04/12/1989,0.0,31.5,26.8,22.0
05/12/1989,0.0,32.1,27.4,22.0
06/12/1989,0.0,31.7,27.0,22.1
07/12/1989,0.0,31.4,26.6,20.0
08/12/1989,0.0,32.4,26.4,21.4
09/12/1989,0.0,32.9,26.9,21.7
10/12/1989,0.3,29.2,25.4,22.2
11/12/1989,0.0,29.9,25.3,21.4
12/12/1989,0.0,30.9,24.8,20.5
13/12/1989,50.6,30.2,24.9,20.8
14/12/1989,0.0,30.4,25.8,21.5
15/12/1989,0.0,30.2,26.2,21.9
16/12/1989,33.8,30.6,25.3,20.8
17/12/1989,8.0,29.4,25.0,21.1
18/12/1989,0.4,30.1,25.6,21.8
19/12/1989,2.0,28.8,25.0,21.1
20/12/1989,70.7,26.0,22.8,19.1
21/12/1989,1.8,27.9,24.0,19.0
22/12/1989,9.7,29.0,24.3,20.2
23/12/1989,0.4,28.7,23.9,20.2
24/12/1989,8.5,27.5,24.1,20.0
25/12/1989,10.0,27.7,24.0,21.1
26/12/1989,11.8,30.0,24.1,20.5
27/12/1989,1.4,31.0,24.9,20.1
28/12/1989,7.8,25.9,22.9,20.1
29/12/1989,35.2,29.8,25.1,19.0
30/12/1989,0.2,30.4,24.6,19.9
31/12/1989,0.0,30.4,25.0,21.3
01/01/1990,0.0,30.4,24.8,21.1
02/01/1990,0.0,30.5,25.1,21.0
03/01/1990,0.0,30.1,24.9,18.8
04/01/1990,11.7,29.4,24.5,20.5
05/01/1990,10.9,29.6,24.8,20.9
06/01/1990,0.4,29.2,24.8,20.9
07/01/1990,0.3,29.8,24.3,20.2
08/01/1990,0.0,30.4,24.3,18.9
09/01/1990,1.0,29.6,24.8,20.7
10/01/1990,0.0,30.0,24.9,20.9
11/01/1990,0.6,29.0,24.1,20.7
12/01/1990,0.0,29.4,23.5,19.7
13/01/1990,0.0,30.2,24.8,18.5
14/01/1990,0.0,30.6,24.9,20.3
15/01/1990,0.0,28.4,24.1,19.4
16/01/1990,0.0,30.6,25.1,19.3
17/01/1990,0.0,30.2,25.4,21.0
18/01/1990,0.0,30.4,25.0,20.4
19/01/1990,0.2,30.9,25.6,20.5
20/01/1990,1.0,30.6,25.0,21.0
21/01/1990,0.0,30.1,25.1,19.6
22/01/1990,0.0,29.9,25.2,21.1
23/01/1990,0.0,30.2,25.3,21.7
24/01/1990,0.0,30.7,25.3,20.8
25/01/1990,0.0,30.3,25.5,21.0
26/01/1990,0.6,29.2,25.1,21.1
27/01/1990,0.8,30.1,25.5,20.8
28/01/1990,0.3,30.6,24.9,20.7
29/01/1990,2.4,28.3,23.8,20.6
30/01/1990,0.0,29.6,24.9,21.5
31/01/1990,3.4,30.4,24.9,21.5
01/02/1990,0.0,30.2,25.1,21.1
02/02/1990,0.0,30.0,25.2,20.9
03/02/1990,0.0,27.7,24.6,21.9
04/02/1990,0.7,28.9,25.0,21.1
05/02/1990,1.4,25.7,23.5,21.7
06/02/1990,6.4,30.0,24.5,20.5
07/02/1990,5.0,25.9,23.1,20.5
08/02/1990,27.4,30.6,24.3,19.3
09/02/1990,0.0,28.8,24.4,21.3
10/02/1990,7.6,29.0,23.9,19.5
11/02/1990,4.2,29.6,24.6,20.3
12/02/1990,0.0,30.6,26.0,21.1
13/02/1990,0.0,26.2,23.4,21.1
14/02/1990,0.0,28.3,24.1,19.9
15/02/1990,50.0,29.8,24.4,19.9
16/02/1990,10.8,27.0,23.0,20.2
17/02/1990,0.0,29.6,24.6,19.2
18/02/1990,0.0,29.3,25.1,20.5
19/02/1990,0.0,30.6,25.0,20.0
20/02/1990,4.4,25.3,22.5,20.1
21/02/1990,13.2,28.7,23.6,19.1
22/02/1990,11.8,28.8,24.4,20.4
23/02/1990,52.4,26.7,23.1,20.3
24/02/1990,16.4,29.6,24.7,19.5
25/02/1990,57.2,25.7,22.7,19.4
26/02/1990,15.4,28.6,24.3,20.0
27/02/1990,84.6,24.7,22.4,20.3
28/02/1990,44.0,28.4,23.3,19.3
29/02/1990,,,,
01/03/1990,0.0,29.1,23.7,19.5
02/03/1990,7.0,27.8,23.7,20.4
03/03/1990,5.2,29.0,23.9,20.3
04/03/1990,5.5,28.9,24.0,19.6
05/03/1990,13.8,27.2,23.2,20.1
06/03/1990,26.9,27.1,23.5,19.7
07/03/1990,0.0,29.8,24.6,19.6
08/03/1990,0.0,30.5,25.1,19.8
09/03/1990,0.0,29.8,25.3,21.0
10/03/1990,0.0,29.7,25.3,21.2
11/03/1990,0.4,29.4,24.6,20.9
12/03/1990,0.0,30.0,24.8,20.3
13/03/1990,0.6,28.9,24.8,21.3
14/03/1990,0.4,31.0,25.3,20.9
15/03/1990,15.8,28.3,24.2,20.7
16/03/1990,5.8,30.4,24.8,20.6
17/03/1990,0.0,29.9,24.5,20.5
18/03/1990,2.4,29.8,24.9,20.9
19/03/1990,0.0,29.9,25.1,20.6
20/03/1990,2.1,29.2,24.9,21.8
21/03/1990,0.3,27.5,24.2,21.3
22/03/1990,4.2,26.0,23.6,21.1
23/03/1990,10.5,30.2,24.9,20.5
24/03/1990,21.2,30.2,25.1,21.2
25/03/1990,0.0,26.8,24.0,21.4
26/03/1990,44.6,28.1,24.1,20.3
27/03/1990,1.6,29.8,24.7,20.5
28/03/1990,11.4,26.9,23.6,20.7
29/03/1990,3.0,28.9,24.2,20.3
30/03/1990,2.2,28.7,24.7,20.5
31/03/1990,16.0,30.0,24.8,19.7
01/04/1990,0.0,29.6,24.9,20.3
02/04/1990,0.0,29.8,24.6,22.1
03/04/1990,0.8,28.3,24.8,20.6
04/04/1990,8.3,27.3,23.3,19.1
05/04/1990,0.4,29.7,24.7,20.6
06/04/1990,0.0,30.0,25.3,20.8
07/04/1990,8.9,30.4,25.2,21.6
08/04/1990,1.1,29.0,24.6,21.1
09/04/1990,1.7,28.5,24.0,20.2
10/04/1990,5.6,28.7,24.2,20.1
11/04/1990,0.5,30.8,25.2,20.2
12/04/1990,0.0,31.4,26.0,21.4
13/04/1990,0.2,30.8,25.9,22.0
14/04/1990,0.5,30.5,25.8,21.4
15/04/1990,0.0,30.4,25.4,21.5
16/04/1990,31.3,28.8,24.0,20.1
17/04/1990,0.3,30.8,25.3,20.5
18/04/1990,0.0,30.6,25.6,20.6
19/04/1990,0.0,29.6,25.3,22.1
20/04/1990,13.8,28.9,24.6,21.1
21/04/1990,6.6,29.6,24.7,20.5
22/04/1990,6.6,29.2,24.6,20.7
23/04/1990,0.0,30.3,24.5,18.7
24/04/1990,22.6,28.8,24.2,20.2
25/04/1990,25.9,29.2,24.6,20.2
26/04/1990,21.2,28.7,24.4,20.7
27/04/1990,0.1,28.9,24.4,21.3
28/04/1990,9.6,29.8,24.0,19.9
29/04/1990,15.9,29.1,24.4,20.0
30/04/1990,0.4,27.1,23.4,20.1
01/05/1990,5.6,29.9,24.6,17.7
02/05/1990,6.3,30.1,25.3,20.9
03/05/1990,34.1,30.8,25.5,20.8
04/05/1990,0.0,29.1,24.2,20.9
05/05/1990,21.8,29.3,24.3,18.5
06/05/1990,20.0,29.9,25.2,20.5
07/05/1990,0.0,30.4,24.6,20.2
08/05/1990,5.7,30.3,25.0,20.8
09/05/1990,1.0,30.3,25.1,20.3
10/05/1990,0.0,30.9,25.5,20.8
11/05/1990,1.3,30.7,25.9,21.8
12/05/1990,0.0,30.2,25.4,21.4
13/05/1990,0.0,33.6,25.8,20.8
14/05/1990,0.0,29.4,24.8,20.5
15/05/1990,2.8,30.6,25.0,20.8
16/05/1990,17.5,30.0,24.7,20.3
17/05/1990,12.2,30.0,24.9,20.3
18/05/1990,0.0,30.3,25.0,20.1
19/05/1990,2.7,30.6,24.9,20.3
20/05/1990,33.8,30.2,25.6,21.1
21/05/1990,0.0,29.0,25.2,21.4
22/05/1990,14.3,29.3,24.4,20.3
23/05/1990,12.6,30.1,24.8,19.9
24/05/1990,0.0,30.5,25.1,20.3
25/05/1990,8.7,30.9,25.2,19.5
26/05/1990,0.0,30.6,25.5,20.1
27/05/1990,11.0,29.0,23.6,19.9
28/05/1990,23.4,29.5,24.3,20.4
29/05/1990,0.0,29.2,24.1,20.7
30/05/1990,3.7,29.2,24.3,18.8
31/05/1990,1.7,28.3,23.7,20.0
01/06/1990,0.0,29.6,24.5,20.2
02/06/1990,0.0,29.4,24.8,18.8
03/06/1990,1.4,28.1,24.0,19.5
04/06/1990,1.3,29.6,24.6,20.5
05/06/1990,0.0,30.0,24.6,20.5
06/06/1990,2.4,30.2,24.4,20.0
07/06/1990,4.8,29.8,24.6,19.3
08/06/1990,15.7,27.9,23.7,19.3
09/06/1990,9.4,29.8,24.4,19.8
10/06/1990,0.8,32.4,25.0,19.4
11/06/1990,2.7,30.3,25.0,19.3
12/06/1990,6.2,29.8,24.7,20.3
13/06/1990,1.2,27.0,23.6,19.9
14/06/1990,0.0,29.6,24.4,19.5
15/06/1990,1.3,29.9,23.9,19.1
16/06/1990,19.3,28.1,24.0,19.3
17/06/1990,0.0,29.2,24.2,21.0
18/06/1990,1.6,30.2,24.6,19.8
19/06/1990,0.0,30.0,24.9,19.6
20/06/1990,0.2,29.8,24.8,20.2
21/06/1990,16.0,29.8,25.3,20.6
22/06/1990,1.7,29.6,24.6,20.2
23/06/1990,0.0,29.6,24.5,19.0
24/06/1990,0.0,30.0,24.4,18.9
25/06/1990,9.6,29.5,24.5,20.0
26/06/1990,8.5,25.5,22.9,19.8
27/06/1990,2.6,28.5,23.2,18.4
28/06/1990,0.0,30.0,24.1,18.0
29/06/1990,0.0,30.0,24.4,18.1
30/06/1990,0.4,30.3,25.2,20.0
01/07/1990,9.3,26.1,23.6,19.6
02/07/1990,10.5,28.3,24.1,19.5
03/07/1990,0.0,27.5,24.0,19.6
04/07/1990,1.5,28.9,24.7,20.5
05/07/1990,0.0,30.0,24.6,19.6
06/07/1990,0.0,30.6,25.0,20.2
07/07/1990,0.0,30.8,24.6,21.0
08/07/1990,10.4,28.7,23.7,19.8
09/07/1990,3.0,29.8,25.1,20.0
10/07/1990,4.3,29.8,24.6,19.5
11/07/1990,0.0,29.9,25.0,19.9
12/07/1990,0.0,30.0,24.8,18.0
13/07/1990,3.2,28.7,24.4,19.7
14/07/1990,1.0,29.8,24.1,17.7
15/07/1990,0.0,30.0,24.5,18.3
16/07/1990,0.0,30.2,25.4,22.5
17/07/1990,0.0,30.4,24.4,18.5
18/07/1990,0.0,30.0,23.9,17.5
19/07/1990,1.1,29.2,23.9,17.4
20/07/1990,1.4,29.2,23.7,18.5
21/07/1990,3.0,31.0,24.1,18.7
22/07/1990,0.0,30.6,24.6,17.5
23/07/1990,34.8,27.3,22.8,19.7
24/07/1990,3.7,27.3,24.1,19.8
25/07/1990,5.2,27.9,23.6,19.8
26/07/1990,1.4,29.4,24.9,19.5
27/07/1990,0.6,28.9,23.0,18.9
28/07/1990,0.0,29.8,24.5,18.1
29/07/1990,0.0,30.4,23.6,18.1
30/07/1990,0.0,29.6,23.7,18.7
31/07/1990,5.8,28.1,23.0,19.5
01/08/1990,0.4,29.4,24.3,19.5
02/08/1990,0.0,28.9,23.6,18.3
03/08/1990,0.0,29.4,24.5,20.3
04/08/1990,0.0,30.2,24.0,17.5
05/08/1990,9.1,28.7,23.6,19.1
06/08/1990,0.0,30.2,23.8,19.2
07/08/1990,0.0,30.4,24.2,19.4
08/08/1990,0.0,30.5,24.6,19.8
09/08/1990,0.0,30.6,24.7,19.8
10/08/1990,7.8,28.2,23.9,20.1
11/08/1990,0.0,29.6,24.8,19.6
12/08/1990,4.6,30.6,24.8,19.0
13/08/1990,3.2,30.4,24.7,19.5
14/08/1990,0.0,30.4,24.8,20.4
15/08/1990,0.0,30.0,23.7,19.8
16/08/1990,5.4,30.2,23.6,17.5
17/08/1990,0.0,29.4,24.0,19.4
18/08/1990,0.0,30.4,24.3,19.5
19/08/1990,0.0,30.4,24.0,18.7
20/08/1990,0.0,30.6,24.5,19.7
21/08/1990,0.0,30.6,24.1,18.4
22/08/1990,0.0,30.8,24.8,18.2
23/08/1990,0.3,29.8,24.7,19.8
24/08/1990,3.1,28.3,23.5,19.4
25/08/1990,0.2,28.5,23.5,18.8
26/08/1990,0.3,29.6,24.3,19.5
27/08/1990,0.0,30.4,24.5,20.3
28/08/1990,0.0,30.6,24.6,19.6
29/08/1990,0.0,30.6,24.4,18.2
30/08/1990,0.0,31.2,24.1,18.6
31/08/1990,0.0,31.2,23.8,18.2
01/09/1990,19.3,30.6,24.7,19.4
02/09/1990,0.0,30.8,24.5,19.5
03/09/1990,4.4,31.8,25.3,21.0
04/09/1990,0.0,30.9,25.0,19.4
05/09/1990,0.0,31.2,25.2,18.6
06/09/1990,0.0,31.6,25.3,19.6
07/09/1990,0.0,31.3,25.2,18.9
08/09/1990,0.0,30.9,24.7,19.0
09/09/1990,0.0,31.7,25.2,18.9
10/09/1990,0.0,31.1,24.7,19.1
11/09/1990,0.0,31.1,25.9,21.4
12/09/1990,0.0,34.0,25.6,20.0
13/09/1990,0.0,31.3,25.1,19.9
14/09/1990,0.0,31.9,25.0,18.8
15/09/1990,3.2,28.5,24.3,19.8
16/09/1990,8.8,28.3,24.2,19.6
17/09/1990,4.7,29.5,24.5,19.9
18/09/1990,5.8,31.0,24.9,18.6
19/09/1990,0.0,31.5,25.6,19.8
20/09/1990,0.0,32.0,25.2,20.3
21/09/1990,0.0,31.5,24.9,19.2
22/09/1990,0.0,31.6,25.2,19.6
23/09/1990,0.0,30.8,23.9,18.1
24/09/1990,0.0,30.2,23.1,16.1
25/09/1990,0.0,30.2,23.5,16.6
26/09/1990,10.5,29.2,23.7,18.3
27/09/1990,5.7,30.9,25.3,18.1
28/09/1990,3.5,30.5,25.6,20.8
29/09/1990,0.0,30.0,25.0,20.8
30/09/1990,0.0,31.1,25.0,20.2
01/10/1990,0.0,31.7,25.7,20.0
02/10/1990,0.0,31.2,25.9,21.4
03/10/1990,0.0,29.7,25.6,21.7
04/10/1990,0.0,31.7,24.6,18.8
05/10/1990,0.0,32.6,25.7,19.5
06/10/1990,0.0,31.7,25.5,20.9
07/10/1990,0.0,33.0,26.7,21.1
08/10/1990,0.0,31.6,25.7,20.7
09/10/1990,0.0,31.8,25.6,20.3
10/10/1990,0.0,31.4,25.6,20.2
11/10/1990,0.0,31.6,25.9,20.9
12/10/1990,0.0,31.2,25.5,20.7
13/10/1990,0.0,32.4,25.3,19.1
14/10/1990,0.0,33.2,25.7,20.3
15/10/1990,0.0,32.2,26.3,21.9
16/10/1990,0.0,32.5,26.5,21.6
17/10/1990,0.0,33.0,26.6,21.2
18/10/1990,0.0,32.9,26.9,22.8
19/10/1990,0.0,32.0,26.0,20.4
20/10/1990,0.0,33.3,26.6,20.8
21/10/1990,0.0,34.6,26.6,20.1
22/10/1990,0.0,33.3,26.6,19.7
23/10/1990,0.0,31.8,26.1,21.5
24/10/1990,0.0,31.8,25.6,20.9
25/10/1990,0.0,33.2,25.0,17.5
26/10/1990,0.0,32.6,25.7,18.9
27/10/1990,0.0,32.6,26.2,19.9
28/10/1990,0.0,31.8,24.9,20.3
29/10/1990,0.0,33.2,26.6,21.2
30/10/1990,0.0,31.9,26.5,21.6
31/10/1990,0.0,32.1,26.5,21.7
01/11/1990,0.0,32.9,25.9,19.6
02/11/1990,0.0,32.6,26.0,20.5
03/11/1990,0.0,32.0,25.3,19.4
04/11/1990,0.0,33.5,27.1,20.1
05/11/1990,0.0,33.0,26.4,20.8
06/11/1990,0.0,33.0,26.8,20.9
07/11/1990,0.0,32.8,26.1,21.1
08/11/1990,0.0,29.2,24.9,21.7
09/11/1990,0.0,32.2,25.3,20.3
10/11/1990,0.0,31.8,25.8,20.3
11/11/1990,0.0,32.0,25.8,21.1
12/11/1990,0.0,32.7,26.6,21.5
13/11/1990,0.0,29.9,25.9,21.3
14/11/1990,0.0,32.7,26.0,19.1
15/11/1990,0.0,33.1,26.6,21.2
16/11/1990,0.0,33.5,26.7,20.8
17/11/1990,0.0,33.1,27.0,21.6
18/11/1990,0.0,32.2,26.5,21.4
19/11/1990,0.0,32.4,26.6,20.5
20/11/1990,0.0,33.6,26.5,20.7
21/11/1990,1.0,27.9,24.7,21.7
22/11/1990,11.6,25.7,23.4,21.5
23/11/1990,1.0,29.6,24.0,19.7
24/11/1990,0.0,31.2,24.7,19.9
25/11/1990,0.0,31.6,25.1,18.5
26/11/1990,1.0,31.4,25.9,21.0
27/11/1990,0.3,31.5,25.6,19.4
28/11/1990,5.6,32.8,26.6,21.2
29/11/1990,0.0,32.2,26.6,22.2
30/11/1990,0.0,33.6,27.0,21.4
01/12/1990,0.0,32.4,26.1,20.2
02/12/1990,0.0,32.7,27.1,21.2
03/12/1990,0.0,31.8,25.7,20.3
04/12/1990,0.0,33.4,26.7,21.3
05/12/1990,0.0,32.2,26.7,21.7
06/12/1990,0.0,32.0,25.5,20.7
07/12/1990,0.0,30.8,24.7,20.7
08/12/1990,13.8,27.7,24.0,20.1
09/12/1990,0.2,31.8,25.7,20.1
10/12/1990,0.0,32.0,26.8,22.4
11/12/1990,150.0,26.8,21.7,18.8
12/12/1990,0.8,30.2,24.7,20.9
13/12/1990,0.0,32.3,25.6,18.0
14/12/1990,0.0,32.2,25.3,18.7
15/12/1990,0.0,31.5,26.7,21.8
16/12/1990,0.0,32.1,26.0,20.0
17/12/1990,0.0,32.3,26.3,20.3
18/12/1990,0.0,31.8,26.2,20.7
19/12/1990,3.2,30.3,24.8,20.1
20/12/1990,0.0,31.2,25.4,20.5
21/12/1990,0.0,32.2,25.7,21.3
22/12/1990,0.0,31.6,25.5,18.3
23/12/1990,0.0,31.8,25.2,21.1
24/12/1990,3.3,29.6,24.5,19.5
25/12/1990,0.5,30.6,25.3,19.4
26/12/1990,0.0,31.6,26.0,20.4
27/12/1990,2.2,26.0,22.8,19.8
28/12/1990,53.8,29.3,23.9,20.4
29/12/1990,0.0,30.5,24.7,19.1
30/12/1990,0.0,30.5,24.7,20.6
31/12/1990,0.0,31.0,25.6,20.7
01/01/1991,45.0,25.8,22.6,19.7
02/01/1991,7.6,29.8,23.7,18.5
03/01/1991,0.0,30.8,25.5,20.5
04/01/1991,0.0,31.0,25.6,21.1
05/01/1991,0.0,31.6,25.7,21.1
06/01/1991,2.2,30.0,25.7,21.7
07/01/1991,12.0,27.6,24.8,21.3
08/01/1991,33.4,28.9,24.5,20.4
09/01/1991,0.0,31.0,25.7,20.5
10/01/1991,0.0,31.3,26.3,21.5
11/01/1991,0.0,30.7,26.2,22.2
12/01/1991,0.0,28.6,25.5,22.6
13/01/1991,9.9,29.1,25.1,21.3
14/01/1991,0.6,29.0,24.3,20.5
15/01/1991,8.0,30.0,24.7,20.3
16/01/1991,13.0,28.7,24.5,20.3
17/01/1991,1.2,28.3,23.9,20.5
18/01/1991,1.3,29.8,25.1,20.5
19/01/1991,12.0,24.9,22.8,20.1
20/01/1991,15.2,28.9,24.0,19.9
21/01/1991,0.0,30.3,25.3,20.5
22/01/1991,5.3,28.0,23.7,19.9
23/01/1991,4.0,29.7,24.3,18.8
24/01/1991,5.5,29.1,24.7,20.3
25/01/1991,4.6,30.2,25.1,19.5
26/01/1991,1.1,30.1,24.9,20.6
27/01/1991,0.0,30.6,26.1,21.3
28/01/1991,13.0,30.4,25.7,21.1
29/01/1991,38.1,26.9,23.6,20.5
30/01/1991,5.2,29.6,24.1,18.9
31/01/1991,1.2,26.1,23.4,20.6
01/02/1991,2.2,29.4,24.9,20.2
02/02/1991,136.3,25.5,22.7,19.9
03/02/1991,23.4,28.7,24.1,19.9
04/02/1991,36.0,27.2,23.5,20.0
05/02/1991,1.5,29.9,25.2,20.4
06/02/1991,0.0,29.5,25.0,20.5
07/02/1991,0.8,30.0,25.7,21.6
08/02/1991,0.0,30.1,25.0,20.3
09/02/1991,2.7,29.7,25.2,21.1
10/02/1991,1.3,29.1,24.7,21.4
11/02/1991,0.4,30.6,25.4,20.5
12/02/1991,0.4,28.3,25.0,20.9
13/02/1991,12.6,30.2,25.0,20.5
14/02/1991,0.2,30.2,25.1,20.5
15/02/1991,0.0,30.4,25.0,20.4
16/02/1991,0.0,31.0,25.0,20.9
17/02/1991,0.0,26.9,23.9,20.6
18/02/1991,6.0,27.9,23.1,19.3
19/02/1991,12.5,29.0,24.6,19.6
20/02/1991,6.9,29.4,24.6,20.6
21/02/1991,16.4,29.3,24.8,20.8
22/02/1991,0.3,30.3,25.1,20.8
23/02/1991,0.0,30.4,24.7,20.0
24/02/1991,0.0,30.0,25.4,20.5
25/02/1991,6.4,27.5,24.2,21.4
26/02/1991,0.2,30.2,25.5,21.5
27/02/1991,27.6,27.5,23.5,20.5
28/02/1991,26.4,28.7,24.2,20.2
01/03/1991,3.6,27.7,24.1,20.3
02/03/1991,26.0,25.3,23.1,20.5
03/03/1991,18.6,29.4,24.4,20.1
04/03/1991,0.0,29.3,24.9,20.9
05/03/1991,0.7,30.1,24.8,20.0
06/03/1991,0.0,30.2,25.1,20.6
07/03/1991,7.6,25.4,23.4,20.8
08/03/1991,26.6,28.4,24.0,19.8
09/03/1991,0.0,29.9,24.0,20.1
10/03/1991,2.8,29.4,24.5,20.2
11/03/1991,2.4,28.7,24.2,20.1
12/03/1991,4.4,29.9,26.1,20.6
13/03/1991,13.9,29.2,24.3,20.7
14/03/1991,14.6,28.7,24.3,20.3
15/03/1991,3.8,29.4,24.9,20.9
16/03/1991,0.0,29.2,25.1,21.3
17/03/1991,0.0,30.0,25.4,20.7
18/03/1991,0.0,30.8,24.7,17.7
19/03/1991,0.0,30.4,25.3,21.0
20/03/1991,6.8,29.8,24.9,20.7
21/03/1991,9.4,30.6,25.5,20.8
22/03/1991,9.3,26.5,23.4,21.1
23/03/1991,24.3,29.0,24.2,20.0
24/03/1991,0.0,29.0,24.8,20.3
25/03/1991,1.0,29.8,24.6,20.3
26/03/1991,0.6,29.6,23.9,19.7
27/03/1991,11.5,29.2,24.9,20.4
28/03/1991,14.4,27.3,23.7,20.0
29/03/1991,0.0,28.7,23.5,19.5
30/03/1991,6.6,29.4,25.3,20.1
31/03/1991,29.8,28.7,22.3,18.6
01/04/1991,1.1,28.9,23.2,18.5
02/04/1991,39.1,29.8,24.5,19.9
03/04/1991,0.0,29.9,25.3,20.7
04/04/1991,13.4,30.4,25.0,19.9
05/04/1991,26.6,30.7,25.0,20.1
06/04/1991,0.2,29.2,24.2,20.2
07/04/1991,2.5,30.8,25.0,18.5
08/04/1991,1.8,31.6,26.4,22.6
09/04/1991,0.0,30.9,25.5,21.1
10/04/1991,9.4,30.6,25.4,19.8
11/04/1991,2.5,28.5,24.1,19.4
12/04/1991,1.5,29.2,25.0,20.6
13/04/1991,0.0,29.4,24.5,20.5
14/04/1991,26.5,29.5,25.0,20.8
15/04/1991,0.0,29.8,24.7,20.4
16/04/1991,0.0,30.4,25.6,20.8
17/04/1991,0.8,30.6,25.0,20.8
18/04/1991,0.0,30.2,25.3,21.2
19/04/1991,2.4,30.2,25.2,20.0
20/04/1991,23.2,29.6,24.3,20.0
21/04/1991,0.2,29.9,25.0,20.7
22/04/1991,10.2,27.3,24.1,19.5
23/04/1991,18.4,30.3,24.9,20.3
24/04/1991,0.6,29.8,25.4,21.4
25/04/1991,34.8,29.8,24.4,20.3
26/04/1991,13.7,29.9,24.6,20.5
27/04/1991,15.0,29.1,24.4,20.3
28/04/1991,6.0,27.3,24.0,19.2
29/04/1991,14.2,27.5,23.8,20.1
30/04/1991,3.3,30.1,25.2,20.5
01/05/1991,0.0,28.2,24.8,21.2
02/05/1991,3.6,30.3,25.1,20.8
03/05/1991,0.0,29.4,24.8,20.9
04/05/1991,2.8,29.4,24.8,20.7
05/05/1991,26.4,28.6,24.2,20.7
06/05/1991,33.2,28.7,24.6,19.8
07/05/1991,14.4,30.4,25.0,21.4
08/05/1991,0.4,30.4,25.2,20.3
09/05/1991,15.3,30.2,25.4,20.4
10/05/1991,2.3,29.8,24.8,20.7
11/05/1991,4.5,30.4,25.0,20.4
12/05/1991,0.0,30.5,25.3,18.8
13/05/1991,0.2,29.6,25.4,21.7
14/05/1991,0.6,29.2,24.8,21.5
15/05/1991,13.3,30.1,25.3,21.3
16/05/1991,0.3,30.6,25.1,20.3
17/05/1991,3.2,30.1,25.3,20.7
18/05/1991,25.3,27.0,24.0,20.9
19/05/1991,0.0,29.9,24.9,20.9
20/05/1991,37.7,25.7,23.2,20.0
21/05/1991,8.0,29.2,24.7,19.6
22/05/1991,1.2,29.6,25.1,19.8
23/05/1991,0.0,29.6,24.4,20.7
24/05/1991,28.1,30.6,24.4,19.1
25/05/1991,0.9,29.9,25.2,21.1
26/05/1991,14.3,26.6,23.1,19.7
27/05/1991,4.0,28.6,23.7,18.2
28/05/1991,0.0,29.4,24.9,20.0
29/05/1991,2.4,31.2,25.4,20.2
30/05/1991,0.0,31.2,25.3,20.3
31/05/1991,0.0,30.6,24.9,18.8
01/06/1991,22.8,28.9,24.4,20.4
02/06/1991,7.8,26.3,23.8,20.4
03/06/1991,10.4,29.4,25.0,20.4
04/06/1991,14.6,29.6,25.1,21.5
05/06/1991,0.0,29.4,24.5,20.3
06/06/1991,0.0,30.4,25.6,21.1
07/06/1991,0.0,30.9,25.9,21.4
08/06/1991,11.8,25.4,23.2,20.4
09/06/1991,2.0,27.6,23.9,20.1
10/06/1991,10.6,28.4,24.5,19.6
11/06/1991,3.5,28.6,24.5,19.9
12/06/1991,3.3,28.9,24.9,19.8
13/06/1991,2.5,27.2,24.5,19.8
14/06/1991,2.6,29.8,24.4,20.1
15/06/1991,33.3,,,20.8
16/06/1991,0.3,,,20.1
17/06/1991,7.9,,,20.3
18/06/1991,12.2,,,19.2
19/06/1991,1.7,29.9,24.7,20.0
20/06/1991,0.0,30.4,24.5,20.0
21/06/1991,12.5,29.2,24.2,19.1
22/06/1991,3.0,28.9,23.8,19.1
23/06/1991,9.4,30.6,25.1,19.3
24/06/1991,2.6,30.6,24.8,19.5
25/06/1991,0.0,30.4,24.6,19.5
26/06/1991,0.0,30.6,24.9,17.7
27/06/1991,0.0,30.4,24.8,21.0
28/06/1991,9.0,28.9,24.3,20.3
29/06/1991,30.8,29.9,24.5,19.4
30/06/1991,0.0,30.2,24.9,20.3
01/07/1991,0.0,29.2,23.6,17.6
02/07/1991,4.0,29.4,23.8,19.0
03/07/1991,1.9,29.8,24.1,19.9
04/07/1991,1.2,28.3,23.6,19.8
05/07/1991,10.0,29.9,24.7,19.0
06/07/1991,0.0,29.0,23.4,19.1
07/07/1991,1.7,29.4,23.6,18.8
08/07/1991,31.6,29.4,24.1,19.8
09/07/1991,0.0,29.8,24.3,19.7
10/07/1991,0.0,30.2,24.3,19.7
11/07/1991,0.0,30.2,24.1,19.5
12/07/1991,5.1,30.2,24.9,19.0
13/07/1991,0.0,30.2,24.2,18.3
14/07/1991,0.0,30.2,23.5,18.4
15/07/1991,15.2,29.6,23.8,19.4
16/07/1991,2.8,29.4,24.8,19.3
17/07/1991,0.0,30.2,23.9,18.5
18/07/1991,0.0,30.2,24.2,18.5
19/07/1991,0.0,30.4,23.5,17.7
20/07/1991,0.0,29.8,23.0,17.3
21/07/1991,0.0,29.9,23.2,16.7
22/07/1991,0.0,30.2,23.6,18.5
23/07/1991,0.0,30.8,23.9,18.1
24/07/1991,0.0,30.2,23.1,16.1
25/07/1991,0.0,30.2,23.5,16.6
26/07/1991,10.2,29.2,23.7,18.3
27/07/1991,9.2,30.4,23.9,17.5
28/07/1991,0.0,30.8,24.4,19.5
29/07/1991,0.0,30.8,24.0,19.2
30/07/1991,0.0,30.6,23.6,19.5
31/07/1991,0.0,31.4,24.8,20.5
01/08/1991,0.0,31.2,25.4,21.1
02/08/1991,0.0,31.0,24.4,20.1
03/08/1991,18.0,30.0,24.4,19.1
04/08/1991,25.4,27.1,23.0,18.1
05/08/1991,23.6,28.9,23.0,18.7
06/08/1991,0.0,29.8,23.9,17.9
07/08/1991,6.8,29.8,23.8,18.9
08/08/1991,0.0,30.2,23.9,17.3
09/08/1991,0.0,29.8,23.1,16.9
10/08/1991,0.0,30.8,23.5,14.9
11/08/1991,0.0,30.8,24.6,16.7
12/08/1991,11.4,29.9,23.9,18.9
13/08/1991,0.0,29.8,24.3,18.7
14/08/1991,0.2,29.8,24.4,18.7
15/08/1991,1.9,30.0,24.8,19.4
16/08/1991,0.0,30.4,23.7,18.8
17/08/1991,0.0,30.0,23.5,18.6
18/08/1991,0.0,30.4,23.7,18.3
19/08/1991,0.0,30.2,23.3,18.6
20/08/1991,9.8,30.4,23.2,16.9
21/08/1991,1.6,31.1,24.8,18.7
22/08/1991,0.0,30.6,23.9,17.0
23/08/1991,0.0,30.0,24.7,18.2
24/08/1991,0.3,29.9,24.5,18.4
25/08/1991,0.0,29.1,24.4,18.7
26/08/1991,0.0,29.8,23.8,17.9
27/08/1991,0.0,30.6,24.9,19.5
28/08/1991,0.0,30.4,25.0,19.9
29/08/1991,0.0,30.6,25.3,20.7
30/08/1991,0.0,30.6,25.3,20.9
31/08/1991,0.0,29.8,24.5,20.3
01/09/1991,0.0,29.8,25.0,18.7
02/09/1991,0.0,30.3,24.6,19.6
03/09/1991,0.0,29.8,24.8,18.6
04/09/1991,0.0,29.9,25.3,20.0
05/09/1991,1.6,30.2,24.4,20.0
06/09/1991,0.3,31.0,24.8,17.4
07/09/1991,0.0,30.1,25.6,20.1
08/09/1991,0.0,30.0,25.0,20.2
09/09/1991,0.0,29.4,24.8,19.5
10/09/1991,0.0,29.0,23.9,18.7
11/09/1991,0.0,30.6,25.0,17.9
12/09/1991,0.0,29.8,24.7,19.1
13/09/1991,0.5,30.4,23.9,18.7
14/09/1991,0.0,31.4,24.4,19.1
15/09/1991,0.0,30.8,24.5,18.5
16/09/1991,0.0,31.1,25.9,20.4
17/09/1991,0.0,30.8,25.4,20.0
18/09/1991,0.0,30.6,25.3,19.8
19/09/1991,0.0,31.1,25.3,19.6
20/09/1991,0.0,31.8,25.2,18.0
21/09/1991,11.2,31.4,25.4,19.5
22/09/1991,0.3,29.9,26.0,21.7
23/09/1991,0.0,30.3,25.2,21.1
24/09/1991,0.4,31.6,24.7,18.9
25/09/1991,0.0,30.6,25.0,19.1
26/09/1991,0.0,31.3,25.8,20.7
27/09/1991,0.0,31.7,26.3,20.5
28/09/1991,0.0,32.2,26.2,20.3
29/09/1991,0.0,31.8,25.5,20.5
30/09/1991,0.0,32.1,26.4,21.0
01/10/1991,0.0,31.6,25.6,20.4
02/10/1991,0.0,31.7,26.1,20.0
03/10/1991,0.0,31.0,25.3,19.1
04/10/1991,0.0,31.8,25.3,17.5
05/10/1991,0.0,31.8,25.7,18.2
06/10/1991,2.2,31.8,24.9,18.4
07/10/1991,0.0,32.3,25.4,19.3
08/10/1991,0.0,31.8,24.4,17.1
09/10/1991,0.0,32.0,25.4,18.5
10/10/1991,0.0,31.4,24.4,20.1
11/10/1991,0.2,31.7,24.2,16.8
12/10/1991,0.0,32.2,25.7,19.7
13/10/1991,0.0,31.6,24.9,20.1
14/10/1991,0.0,31.8,25.9,19.1
15/10/1991,0.0,32.1,25.3,19.7
16/10/1991,0.0,32.5,26.3,20.4
17/10/1991,0.0,30.2,25.1,19.4
18/10/1991,0.0,30.8,24.9,18.9
19/10/1991,0.0,31.7,25.9,19.2
20/10/1991,0.0,32.2,25.6,19.0
21/10/1991,0.0,31.8,26.5,19.9
22/10/1991,0.0,31.8,25.3,20.8
23/10/1991,0.6,31.9,25.1,19.9
24/10/1991,0.0,31.8,25.4,18.7
25/10/1991,0.0,31.8,25.2,20.1
26/10/1991,0.0,31.4,25.4,19.7
27/10/1991,0.0,31.7,26.1,21.2
28/10/1991,0.0,32.5,26.0,20.2
29/10/1991,0.0,31.8,26.2,19.5
30/10/1991,0.0,30.8,25.7,20.4
31/10/1991,0.0,31.6,25.5,19.0
01/11/1991,0.0,32.8,26.2,19.1
02/11/1991,0.0,31.8,25.9,20.2
03/11/1991,23.6,28.6,24.5,20.0
04/11/1991,0.8,31.2,24.6,19.5
05/11/1991,0.0,32.8,25.6,18.3
06/11/1991,0.0,31.8,25.5,19.3
07/11/1991,0.0,30.6,24.7,19.3
08/11/1991,0.0,30.8,26.0,20.3
09/11/1991,0.0,31.8,25.2,18.3
10/11/1991,0.0,32.0,24.5,18.1
11/11/1991,0.0,33.2,26.6,20.5
12/11/1991,0.0,32.4,26.4,21.4
13/11/1991,0.0,32.3,26.7,20.3
14/11/1991,0.0,32.0,26.2,20.3
15/11/1991,0.0,31.8,26.3,20.0
16/11/1991,0.0,29.8,24.7,19.1
17/11/1991,58.0,29.2,23.7,19.8
18/11/1991,2.5,31.8,25.1,20.1
19/11/1991,0.0,32.0,25.1,18.3
20/11/1991,0.0,31.8,24.5,17.5
21/11/1991,0.0,31.6,24.5,18.1
22/11/1991,0.4,28.3,24.4,19.5
23/11/1991,0.0,31.4,24.7,19.1
24/11/1991,0.0,31.2,26.6,20.3
25/11/1991,0.0,31.2,26.0,19.9
26/11/1991,0.0,30.4,25.4,21.5
27/11/1991,0.0,31.6,25.9,20.3
28/11/1991,0.0,31.4,25.4,19.5
29/11/1991,0.0,30.8,25.3,20.3
30/11/1991,0.0,31.4,25.6,20.3
01/12/1991,0.0,30.8,25.9,20.3
02/12/1991,0.0,31.8,25.3,21.5
03/12/1991,0.0,32.5,26.6,20.7
04/12/1991,0.0,31.6,26.4,20.3
05/12/1991,0.0,32.0,25.8,21.5
06/12/1991,0.0,31.8,25.6,19.9
07/12/1991,0.0,32.2,26.7,19.9
08/12/1991,0.0,32.2,26.4,19.9
09/12/1991,0.0,31.8,25.7,21.5
10/12/1991,0.0,31.6,25.9,20.5
11/12/1991,0.0,32.0,25.9,20.5
12/12/1991,0.0,32.0,25.3,18.7
13/12/1991,0.0,32.8,26.7,20.7
14/12/1991,0.0,32.8,26.9,22.3
15/12/1991,0.0,32.6,27.1,21.5
16/12/1991,0.0,30.6,25.7,20.3
17/12/1991,0.0,31.2,25.6,19.2
18/12/1991,0.0,32.4,26.0,21.5
19/12/1991,0.0,32.6,26.1,21.1
20/12/1991,0.0,32.6,27.2,21.5
21/12/1991,6.4,27.5,22.7,19.1
22/12/1991,0.0,31.6,24.4,18.9
23/12/1991,0.0,31.8,25.5,19.5
24/12/1991,3.8,31.4,25.4,19.5
25/12/1991,0.0,30.2,25.7,20.9
26/12/1991,0.0,30.8,25.7,19.9
27/12/1991,0.0,32.8,26.3,19.5
28/12/1991,0.0,31.8,26.0,20.3
29/12/1991,0.0,32.4,26.7,20.3
30/12/1991,0.0,32.0,26.0,20.5
31/12/1991,0.0,32.2,25.7,19.7
01/01/1992,0.0,32.0,25.5,19.9
02/01/1992,0.0,31.8,26.5,20.7
03/01/1992,0.0,32.6,25.9,20.7
04/01/1992,0.0,32.0,25.7,20.9
05/01/1992,0.0,31.4,25.5,20.7
06/01/1992,0.0,33.6,26.9,20.7
07/01/1992,0.0,32.2,26.1,21.3
08/01/1992,0.0,32.2,26.7,20.3
09/01/1992,2.2,32.0,25.2,20.1
10/01/1992,0.0,32.6,26.3,20.3
11/01/1992,0.0,32.4,26.5,20.3
12/01/1992,0.0,32.8,26.1,20.3
13/01/1992,0.7,31.0,25.2,21.3
14/01/1992,0.0,32.8,26.7,20.3
15/01/1992,0.0,32.6,26.6,21.1
16/01/1992,50.0,28.7,24.7,21.3
17/01/1992,7.2,30.8,25.0,19.8
18/01/1992,0.0,32.2,26.1,21.3
19/01/1992,4.3,30.0,25.3,21.3
20/01/1992,3.6,30.8,25.9,20.9
21/01/1992,0.0,29.5,25.9,21.2
22/01/1992,0.6,30.6,25.9,21.8
23/01/1992,18.8,27.2,24.1,20.5
24/01/1992,39.4,28.7,24.9,20.5
25/01/1992,11.2,31.8,26.3,21.7
26/01/1992,0.0,31.4,25.9,20.5
27/01/1992,0.0,31.4,26.0,19.5
28/01/1992,0.0,30.4,25.7,19.7
29/01/1992,2.0,31.6,26.1,19.7
30/01/1992,0.0,31.8,25.6,19.9
31/01/1992,0.0,31.8,26.3,20.7
01/02/1992,0.0,32.2,25.9,20.7
02/02/1992,9.6,32.2,26.5,21.1
03/02/1992,0.0,32.2,26.6,21.1
04/02/1992,0.0,32.0,26.8,21.9
05/02/1992,0.0,32.2,26.6,20.7
06/02/1992,0.0,31.8,26.1,20.9
07/02/1992,0.0,31.6,26.1,22.1
08/02/1992,0.0,31.8,26.8,21.5
09/02/1992,0.0,31.2,25.4,19.9
10/02/1992,0.0,32.8,26.3,20.5
11/02/1992,0.0,31.3,25.6,20.7
12/02/1992,0.0,28.9,24.7,20.5
13/02/1992,22.2,26.5,23.3,19.3
14/02/1992,15.0,28.5,24.0,19.9
15/02/1992,0.0,30.1,24.8,20.1
16/02/1992,5.6,30.4,25.1,19.5
17/02/1992,0.0,30.4,25.7,20.3
18/02/1992,19.4,28.3,23.5,20.1
19/02/1992,3.8,28.5,23.6,19.5
20/02/1992,0.0,29.2,24.6,19.5
21/02/1992,22.0,29.8,24.2,19.9
22/02/1992,2.6,26.5,23.2,20.9
23/02/1992,7.2,28.7,23.9,19.5
24/02/1992,0.0,30.4,25.5,19.9
25/02/1992,6.4,30.4,25.2,20.3
26/02/1992,2.3,30.0,25.7,20.9
27/02/1992,13.2,30.8,25.6,20.7
28/02/1992,0.0,30.8,25.9,20.3
29/02/1992,2.0,29.8,25.5,19.9
01/03/1992,2.1,28.4,24.5,20.5
02/03/1992,2.2,29.8,24.9,20.1
03/03/1992,0.0,29.8,25.5,20.9
04/03/1992,8.4,29.8,25.2,20.7
05/03/1992,3.0,29.8,25.3,19.8
06/03/1992,4.4,31.4,25.8,21.1
07/03/1992,0.0,30.0,25.6,19.7
08/03/1992,5.8,30.4,24.4,20.3
09/03/1992,5.4,30.6,23.9,19.9
10/03/1992,11.3,29.8,25.3,19.9
11/03/1992,0.0,30.0,25.5,20.7
12/03/1992,0.0,30.0,25.9,21.1
13/03/1992,0.0,28.5,25.4,20.9
14/03/1992,3.0,30.8,26.1,21.3
15/03/1992,1.4,28.8,25.3,21.7
16/03/1992,0.0,29.8,25.7,20.5
17/03/1992,4.4,28.8,25.3,21.3
18/03/1992,4.0,28.1,25.2,20.7
19/03/1992,4.0,29.5,25.2,20.7
20/03/1992,24.4,26.7,23.8,20.1
21/03/1992,1.8,29.2,25.0,20.9
22/03/1992,2.4,30.8,26.1,20.5
23/03/1992,1.0,27.5,24.5,20.9
24/03/1992,19.4,25.1,23.1,20.3
25/03/1992,17.0,29.6,24.5,19.5
26/03/1992,0.0,29.6,25.2,20.1
27/03/1992,0.0,30.4,25.3,20.3
28/03/1992,28.0,28.7,24.7,20.1
29/03/1992,47.0,26.0,23.9,19.5
30/03/1992,4.4,28.5,24.5,19.5
31/03/1992,7.6,31.2,25.7,20.5
01/04/1992,37.0,27.9,23.6,20.3
02/04/1992,51.6,28.7,24.8,19.5
03/04/1992,0.0,30.2,25.5,20.5
04/04/1992,0.0,29.8,25.4,20.5
05/04/1992,0.0,29.2,25.0,20.3
06/04/1992,4.3,29.0,23.9,20.5
07/04/1992,1.0,29.0,24.3,19.5
08/04/1992,18.0,28.5,24.8,20.1
09/04/1992,2.6,29.8,25.6,20.5
10/04/1992,0.0,29.0,25.3,20.5
11/04/1992,1.0,27.5,24.5,21.5
12/04/1992,7.8,28.9,24.7,20.7
13/04/1992,26.2,29.6,24.9,20.5
14/04/1992,0.7,29.6,25.7,20.7
15/04/1992,6.6,26.9,24.2,20.5
16/04/1992,0.6,30.1,25.8,20.5
17/04/1992,0.0,27.9,25.0,21.3
18/04/1992,1.6,30.0,24.8,20.5
19/04/1992,4.5,29.2,25.0,19.9
20/04/1992,1.0,30.0,24.9,20.7
21/04/1992,0.0,30.4,25.2,20.5
22/04/1992,2.3,30.6,25.5,21.3
23/04/1992,3.8,31.2,25.4,20.1
24/04/1992,3.1,30.5,24.6,20.2
25/04/1992,2.1,30.0,25.7,21.3
26/04/1992,0.0,31.8,25.7,20.7
27/04/1992,0.0,31.2,25.7,20.1
28/04/1992,9.0,28.8,24.6,20.3
29/04/1992,2.9,29.9,25.0,20.5
30/04/1992,2.0,28.5,24.6,20.5
01/05/1992,5.6,29.8,24.5,19.9
02/05/1992,0.0,30.4,25.3,20.1
03/05/1992,0.7,29.6,24.7,20.2
04/05/1992,0.0,30.8,25.6,21.1
05/05/1992,0.0,31.2,25.5,20.3
06/05/1992,0.0,29.8,25.7,20.5
07/05/1992,0.6,29.2,24.9,19.9
08/05/1992,2.7,29.8,25.8,20.9
09/05/1992,0.6,30.8,25.4,19.5
10/05/1992,0.0,30.8,24.3,18.5
11/05/1992,0.0,30.6,24.7,19.5
12/05/1992,0.0,30.4,25.7,20.7
13/05/1992,0.0,30.8,25.1,20.5
14/05/1992,0.0,30.8,25.3,20.0
15/05/1992,0.0,30.4,25.4,19.3
16/05/1992,25.8,29.3,25.0,20.3
17/05/1992,0.1,30.0,24.9,20.3
18/05/1992,3.2,30.5,24.9,19.8
19/05/1992,0.0,31.0,25.3,20.1
20/05/1992,0.0,30.5,25.2,20.3
21/05/1992,0.0,30.2,25.4,19.3
22/05/1992,1.0,30.2,25.7,20.1
23/05/1992,0.0,29.6,24.2,19.5
24/05/1992,8.4,30.2,25.0,18.5
25/05/1992,0.0,30.4,25.4,20.9
26/05/1992,4.6,28.1,24.3,19.8
27/05/1992,3.6,30.2,25.1,18.5
28/05/1992,2.4,30.9,24.7,20.1
29/05/1992,0.0,30.3,25.2,19.7
30/05/1992,0.0,30.7,24.6,19.9
31/05/1992,0.0,30.4,25.5,19.5
01/06/1992,0.0,29.6,24.3,20.9
02/06/1992,5.6,29.8,24.9,20.3
03/06/1992,3.4,29.6,24.6,19.1
04/06/1992,23.4,28.3,24.3,19.5
05/06/1992,0.0,31.0,24.8,19.3
06/06/1992,0.0,,24.5,19.3
07/06/1992,1.6,,,19.4
08/06/1992,18.8,,,20.1
09/06/1992,5.2,,,18.3
10/06/1992,1.5,,,18.7
11/06/1992,0.8,31.9,24.4,18.8
12/06/1992,0.0,30.0,24.4,19.5
13/06/1992,6.2,29.5,24.7,19.9
14/06/1992,1.3,30.5,24.5,19.1
15/06/1992,2.8,28.9,24.3,18.2
16/06/1992,18.4,30.4,24.9,19.4
17/06/1992,1.0,,23.4,18.7
18/06/1992,0.0,30.5,24.6,19.3
19/06/1992,0.0,30.0,24.2,18.6
20/06/1992,0.0,30.3,24.2,18.4
21/06/1992,0.0,30.3,24.2,17.4
22/06/1992,0.4,30.5,24.3,17.3
23/06/1992,0.0,30.5,24.5,18.8
24/06/1992,0.0,29.3,24.4,19.5
25/06/1992,2.4,30.4,24.7,19.7
26/06/1992,0.0,29.9,24.4,20.1
27/06/1992,0.0,30.3,24.5,18.8
28/06/1992,0.0,29.9,24.3,19.9
29/06/1992,0.0,30.3,23.8,18.0
30/06/1992,0.0,30.9,24.2,17.6
01/07/1992,0.0,30.4,24.9,20.3
02/07/1992,0.0,30.6,25.6,18.4
03/07/1992,0.2,30.2,24.7,20.9
04/07/1992,0.0,29.6,24.3,20.5
05/07/1992,0.0,30.0,23.2,18.9
06/07/1992,0.0,30.4,22.7,16.7
07/07/1992,0.2,30.0,24.0,17.9
08/07/1992,0.6,30.4,23.9,18.5
09/07/1992,3.3,29.6,23.8,18.9
10/07/1992,3.8,30.4,24.8,18.3
11/07/1992,0.2,27.7,23.7,18.9
12/07/1992,3.0,30.0,24.5,19.5
13/07/1992,2.0,30.3,22.9,17.1
14/07/1992,0.2,30.1,23.7,17.8
15/07/1992,3.2,28.8,24.0,18.8
16/07/1992,2.0,30.3,23.6,17.3
17/07/1992,0.0,30.7,23.0,19.7
18/07/1992,4.8,29.7,23.8,17.8
19/07/1992,0.0,30.0,24.3,18.1
20/07/1992,0.0,30.4,25.2,17.8
21/07/1992,0.0,30.6,25.0,18.7
22/07/1992,0.2,31.2,24.1,18.3
23/07/1992,0.0,31.6,25.2,18.5
24/07/1992,0.0,30.8,25.7,20.3
25/07/1992,0.0,28.3,24.4,18.7
26/07/1992,10.6,29.8,23.5,17.7
27/07/1992,13.0,30.1,24.2,18.8
28/07/1992,0.4,30.3,23.9,18.7
29/07/1992,0.0,31.3,23.8,16.7
30/07/1992,4.8,31.5,24.2,17.1
31/07/1992,0.0,31.2,24.3,19.7
01/08/1992,5.8,31.2,24.3,19.9
02/08/1992,0.0,30.4,23.7,17.2
03/08/1992,0.3,30.8,24.0,18.5
04/08/1992,0.0,30.2,23.8,18.3
05/08/1992,0.5,30.0,24.3,18.9
06/08/1992,1.9,29.3,24.4,19.6
07/08/1992,0.7,30.2,25.0,19.1
08/08/1992,0.0,31.4,25.7,21.3
09/08/1992,0.0,31.3,25.6,20.4
10/08/1992,0.0,30.4,26.0,21.0
11/08/1992,0.0,30.8,25.8,19.9
12/08/1992,0.4,30.8,25.3,20.1
13/08/1992,0.2,30.7,25.5,20.7
14/08/1992,0.2,30.0,23.7,18.8
15/08/1992,16.3,30.6,24.3,17.3
16/08/1992,0.0,30.2,25.4,20.1
17/08/1992,0.0,30.7,25.0,19.5
18/08/1992,0.0,30.9,25.0,19.5
19/08/1992,0.0,31.0,24.4,20.1
20/08/1992,0.0,32.2,25.1,19.5
21/08/1992,0.0,32.2,25.1,17.7
22/08/1992,0.0,31.2,24.9,20.3
23/08/1992,0.0,31.2,24.5,18.1
24/08/1992,0.0,31.6,24.6,18.2
25/08/1992,0.0,31.8,25.3,19.8
26/08/1992,0.0,32.2,25.3,20.3
27/08/1992,0.0,31.8,25.9,20.6
28/08/1992,0.0,31.8,25.1,20.7
29/08/1992,0.0,32.1,25.6,19.6
30/08/1992,0.0,32.8,26.1,19.8
31/08/1992,0.0,32.6,26.5,20.7
01/09/1992,0.0,31.8,26.7,22.0
02/09/1992,0.0,32.4,26.8,21.8
03/09/1992,0.0,33.1,26.7,20.2
04/09/1992,0.0,32.5,26.7,21.7
05/09/1992,0.0,31.7,26.2,21.8
06/09/1992,0.0,32.4,25.9,18.6
07/09/1992,0.0,32.4,25.8,21.0
08/09/1992,0.0,32.4,26.2,20.3
09/09/1992,0.0,32.9,25.7,20.5
10/09/1992,0.0,32.8,25.6,19.8
11/09/1992,0.0,32.4,25.7,20.1
12/09/1992,0.0,32.2,25.6,19.9
13/09/1992,0.0,31.9,24.7,19.8
14/09/1992,2.6,33.1,25.9,19.1
15/09/1992,0.0,32.8,26.4,20.1
16/09/1992,0.0,32.5,26.0,19.7
17/09/1992,0.0,33.3,26.9,19.1
18/09/1992,0.0,33.9,26.2,20.2
19/09/1992,0.0,33.4,27.3,19.8
20/09/1992,4.4,32.2,25.6,19.0
21/09/1992,0.0,32.4,25.5,18.3
22/09/1992,0.5,32.2,25.2,19.1
23/09/1992,0.0,32.9,26.9,20.6
24/09/1992,0.0,32.8,26.7,21.5
25/09/1992,0.0,33.8,26.9,20.7
26/09/1992,0.0,34.2,26.3,21.1
27/09/1992,0.0,32.8,25.8,20.5
28/09/1992,0.0,33.1,26.5,18.8
29/09/1992,0.0,33.6,27.2,20.6
30/09/1992,0.0,35.0,27.4,20.7
01/10/1992,0.0,33.4,26.7,18.9
02/10/1992,0.0,33.4,27.1,21.3
03/10/1992,0.0,34.2,26.5,18.3
04/10/1992,0.0,32.9,26.5,21.5
05/10/1992,0.0,34.6,27.6,19.1
06/10/1992,0.0,33.4,26.9,18.2
07/10/1992,0.0,33.4,26.7,21.1
08/10/1992,0.0,33.8,26.6,18.5
09/10/1992,0.0,34.2,27.2,19.7
10/10/1992,0.0,33.6,27.4,21.4
11/10/1992,0.0,34.2,27.5,20.3
12/10/1992,0.0,33.2,26.4,20.9
13/10/1992,0.0,33.8,27.0,20.9
14/10/1992,0.0,32.6,27.5,22.5
15/10/1992,0.0,33.9,27.8,21.9
16/10/1992,0.0,34.2,28.4,22.0
17/10/1992,0.0,34.2,28.1,22.3
18/10/1992,0.0,32.4,27.3,21.9
19/10/1992,0.0,33.8,27.3,21.1
20/10/1992,0.0,34.4,26.0,19.5
21/10/1992,0.0,34.6,27.4,20.6
22/10/1992,0.0,35.0,28.3,21.1
23/10/1992,0.0,34.2,27.9,22.0
24/10/1992,0.0,33.8,27.6,20.5
25/10/1992,0.0,34.2,28.0,22.6
26/10/1992,0.0,34.6,26.5,17.7
27/10/1992,0.0,34.2,26.3,18.3
28/10/1992,0.0,34.6,27.5,17.7
29/10/1992,0.0,32.8,26.9,18.1
30/10/1992,0.0,32.6,26.8,18.1
31/10/1992,0.0,34.2,27.7,18.5
01/11/1992,0.0,34.2,27.7,21.1
02/11/1992,0.0,34.2,28.0,21.6
03/11/1992,0.0,33.4,27.8,21.1
04/11/1992,0.0,34.2,27.8,21.2
05/11/1992,0.0,34.2,26.7,18.8
06/11/1992,0.0,29.8,25.7,22.6
07/11/1992,33.0,36.8,26.9,19.9
08/11/1992,2.2,30.2,23.7,17.7
09/11/1992,0.0,32.4,25.5,15.5
10/11/1992,0.0,34.0,26.5,17.1
11/11/1992,0.0,33.2,26.5,19.1
12/11/1992,0.0,30.2,24.8,17.5
13/11/1992,4.6,30.4,24.7,19.1
14/11/1992,,30.4,,19.7
15/11/1992,0.0,32.2,25.3,15.3
16/11/1992,0.0,32.2,26.8,20.9
17/11/1992,0.0,31.9,25.2,18.7
18/11/1992,0.0,33.1,26.3,19.1
19/11/1992,0.0,33.0,26.7,20.1
20/11/1992,0.0,32.3,26.3,20.7
21/11/1992,0.0,32.4,26.8,21.1
22/11/1992,0.0,33.2,26.9,19.6
23/11/1992,0.0,33.8,27.5,21.7
24/11/1992,0.0,33.2,27.8,21.7
25/11/1992,0.0,32.6,27.7,20.9
26/11/1992,0.0,32.3,27.6,21.3
27/11/1992,0.0,32.6,26.6,20.7
28/11/1992,0.0,31.7,26.7,19.7
29/11/1992,0.0,34.4,26.3,19.5
30/11/1992,0.0,32.7,27.3,21.3
01/12/1992,0.0,30.2,24.0,17.0
02/12/1992,0.0,33.2,26.9,19.2
03/12/1992,0.0,32.6,25.8,17.1
04/12/1992,0.0,30.3,27.3,22.6
05/12/1992,1.6,30.3,24.1,17.5
06/12/1992,0.0,33.3,25.6,19.1
07/12/1992,0.0,33.0,26.5,18.1
08/12/1992,0.0,31.6,26.2,17.7
09/12/1992,0.0,31.6,26.9,19.9
10/12/1992,0.0,34.8,26.4,17.1
11/12/1992,0.0,32.9,27.2,18.1
12/12/1992,0.0,32.8,26.4,18.7
13/12/1992,0.0,33.6,26.5,16.3
14/12/1992,0.0,33.0,26.6,19.8
15/12/1992,18.6,30.5,25.6,17.1
16/12/1992,0.0,33.2,25.6,18.7
17/12/1992,0.0,32.6,26.7,21.3
18/12/1992,0.0,32.2,27.2,20.5
19/12/1992,0.0,31.5,26.8,20.1
20/12/1992,0.0,32.5,26.6,20.3
21/12/1992,0.0,32.3,26.3,20.1
22/12/1992,2.4,30.3,24.4,17.1
23/12/1992,0.0,31.7,26.0,19.2
24/12/1992,0.0,30.8,26.3,19.8
25/12/1992,0.0,32.7,26.5,20.1
26/12/1992,0.0,33.3,27.1,20.3
27/12/1992,0.0,32.9,27.0,20.8
28/12/1992,0.0,32.0,27.2,18.1
29/12/1992,0.0,31.8,26.5,18.1
30/12/1992,0.0,32.0,27.6,22.4
31/12/1992,0.0,29.2,24.6,19.8
01/01/1993,0.8,30.6,26.1,20.7
02/01/1993,4.4,33.4,25.1,15.1
03/01/1993,0.0,30.4,26.1,18.1
04/01/1993,0.2,32.2,25.1,17.7
05/01/1993,0.0,32.6,26.4,19.1
06/01/1993,0.2,30.4,25.8,20.7
07/01/1993,0.0,30.6,25.3,21.9
08/01/1993,5.6,31.0,24.0,19.3
09/01/1993,1.8,28.4,24.3,19.7
10/01/1993,0.2,29.2,24.8,19.3
11/01/1993,0.0,31.6,25.5,19.1
12/01/1993,9.2,29.7,23.9,20.0
13/01/1993,53.2,28.3,23.0,16.1
14/01/1993,0.0,29.3,23.5,16.3
15/01/1993,27.6,29.3,22.8,15.8
16/01/1993,9.0,30.8,24.8,17.7
17/01/1993,0.0,30.8,25.4,19.1
18/01/1993,0.0,30.8,24.7,18.3
19/01/1993,5.1,29.5,23.3,15.1
20/01/1993,2.4,31.2,24.4,15.7
21/01/1993,0.0,31.6,25.8,15.3
22/01/1993,4.3,31.6,25.7,16.1
23/01/1993,0.0,31.6,25.9,16.1
24/01/1993,0.0,30.4,26.2,16.1
25/01/1993,0.0,31.2,24.7,17.1
26/01/1993,0.0,32.3,26.0,18.3
27/01/1993,0.0,30.8,24.8,18.7
28/01/1993,0.0,31.2,25.3,19.1
29/01/1993,0.0,31.8,26.5,20.1
30/01/1993,0.0,32.0,25.8,18.1
31/01/1993,4.6,27.2,22.5,16.1
01/02/1993,0.0,29.8,25.2,18.2
02/02/1993,0.0,31.2,25.2,17.7
03/02/1993,0.0,31.2,25.4,19.1
04/02/1993,0.0,31.6,25.0,18.1
05/02/1993,0.0,28.7,24.1,17.6
06/02/1993,11.5,29.3,23.7,16.7
07/02/1993,0.0,31.2,25.3,18.1
08/02/1993,0.0,32.3,26.3,18.6
09/02/1993,2.7,30.3,24.8,16.1
10/02/1993,17.0,29.8,24.7,15.5
11/02/1993,0.0,28.9,23.4,16.3
12/02/1993,18.8,26.7,22.3,15.3
13/02/1993,23.2,29.8,24.4,15.1
14/02/1993,0.0,29.6,24.9,15.3
15/02/1993,0.0,29.3,23.9,17.1
16/02/1993,9.2,31.0,25.1,20.3
17/02/1993,48.4,28.7,23.8,19.3
18/02/1993,35.0,29.3,23.5,19.7
19/02/1993,18.0,29.3,23.3,16.1
20/02/1993,0.0,30.2,24.2,17.2
21/02/1993,0.0,31.4,25.2,18.1
22/02/1993,0.0,30.4,26.0,20.0
23/02/1993,0.0,30.8,25.3,19.8
24/02/1993,36.4,27.3,21.4,
25/02/1993,34.9,28.3,24.9,18.6
26/02/1993,2.0,29.5,23.5,15.7
27/02/1993,4.7,30.2,24.5,17.7
28/02/1993,11.7,30.0,23.6,15.8
01/03/1993,12.0,29.1,21.9,15.1
02/03/1993,15.6,29.5,23.7,15.1
03/03/1993,0.4,28.9,23.6,17.1
04/03/1993,0.0,30.2,23.7,15.2
05/03/1993,4.0,28.3,22.9,15.1
06/03/1993,4.6,27.9,22.3,15.1
07/03/1993,4.9,31.2,25.1,15.1
08/03/1993,0.0,29.5,23.4,16.1
09/03/1993,2.9,30.4,24.5,17.7
10/03/1993,0.0,30.2,24.7,18.7
11/03/1993,0.0,30.4,23.9,15.1
12/03/1993,0.0,29.5,24.5,18.1
13/03/1993,1.6,30.3,24.0,16.1
14/03/1993,0.0,30.8,25.1,18.7
15/03/1993,4.0,30.6,25.2,19.2
16/03/1993,0.0,29.3,23.7,17.1
17/03/1993,15.1,29.3,24.0,17.1
18/03/1993,3.5,25.2,21.5,15.1
19/03/1993,41.4,25.5,21.6,15.7
20/03/1993,2.4,29.9,24.6,18.9
21/03/1993,2.5,30.0,24.0,17.3
22/03/1993,2.2,30.0,25.9,18.7
23/03/1993,31.7,28.0,24.3,19.4
24/03/1993,10.3,28.9,24.9,19.5
25/03/1993,0.4,27.3,23.2,19.9
26/03/1993,5.6,29.9,24.3,17.6
27/03/1993,2.6,29.9,23.9,16.7
28/03/1993,1.3,30.6,24.8,19.5
29/03/1993,19.0,27.9,22.7,15.3
30/03/1993,1.3,29.2,24.3,19.5
31/03/1993,0.0,30.2,24.3,17.7
01/04/1993,1.0,29.5,25.4,20.6
02/04/1993,3.0,30.4,25.8,20.1
03/04/1993,4.6,29.9,24.6,20.6
04/04/1993,2.6,30.2,25.2,20.3
05/04/1993,2.0,29.5,24.6,20.1
06/04/1993,1.4,30.0,25.3,20.4
07/04/1993,14.6,29.8,24.5,19.8
08/04/1993,25.0,30.0,24.3,20.1
09/04/1993,0.0,30.1,25.3,20.1
10/04/1993,2.2,30.2,24.7,19.9
11/04/1993,0.0,30.0,24.0,19.8
12/04/1993,4.6,29.6,25.5,20.1
13/04/1993,0.5,29.5,24.4,19.6
14/04/1993,0.0,30.2,24.4,19.7
15/04/1993,1.7,29.5,24.9,19.0
16/04/1993,1.2,30.0,24.7,20.4
17/04/1993,0.0,26.9,23.6,20.1
18/04/1993,42.4,30.2,24.9,18.8
19/04/1993,0.0,27.3,24.0,18.9
20/04/1993,0.5,30.2,25.0,20.7
21/04/1993,2.4,30.2,23.9,19.5
22/04/1993,1.4,28.4,24.4,19.5
23/04/1993,2.2,30.0,24.7,20.3
24/04/1993,0.0,28.9,24.8,19.1
25/04/1993,13.9,28.9,24.6,20.7
26/04/1993,3.0,28.7,23.6,20.8
27/04/1993,26.1,28.3,23.3,18.1
28/04/1993,6.4,28.3,23.8,19.9
29/04/1993,34.9,30.2,24.0,19.7
30/04/1993,0.0,28.9,24.1,19.7
01/05/1993,7.2,28.7,23.9,20.5
02/05/1993,66.0,28.3,24.0,18.7
03/05/1993,0.0,29.5,24.3,20.3
04/05/1993,1.2,29.8,25.0,19.8
05/05/1993,0.0,30.1,24.8,20.7
06/05/1993,3.5,31.6,24.8,19.3
07/05/1993,10.7,30.2,24.9,20.7
08/05/1993,0.0,30.3,25.1,19.7
09/05/1993,0.2,30.4,25.2,19.9
10/05/1993,0.0,29.5,26.1,21.8
11/05/1993,10.3,30.8,25.7,19.6
12/05/1993,0.0,28.3,24.8,21.2
13/05/1993,3.9,30.4,25.1,19.7
14/05/1993,0.0,30.8,24.7,16.1
15/05/1993,0.0,28.5,24.2,20.2
16/05/1993,12.8,28.5,24.5,20.3
17/05/1993,20.6,30.0,24.6,19.8
18/05/1993,2.0,30.4,24.5,19.8
19/05/1993,16.2,27.9,24.0,20.5
20/05/1993,4.3,30.2,24.6,19.7
21/05/1993,2.8,31.6,24.3,18.9
22/05/1993,5.2,30.6,24.3,19.3
23/05/1993,0.0,30.2,24.6,19.8
24/05/1993,0.0,29.0,24.3,20.0
25/05/1993,0.9,30.8,25.3,18.6
26/05/1993,0.3,30.5,24.6,18.3
27/05/1993,1.4,31.3,26.5,19.0
28/05/1993,0.0,32.0,26.6,18.3
29/05/1993,0.0,31.3,26.8,19.2
30/05/1993,0.0,30.3,26.2,19.8
31/05/1993,3.6,30.0,25.4,19.2
01/06/1993,0.2,31.3,26.9,19.1
02/06/1993,0.0,30.4,25.5,19.0
03/06/1993,0.0,30.8,25.6,18.9
04/06/1993,0.0,30.8,24.7,19.9
05/06/1993,0.0,29.4,24.7,20.1
06/06/1993,0.9,30.4,24.7,19.5
07/06/1993,0.0,30.6,25.4,17.6
08/06/1993,2.0,30.4,24.8,18.9
09/06/1993,0.0,30.2,25.1,19.9
10/06/1993,0.7,30.7,26.4,20.1
11/06/1993,8.0,29.3,23.0,15.1
12/06/1993,0.4,30.2,25.4,20.7
13/06/1993,2.1,30.2,24.4,19.2
14/06/1993,0.0,29.9,24.5,19.5
15/06/1993,6.2,30.7,25.7,19.2
16/06/1993,0.0,31.0,25.4,19.8
17/06/1993,0.0,31.2,25.4,19.1
18/06/1993,0.0,30.2,24.1,16.7
19/06/1993,0.0,31.5,25.0,19.5
20/06/1993,3.7,29.3,25.1,19.1
21/06/1993,2.2,28.5,23.9,19.8
22/06/1993,2.2,29.3,24.4,20.2
23/06/1993,0.0,29.9,24.5,19.8
24/06/1993,3.6,29.5,24.9,19.8
25/06/1993,2.3,30.6,25.9,19.5
26/06/1993,0.0,30.4,24.4,19.8
27/06/1993,0.5,29.8,24.8,19.4
28/06/1993,19.0,29.3,23.4,18.3
29/06/1993,1.0,29.0,24.9,17.9
30/06/1993,0.0,30.4,23.5,17.3
01/07/1993,0.7,30.4,24.3,17.9
02/07/1993,0.0,30.5,26.0,19.1
03/07/1993,0.0,30.6,24.9,19.5
04/07/1993,0.0,30.5,25.3,18.5
05/07/1993,0.0,30.0,26.2,19.8
06/07/1993,0.0,30.6,25.9,18.3
07/07/1993,0.0,30.8,25.9,17.4
08/07/1993,0.8,30.4,24.0,14.7
09/07/1993,2.5,30.4,24.3,17.5
10/07/1993,10.5,29.8,25.0,16.3
11/07/1993,14.0,27.2,22.0,15.7
12/07/1993,2.5,30.4,25.7,18.9
13/07/1993,2.2,30.2,25.2,17.8
14/07/1993,0.0,30.4,25.5,18.7
15/07/1993,1.2,27.5,23.7,18.7
16/07/1993,45.5,29.3,24.3,18.8
17/07/1993,7.9,29.3,23.4,17.8
18/07/1993,3.9,29.1,23.3,18.2
19/07/1993,0.0,30.0,24.8,17.5
20/07/1993,0.0,29.8,25.2,19.2
21/07/1993,17.3,30.2,24.5,19.8
22/07/1993,1.4,31.3,26.5,19.1
23/07/1993,0.0,30.6,24.9,18.5
24/07/1993,0.0,30.8,26.0,19.7
25/07/1993,0.0,30.6,26.1,20.7
26/07/1993,20.4,28.8,24.6,18.5
27/07/1993,0.0,30.2,24.0,17.9
28/07/1993,1.4,30.1,25.5,19.5
29/07/1993,0.0,30.6,25.7,19.5
30/07/1993,0.0,31.3,26.5,20.1
31/07/1993,0.0,31.2,25.7,20.3
01/08/1993,5.1,29.3,25.9,21.4
02/08/1993,0.0,28.7,24.0,15.1
03/08/1993,13.8,28.7,23.8,17.9
04/08/1993,7.0,30.2,24.2,17.5
05/08/1993,0.0,29.5,23.0,13.7
06/08/1993,0.3,28.9,22.4,14.3
07/08/1993,0.0,30.2,23.6,15.1
08/08/1993,0.0,30.6,24.5,13.7
09/08/1993,0.0,30.9,25.3,17.8
10/08/1993,0.0,30.4,25.1,19.8
11/08/1993,0.0,30.4,24.9,19.3
12/08/1993,0.0,31.2,23.1,12.3
13/08/1993,1.3,30.2,23.5,15.1
14/08/1993,0.0,30.2,25.5,19.5
15/08/1993,1.0,30.6,25.7,19.5
16/08/1993,0.0,30.2,24.0,17.3
17/08/1993,5.2,30.4,23.6,15.1
18/08/1993,0.0,30.4,25.0,19.3
19/08/1993,0.0,31.2,24.1,15.7
20/08/1993,0.0,30.4,23.7,15.3
21/08/1993,0.0,30.4,24.1,18.9
22/08/1993,0.0,30.4,24.3,15.1
23/08/1993,0.0,30.8,25.9,19.5
24/08/1993,0.0,30.8,25.9,19.7
25/08/1993,0.0,31.4,25.3,19.7
26/08/1993,0.0,31.6,25.0,17.5
27/08/1993,0.0,30.8,25.8,19.3
28/08/1993,0.0,31.6,26.4,20.3
29/08/1993,0.0,31.0,25.0,17.5
30/08/1993,0.0,31.8,25.7,18.2
31/08/1993,0.0,31.4,26.2,19.7
01/09/1993,0.0,31.6,25.7,19.2
02/09/1993,0.0,31.0,26.5,19.9
03/09/1993,0.0,30.6,25.0,19.1
04/09/1993,2.4,31.9,24.2,14.7
05/09/1993,0.0,32.2,25.3,16.7
06/09/1993,0.0,31.2,26.0,19.7
07/09/1993,0.7,30.4,24.7,20.3
08/09/1993,3.8,30.9,23.9,14.3
09/09/1993,0.0,31.2,24.5,20.7
10/09/1993,13.8,30.0,24.7,19.5
11/09/1993,3.6,31.4,24.8,19.3
12/09/1993,0.0,30.4,25.5,19.1
13/09/1993,0.0,31.2,25.4,19.0
14/09/1993,0.0,31.2,26.2,19.9
15/09/1993,0.0,31.2,25.4,19.6
16/09/1993,0.0,31.4,24.7,16.1
17/09/1993,0.0,31.2,25.8,21.0
18/09/1993,0.0,31.4,25.4,18.8
19/09/1993,0.0,31.8,25.2,15.1
20/09/1993,0.0,32.6,25.9,19.0
21/09/1993,0.0,31.8,26.8,20.8
22/09/1993,0.0,32.8,26.9,19.5
23/09/1993,0.0,31.8,26.1,20.4
24/09/1993,0.0,31.8,25.7,18.1
25/09/1993,0.0,32.2,25.5,16.7
26/09/1993,1.0,31.8,25.8,20.1
27/09/1993,6.2,32.2,25.5,20.1
28/09/1993,0.0,32.2,25.8,19.7
29/09/1993,0.0,32.2,26.1,19.3
30/09/1993,4.0,30.9,25.0,20.5
01/10/1993,3.1,31.8,25.4,19.7
02/10/1993,0.0,32.2,25.6,19.9
03/10/1993,0.0,31.8,24.8,17.7
04/10/1993,23.2,31.4,26.0,19.8
05/10/1993,0.0,32.1,25.2,18.3
06/10/1993,0.0,32.2,25.5,20.1
07/10/1993,0.0,32.2,25.9,20.4
08/10/1993,9.0,31.2,25.4,21.1
09/10/1993,0.0,31.4,25.5,20.9
10/10/1993,0.0,31.2,24.2,17.1
11/10/1993,0.0,31.6,25.8,19.3
12/10/1993,0.0,30.7,25.6,20.8
13/10/1993,0.0,30.0,26.3,19.6
14/10/1993,0.8,30.2,24.8,20.2
15/10/1993,0.0,30.5,25.2,18.2
16/10/1993,2.0,30.2,24.4,18.2
17/10/1993,0.6,30.0,24.3,19.4
18/10/1993,0.0,32.2,26.1,17.1
19/10/1993,0.0,31.2,25.4,17.1
20/10/1993,0.0,32.8,26.9,20.0
21/10/1993,0.0,33.2,26.5,21.5
22/10/1993,0.0,32.8,27.0,21.1
23/10/1993,0.0,32.2,26.4,18.1
24/10/1993,0.0,33.2,25.7,17.1
25/10/1993,0.0,31.9,27.0,21.5
26/10/1993,0.0,30.5,26.2,22.5
27/10/1993,0.4,32.8,26.1,20.5
28/10/1993,0.0,33.2,26.5,19.9
29/10/1993,0.0,32.2,26.8,21.9
30/10/1993,0.0,31.1,25.2,17.1
31/10/1993,0.0,31.0,24.5,17.1
01/11/1993,0.0,32.2,26.3,20.4
02/11/1993,0.0,32.2,26.1,20.1
03/11/1993,0.0,32.4,26.4,21.2
04/11/1993,0.0,32.2,26.4,20.7
05/11/1993,5.2,28.9,23.9,18.6
06/11/1993,2.6,30.8,25.5,20.1
07/11/1993,0.0,31.8,25.5,20.4
08/11/1993,3.1,31.8,25.4,16.1
09/11/1993,0.0,32.4,26.2,17.7
10/11/1993,56.4,29.4,25.1,19.1
11/11/1993,4.3,27.5,23.3,15.1
12/11/1993,16.2,29.9,25.1,18.8
13/11/1993,0.0,31.4,24.8,17.1
14/11/1993,0.0,31.2,25.2,17.1
15/11/1993,0.0,27.3,24.2,20.3
16/11/1993,5.0,30.2,24.8,19.3
17/11/1993,0.0,30.2,24.8,18.9
18/11/1993,0.0,32.2,26.3,19.2
19/11/1993,0.0,31.2,25.2,18.5
20/11/1993,9.5,31.2,24.4,18.4
21/11/1993,0.0,28.3,24.1,20.3
22/11/1993,0.9,31.9,25.5,19.8
23/11/1993,0.0,31.8,26.2,20.1
24/11/1993,0.0,29.9,24.8,21.6
25/11/1993,9.7,31.2,25.5,19.2
26/11/1993,0.0,31.4,25.8,20.0
27/11/1993,0.0,31.2,25.9,20.2
28/11/1993,0.0,31.2,26.1,20.7
29/11/1993,0.0,31.8,26.9,20.8
30/11/1993,0.0,28.7,24.1,16.3
01/12/1993,25.7,30.9,26.1,18.5
02/12/1993,0.0,31.5,26.4,19.6
03/12/1993,0.0,30.8,26.7,21.1
04/12/1993,0.0,31.7,26.9,20.7
05/12/1993,0.0,31.7,26.8,19.6
06/12/1993,0.0,31.4,25.9,17.1
07/12/1993,0.0,31.2,24.7,17.1
08/12/1993,0.0,31.2,24.9,17.1
09/12/1993,0.0,31.2,25.3,17.7
10/12/1993,0.0,31.7,25.1,18.1
11/12/1993,0.0,30.8,25.1,17.1
12/12/1993,0.2,30.8,24.6,17.2
13/12/1993,0.7,31.8,26.6,20.3
14/12/1993,0.0,30.4,26.5,20.3
15/12/1993,0.0,30.8,26.0,20.5
16/12/1993,0.0,31.0,25.5,20.3
17/12/1993,0.0,32.4,25.7,20.3
18/12/1993,1.3,29.8,26.0,20.5
19/12/1993,1.3,30.5,26.2,20.4
20/12/1993,50.0,30.2,25.0,19.3
21/12/1993,4.7,30.8,26.1,19.1
22/12/1993,0.0,31.3,26.2,19.3
23/12/1993,0.0,30.4,26.3,19.7
24/12/1993,0.0,29.9,24.1,20.1
25/12/1993,0.0,30.1,25.2,19.8
26/12/1993,0.0,30.1,24.5,19.7
27/12/1993,4.7,27.3,23.6,20.5
28/12/1993,1.3,28.4,25.0,20.5
29/12/1993,0.0,29.9,25.7,20.7
30/12/1993,17.6,26.8,23.6,20.5
31/12/1993,30.3,28.9,24.6,17.8
01/01/1994,4.6,30.2,24.0,19.6
02/01/1994,0.0,30.5,26.1,20.0
03/01/1994,38.0,28.4,24.4,19.6
04/01/1994,0.8,29.4,24.6,19.3
05/01/1994,16.0,29.0,24.1,19.7
06/01/1994,0.0,29.9,25.2,20.1
07/01/1994,4.1,29.0,24.2,19.8
08/01/1994,0.4,29.8,25.2,20.0
09/01/1994,4.4,29.3,24.0,20.4
10/01/1994,0.0,30.0,24.2,19.5
11/01/1994,1.0,30.1,24.9,20.3
12/01/1994,0.0,28.8,24.1,19.7
13/01/1994,2.5,28.3,24.3,18.7
14/01/1994,1.3,29.9,24.8,19.7
15/01/1994,3.4,30.1,25.3,20.7
16/01/1994,21.0,29.0,24.5,19.5
17/01/1994,0.5,28.3,24.0,19.8
18/01/1994,0.5,30.0,23.9,18.3
19/01/1994,8.2,28.7,23.9,20.6
20/01/1994,33.7,27.3,23.2,19.2
21/01/1994,0.0,28.0,24.2,20.2
22/01/1994,37.8,26.7,23.4,19.2
23/01/1994,14.3,28.9,24.2,19.2
24/01/1994,6.0,30.2,24.9,20.3
25/01/1994,2.4,30.2,24.8,19.5
26/01/1994,0.0,30.4,24.3,19.1
27/01/1994,0.0,30.2,25.0,20.1
28/01/1994,0.9,30.1,25.1,21.0
29/01/1994,0.7,29.2,23.9,20.9
30/01/1994,27.9,28.3,23.5,18.7
31/01/1994,9.5,25.7,22.9,19.6
01/02/1994,5.0,28.9,23.6,18.5
02/02/1994,6.0,29.3,24.3,19.6
03/02/1994,29.9,27.3,22.4,18.5
04/02/1994,2.4,29.3,23.3,18.2
05/02/1994,0.6,29.2,24.5,18.9
06/02/1994,55.0,26.7,22.5,18.7
07/02/1994,8.4,29.9,23.7,18.9
08/02/1994,1.5,29.5,24.3,19.0
09/02/1994,1.4,26.3,22.7,19.5
10/02/1994,1.2,29.3,23.9,18.7
11/02/1994,36.0,27.3,23.3,19.7
12/02/1994,31.4,29.3,23.8,19.3
13/02/1994,9.8,29.5,24.1,19.1
14/02/1994,13.0,27.9,23.8,19.2
15/02/1994,3.6,25.9,23.7,20.1
16/02/1994,16.4,30.2,24.4,20.3
17/02/1994,17.5,29.3,23.9,20.3
18/02/1994,18.7,28.5,24.3,19.4
19/02/1994,5.2,29.0,25.0,20.6
20/02/1994,0.0,28.8,25.5,21.1
21/02/1994,0.0,30.4,26.1,20.1
22/02/1994,21.0,28.4,24.5,19.5
23/02/1994,6.0,31.0,25.2,19.9
24/02/1994,9.8,30.9,26.1,19.8
25/02/1994,0.0,30.8,24.8,19.3
26/02/1994,0.0,30.8,25.5,19.7
27/02/1994,0.0,29.2,25.2,19.9
28/02/1994,1.0,30.1,25.2,20.1
01/03/1994,0.0,29.3,25.6,19.6
02/03/1994,0.0,29.9,25.2,20.3
03/03/1994,0.2,30.6,25.8,20.5
04/03/1994,2.6,29.0,24.9,20.4
05/03/1994,141.5,25.8,22.3,19.0
06/03/1994,96.6,28.3,24.0,18.6
07/03/1994,10.6,25.2,22.3,18.6
08/03/1994,31.7,30.1,24.2,18.1
09/03/1994,3.0,29.8,25.3,20.1
10/03/1994,13.0,27.9,23.6,19.1
11/03/1994,15.6,28.9,23.6,18.3
12/03/1994,1.2,30.0,24.7,18.1
13/03/1994,1.5,29.9,24.6,18.7
14/03/1994,4.8,29.6,25.1,18.1
15/03/1994,1.5,30.5,26.4,20.1
16/03/1994,0.8,28.8,25.1,20.4
17/03/1994,24.7,30.2,25.1,19.5
18/03/1994,0.0,30.0,25.3,20.7
19/03/1994,26.0,27.6,24.4,19.7
20/03/1994,9.5,29.5,25.5,20.1
21/03/1994,2.7,28.5,24.0,19.3
22/03/1994,7.1,28.3,23.6,20.1
23/03/1994,32.8,28.5,24.2,19.1
24/03/1994,0.0,30.4,24.5,19.8
25/03/1994,0.0,29.9,25.0,20.1
26/03/1994,0.9,30.0,24.5,20.2
27/03/1994,14.1,29.9,25.2,20.2
28/03/1994,6.1,28.6,25.1,20.0
29/03/1994,8.0,28.9,23.8,19.5
30/03/1994,7.9,28.5,24.2,19.5
31/03/1994,3.2,28.3,23.9,19.8
01/04/1994,16.0,30.2,25.1,19.9
02/04/1994,2.6,27.5,24.3,20.7
03/04/1994,4.8,30.4,25.2,20.3
04/04/1994,3.1,29.5,24.5,20.3
05/04/1994,14.0,27.9,24.4,20.3
06/04/1994,0.0,30.3,25.4,19.9
07/04/1994,0.0,30.2,24.3,19.2
08/04/1994,0.0,29.9,24.7,19.7
09/04/1994,40.5,29.6,24.0,19.6
10/04/1994,0.0,29.0,24.7,19.1
11/04/1994,2.2,29.3,24.3,20.1
12/04/1994,13.2,28.9,23.8,19.7
13/04/1994,0.0,25.1,23.4,19.1
14/04/1994,18.2,24.9,22.6,18.5
15/04/1994,13.0,27.3,22.7,16.1
16/04/1994,0.0,30.0,23.8,17.1
17/04/1994,6.4,28.9,24.5,18.6
18/04/1994,2.6,30.0,24.3,19.0
19/04/1994,0.0,30.4,24.8,20.1
20/04/1994,5.8,28.5,24.7,18.6
21/04/1994,15.4,28.9,24.3,20.1
22/04/1994,5.8,28.5,24.3,19.8
23/04/1994,7.6,28.5,23.9,19.5
24/04/1994,15.1,29.9,24.6,19.7
25/04/1994,0.0,30.2,25.1,20.3
26/04/1994,0.0,30.2,25.6,20.7
27/04/1994,0.0,30.2,24.9,19.9
28/04/1994,0.0,30.2,24.7,20.3
29/04/1994,0.3,28.5,24.7,20.9
30/04/1994,26.1,25.9,23.6,19.7
01/05/1994,29.7,28.9,24.6,19.1
02/05/1994,11.8,29.0,24.2,20.0
03/05/1994,19.8,27.3,23.6,19.6
04/05/1994,0.0,29.9,24.7,20.7
05/05/1994,16.3,30.1,24.3,19.1
06/05/1994,2.8,30.0,24.4,20.2
07/05/1994,27.6,29.9,24.2,19.6
08/05/1994,0.0,28.3,23.5,18.6
09/05/1994,26.0,29.9,23.8,19.0
10/05/1994,18.4,27.9,23.6,19.8
11/05/1994,0.7,27.9,23.4,17.5
12/05/1994,9.3,29.9,23.9,17.7
13/05/1994,4.6,29.9,24.8,19.6
14/05/1994,8.0,29.9,24.4,18.7
15/05/1994,1.2,28.9,24.2,19.5
16/05/1994,0.0,30.2,24.2,18.7
17/05/1994,22.4,28.3,23.8,19.1
18/05/1994,0.0,29.3,24.3,19.7
19/05/1994,11.6,29.3,24.3,19.4
20/05/1994,0.0,29.3,25.3,20.3
21/05/1994,26.6,27.1,24.1,19.2
22/05/1994,2.1,28.8,25.0,20.2
23/05/1994,0.4,29.8,25.4,19.3
24/05/1994,0.0,30.4,25.2,20.5
25/05/1994,0.0,30.0,24.6,19.5
26/05/1994,10.3,29.9,24.9,19.7
27/05/1994,9.0,30.2,25.3,18.7
28/05/1994,0.0,30.5,24.9,20.4
29/05/1994,17.0,28.3,23.8,19.1
30/05/1994,0.0,29.9,24.5,19.0
31/05/1994,0.0,29.8,26.0,20.2
01/06/1994,0.0,29.0,24.9,19.8
02/06/1994,5.5,28.4,24.3,19.3
03/06/1994,9.0,28.7,24.8,19.8
04/06/1994,17.2,29.7,25.2,19.8
05/06/1994,26.2,29.1,24.7,19.2
06/06/1994,0.0,30.0,24.4,19.0
07/06/1994,0.0,30.0,24.7,18.1
08/06/1994,0.5,30.0,24.1,19.7
09/06/1994,2.6,29.8,25.0,17.7
10/06/1994,4.6,28.8,24.9,19.8
11/06/1994,0.0,29.8,24.4,18.3
12/06/1994,1.4,28.7,24.1,18.5
13/06/1994,31.8,28.8,24.2,18.9
14/06/1994,1.0,29.0,24.3,18.4
15/06/1994,35.1,30.2,25.2,18.5
16/06/1994,0.0,29.7,24.7,20.1
17/06/1994,0.8,29.7,24.8,17.6
18/06/1994,1.8,28.8,24.9,19.7
19/06/1994,1.4,29.7,25.2,19.7
20/06/1994,0.0,28.8,24.9,19.8
21/06/1994,4.0,30.0,24.4,18.9
22/06/1994,0.0,30.4,24.3,17.9
23/06/1994,0.0,29.0,23.0,17.5
24/06/1994,1.4,28.5,24.0,18.3
25/06/1994,0.0,30.0,24.8,19.5
26/06/1994,0.0,30.0,25.6,18.1
27/06/1994,2.2,27.7,23.5,19.7
28/06/1994,26.6,25.3,22.6,19.2
29/06/1994,14.3,27.6,23.7,18.4
30/06/1994,9.8,27.9,23.1,17.6
01/07/1994,5.8,27.7,24.0,19.2
02/07/1994,3.2,27.9,22.6,16.9
03/07/1994,22.3,28.9,23.6,16.9
04/07/1994,9.7,30.0,23.4,17.7
05/07/1994,8.5,29.0,25.1,18.7
06/07/1994,0.0,27.9,23.8,16.4
07/07/1994,7.6,28.7,23.8,16.9
08/07/1994,5.2,30.4,25.6,18.8
09/07/1994,0.0,30.4,25.5,17.7
10/07/1994,51.2,27.4,23.7,18.3
11/07/1994,8.7,28.1,24.2,17.4
12/07/1994,32.2,27.9,22.5,17.5
13/07/1994,2.5,28.4,24.1,18.3
14/07/1994,15.6,27.2,23.3,17.5
15/07/1994,13.6,30.3,24.7,17.1
16/07/1994,0.0,30.5,25.3,17.5
17/07/1994,0.2,29.2,23.5,18.7
18/07/1994,2.9,28.8,23.1,17.8
19/07/1994,8.7,29.9,23.8,18.6
20/07/1994,0.0,29.0,24.0,17.8
21/07/1994,0.0,30.0,24.2,17.2
22/07/1994,0.0,29.9,24.1,18.7
23/07/1994,0.0,28.9,24.1,18.9
24/07/1994,6.2,30.4,24.7,17.5
25/07/1994,0.0,30.6,25.3,18.7
26/07/1994,0.0,30.8,25.3,18.3
27/07/1994,0.9,30.2,24.9,19.3
28/07/1994,0.0,30.2,24.7,17.1
29/07/1994,0.0,30.6,24.9,17.5
30/07/1994,0.0,30.8,25.1,18.7
31/07/1994,0.0,30.5,24.6,17.7
01/08/1994,0.0,30.5,25.7,18.5
02/08/1994,0.0,30.8,25.4,17.7
03/08/1994,0.1,29.9,25.2,18.6
04/08/1994,4.4,30.1,24.3,18.4
05/08/1994,2.0,30.0,24.7,18.5
06/08/1994,0.2,30.8,25.2,18.5
07/08/1994,0.0,30.8,24.2,18.1
08/08/1994,0.0,30.5,24.5,17.7
09/08/1994,0.2,30.4,24.6,18.1
10/08/1994,0.0,30.2,24.1,17.6
11/08/1994,0.4,30.2,24.9,18.6
12/08/1994,0.0,30.2,24.7,18.7
13/08/1994,0.0,30.4,24.9,17.7
14/08/1994,0.0,28.9,23.9,17.6
15/08/1994,28.2,28.9,24.2,17.1
16/08/1994,9.1,28.7,22.6,15.1
17/08/1994,6.1,28.7,23.2,15.1
18/08/1994,1.2,30.6,23.7,15.5
19/08/1994,1.8,30.4,24.9,18.5
20/08/1994,0.0,30.2,24.2,16.7
21/08/1994,16.8,30.6,23.8,16.7
22/08/1994,0.0,31.2,24.3,17.1
23/08/1994,3.3,30.3,25.7,19.1
24/08/1994,0.0,30.2,24.8,19.9
25/08/1994,0.0,31.1,25.8,18.3
26/08/1994,0.0,30.2,24.3,18.1
27/08/1994,15.4,30.3,25.4,18.7
28/08/1994,1.6,31.0,26.0,17.5
29/08/1994,0.0,31.2,25.6,18.9
30/08/1994,0.0,30.2,24.6,19.6
31/08/1994,0.0,30.4,24.5,18.6
01/09/1994,0.0,30.9,26.9,19.7
02/09/1994,0.0,30.4,25.6,19.6
03/09/1994,0.0,31.2,25.5,19.8
04/09/1994,0.0,30.2,25.7,19.1
05/09/1994,0.0,31.2,24.3,17.1
06/09/1994,0.0,31.2,25.5,18.1
07/09/1994,0.0,31.1,25.6,18.7
08/09/1994,13.0,28.7,23.9,17.1
09/09/1994,2.0,30.8,25.1,19.5
10/09/1994,0.0,31.6,25.3,18.7
11/09/1994,0.0,31.5,25.7,19.8
12/09/1994,0.0,30.8,26.4,20.1
13/09/1994,0.0,30.5,26.5,21.2
14/09/1994,0.0,30.6,25.9,21.1
15/09/1994,0.0,30.8,25.9,19.3
16/09/1994,0.0,31.0,26.1,17.9
17/09/1994,0.0,31.3,26.9,19.5
18/09/1994,0.0,32.0,26.7,19.3
19/09/1994,0.0,30.8,24.9,18.8
20/09/1994,0.0,31.4,24.7,18.6
21/09/1994,0.0,31.4,25.3,18.4
22/09/1994,0.0,31.3,26.0,19.2
23/09/1994,0.0,31.2,24.9,20.3
24/09/1994,0.0,31.8,26.2,19.8
25/09/1994,0.0,31.4,25.5,20.4
26/09/1994,0.0,31.6,25.5,19.1
27/09/1994,0.0,32.2,25.5,19.7
28/09/1994,0.0,32.2,25.7,19.1
29/09/1994,0.0,32.1,25.6,18.7
30/09/1994,0.0,31.4,25.7,20.2
01/10/1994,10.5,30.6,24.7,19.1
02/10/1994,0.0,31.2,25.8,18.7
03/10/1994,1.0,31.3,25.9,19.5
04/10/1994,0.0,31.3,26.2,18.7
05/10/1994,7.0,32.3,26.4,19.3
06/10/1994,50.5,28.8,23.8,18.7
07/10/1994,4.9,30.3,24.8,18.1
08/10/1994,9.2,29.1,24.2,19.1
09/10/1994,9.3,25.4,23.4,19.1
10/10/1994,0.0,28.2,23.6,19.0
11/10/1994,0.0,32.2,24.9,17.6
12/10/1994,0.0,31.2,25.4,19.0
13/10/1994,0.0,31.2,25.1,19.6
14/10/1994,0.0,31.2,25.8,19.2
15/10/1994,0.0,31.6,25.4,20.0
16/10/1994,0.0,30.0,25.3,19.9
17/10/1994,8.6,29.9,24.0,18.5
18/10/1994,0.0,29.3,23.6,17.7
19/10/1994,0.0,30.8,24.7,17.5
20/10/1994,0.0,31.2,25.8,19.7
21/10/1994,0.0,31.2,25.6,20.2
22/10/1994,0.0,31.0,25.4,20.2
23/10/1994,0.0,31.2,25.6,19.8
24/10/1994,0.0,31.0,25.4,19.7
25/10/1994,0.0,30.2,25.7,20.3
26/10/1994,0.0,31.7,26.2,19.7
27/10/1994,0.0,29.7,25.0,19.3
28/10/1994,0.0,31.2,26.1,19.5
29/10/1994,0.2,31.7,26.3,20.7
30/10/1994,0.0,30.7,25.8,20.5
31/10/1994,0.0,30.4,25.8,19.7
01/11/1994,0.0,31.2,26.2,18.9
02/11/1994,0.0,31.4,25.8,18.0
03/11/1994,0.0,31.4,26.6,19.2
04/11/1994,0.0,31.4,25.9,20.9
05/11/1994,7.4,30.1,25.7,20.3
06/11/1994,0.0,31.2,25.1,20.0
07/11/1994,0.0,31.6,26.4,20.2
08/11/1994,0.0,31.8,26.0,19.7
09/11/1994,0.0,32.2,25.8,17.7
10/11/1994,0.0,31.6,26.2,19.7
11/11/1994,0.0,31.4,26.2,20.2
12/11/1994,0.0,32.2,25.9,19.3
13/11/1994,0.0,31.8,26.1,18.1
14/11/1994,0.0,,,
15/11/1994,0.0,,,
16/11/1994,0.0,,,
17/11/1994,0.0,,,
18/11/1994,0.0,,,
19/11/1994,0.0,,,
20/11/1994,0.0,,,
21/11/1994,0.0,,,
22/11/1994,64.2,,,
23/11/1994,2.4,,,
24/11/1994,0.0,,,
25/11/1994,1.8,,,
26/11/1994,0.0,,,
27/11/1994,43.0,,,
28/11/1994,13.2,,,
29/11/1994,36.6,,,
30/11/1994,0.9,,,
01/12/1994,0.0,29.3,24.1,19.8
02/12/1994,2.0,29.7,24.2,18.3
03/12/1994,0.0,31.2,25.0,18.1
04/12/1994,0.0,30.2,24.9,19.7
05/12/1994,0.0,32.2,25.9,19.7
06/12/1994,0.0,30.6,25.6,20.2
07/12/1994,0.0,30.0,25.9,21.5
08/12/1994,1.0,31.0,26.0,21.9
09/12/1994,0.0,31.8,26.0,20.3
10/12/1994,0.0,31.6,26.0,21.7
11/12/1994,1.6,30.0,26.3,22.5
12/12/1994,0.0,30.4,25.0,21.1
13/12/1994,0.0,31.2,25.3,21.7
14/12/1994,0.0,31.2,25.1,20.5
15/12/1994,0.0,30.2,24.8,19.7
16/12/1994,2.8,29.9,24.9,20.1
17/12/1994,0.0,31.2,25.6,20.1
18/12/1994,0.0,31.2,25.3,20.7
19/12/1994,0.0,31.8,26.5,21.5
20/12/1994,0.0,31.8,26.5,21.5
21/12/1994,0.0,31.0,26.0,21.7
22/12/1994,0.0,31.4,26.1,22.5
23/12/1994,3.0,31.0,25.9,19.9
24/12/1994,0.0,31.0,26.3,23.5
25/12/1994,0.8,28.7,25.5,21.9
26/12/1994,1.0,30.6,26.2,20.0
27/12/1994,0.0,30.0,25.1,21.1
28/12/1994,2.9,31.2,25.8,20.1
29/12/1994,0.0,30.1,25.9,21.0
30/12/1994,0.0,31.2,25.4,20.0
31/12/1994,0.0,30.4,24.3,19.7
01/01/1995,0.0,30.6,25.5,20.0
02/01/1995,0.0,30.3,26.3,21.0
03/01/1995,3.8,29.3,25.3,21.6
04/01/1995,14.0,27.5,25.1,22.4
05/01/1995,51.9,26.4,23.8,20.2
06/01/1995,13.8,27.9,23.7,19.2
07/01/1995,35.1,27.5,24.2,21.7
08/01/1995,3.2,28.1,25.1,21.5
09/01/1995,46.7,26.3,24.0,20.0
10/01/1995,11.4,27.8,24.6,20.2
11/01/1995,0.0,27.3,22.5,19.2
12/01/1995,8.2,28.2,24.1,18.7
13/01/1995,0.0,28.2,24.6,20.1
14/01/1995,0.0,28.3,22.6,19.5
15/01/1995,7.4,28.5,23.7,18.7
16/01/1995,0.0,30.8,25.9,20.1
17/01/1995,0.0,28.7,25.6,21.9
18/01/1995,0.8,30.2,26.0,21.2
19/01/1995,0.0,30.8,25.9,21.6
20/01/1995,0.0,31.2,26.1,20.0
21/01/1995,0.0,31.3,26.5,21.2
22/01/1995,0.0,30.7,25.9,21.6
23/01/1995,0.0,31.2,26.7,22.1
24/01/1995,0.0,31.2,25.6,22.2
25/01/1995,9.9,30.2,25.1,19.7
26/01/1995,27.3,30.2,25.5,19.6
27/01/1995,18.0,29.2,25.0,21.0
28/01/1995,17.5,28.3,25.2,20.1
29/01/1995,21.4,27.9,24.0,18.5
30/01/1995,12.2,30.0,25.2,19.8
31/01/1995,5.3,29.3,24.5,19.2
01/02/1995,1.9,27.5,23.9,19.2
02/02/1995,5.0,29.2,24.8,19.7
03/02/1995,28.1,28.7,24.1,18.0
04/02/1995,0.0,30.0,24.4,18.2
05/02/1995,0.0,29.2,25.0,20.2
06/02/1995,0.2,28.9,25.1,21.7
07/02/1995,2.0,30.0,25.9,22.1
08/02/1995,42.2,30.0,24.6,18.5
09/02/1995,6.7,25.3,22.4,18.0
10/02/1995,2.9,29.0,24.2,20.1
11/02/1995,1.2,28.9,24.5,20.9
12/02/1995,0.0,28.3,24.4,22.1
13/02/1995,0.3,29.7,25.1,19.8
14/02/1995,4.9,29.1,24.8,21.1
15/02/1995,12.4,29.8,24.7,19.7
16/02/1995,7.4,29.6,25.5,20.1
17/02/1995,0.0,29.6,24.8,20.1
18/02/1995,11.2,28.8,24.5,21.3
19/02/1995,34.3,28.6,24.5,20.1
20/02/1995,13.8,26.7,23.6,18.0
21/02/1995,8.0,27.7,24.3,18.6
22/02/1995,11.2,27.3,22.8,18.0
23/02/1995,43.1,29.6,24.8,20.9
24/02/1995,4.0,29.6,24.1,17.2
25/02/1995,0.0,28.9,24.0,19.1
26/02/1995,0.0,29.6,24.7,20.1
27/02/1995,0.0,30.0,24.9,21.7
28/02/1995,0.0,29.3,24.1,20.7
01/03/1995,1.2,29.0,24.7,19.0
02/03/1995,10.0,30.4,25.0,20.7
03/03/1995,2.6,30.2,24.9,21.2
04/03/1995,0.0,29.2,24.5,22.1
05/03/1995,4.2,29.9,25.0,20.1
06/03/1995,33.7,30.0,24.6,19.7
07/03/1995,0.6,30.7,21.3,
08/03/1995,0.0,30.0,21.6,
09/03/1995,0.7,29.3,21.0,
10/03/1995,9.1,31.0,21.3,
11/03/1995,1.7,26.8,19.2,
12/03/1995,12.1,30.0,21.0,
13/03/1995,0.6,29.0,20.0,
14/03/1995,7.6,29.3,20.3,
15/03/1995,0.4,30.8,20.9,
16/03/1995,0.0,30.6,21.3,
17/03/1995,30.8,25.4,22.9,21.5
18/03/1995,72.9,30.4,23.7,18.2
19/03/1995,0.0,30.0,25.1,19.4
20/03/1995,0.0,29.5,23.9,18.4
21/03/1995,0.0,31.4,25.7,20.7
22/03/1995,0.0,31.2,25.5,20.1
23/03/1995,0.6,31.2,25.2,20.3
24/03/1995,0.0,30.7,25.6,19.9
25/03/1995,38.7,31.2,25.7,21.0
26/03/1995,0.0,31.8,25.4,18.8
27/03/1995,0.0,29.8,25.3,20.1
28/03/1995,0.0,30.0,26.1,21.7
29/03/1995,0.0,30.3,26.4,24.2
30/03/1995,2.6,30.2,25.4,18.2
31/03/1995,8.1,30.2,25.2,20.2
01/04/1995,6.1,28.3,24.6,21.2
02/04/1995,2.6,30.8,24.4,19.7
03/04/1995,1.1,31.0,26.3,22.6
04/04/1995,12.8,27.8,24.0,22.2
05/04/1995,124.5,30.6,25.8,21.1
06/04/1995,0.0,30.6,25.7,22.8
07/04/1995,39.0,30.2,26.0,22.3
08/04/1995,3.6,30.2,26.5,22.5
09/04/1995,37.0,28.1,25.1,22.2
10/04/1995,11.5,29.3,24.6,22.1
11/04/1995,0.0,30.0,25.7,22.7
12/04/1995,0.3,30.8,25.9,22.7
13/04/1995,0.0,28.3,25.3,23.2
14/04/1995,62.8,26.9,23.5,20.7
15/04/1995,15.8,30.2,24.6,20.7
16/04/1995,0.0,29.3,24.8,20.9
17/04/1995,0.0,28.5,24.0,21.7
18/04/1995,0.6,30.2,24.7,21.2
19/04/1995,0.0,32.2,26.0,22.1
20/04/1995,0.0,31.2,25.7,22.7
21/04/1995,0.0,30.8,26.1,22.4
22/04/1995,1.6,27.9,25.0,22.2
23/04/1995,13.8,30.0,26.2,21.0
24/04/1995,33.8,29.4,25.2,21.1
25/04/1995,0.0,29.3,24.5,21.9
26/04/1995,11.8,30.8,25.6,21.3
27/04/1995,0.0,29.8,25.6,21.6
28/04/1995,47.6,29.7,25.0,21.7
29/04/1995,9.8,28.3,24.8,21.7
30/04/1995,22.4,27.7,24.9,21.9
01/05/1995,3.0,30.6,26.5,22.9
02/05/1995,0.0,29.3,25.9,23.0
03/05/1995,4.5,29.0,25.1,21.9
04/05/1995,10.5,29.9,24.4,21.1
05/05/1995,0.0,30.0,25.1,21.5
06/05/1995,0.0,28.4,25.5,21.9
07/05/1995,19.1,29.6,25.1,21.7
08/05/1995,0.0,30.1,26.2,21.9
09/05/1995,88.6,28.1,24.2,21.9
10/05/1995,7.2,29.9,25.6,20.6
11/05/1995,5.2,29.9,25.8,21.2
12/05/1995,0.0,30.3,25.8,20.6
13/05/1995,0.0,30.6,26.1,21.3
14/05/1995,0.0,31.0,26.2,22.7
15/05/1995,0.0,30.6,25.9,22.7
16/05/1995,6.8,30.3,25.8,22.5
17/05/1995,7.0,28.4,24.7,21.7
18/05/1995,30.4,27.8,24.1,21.9
19/05/1995,24.2,29.6,26.1,22.1
20/05/1995,133.8,27.2,23.6,20.7
21/05/1995,14.4,30.0,25.6,21.5
22/05/1995,2.3,27.4,24.4,22.6
23/05/1995,42.9,27.1,23.7,20.5
24/05/1995,0.8,30.3,25.4,20.6
25/05/1995,1.4,28.1,24.9,21.9
26/05/1995,21.6,27.1,24.4,22.0
27/05/1995,1.8,28.9,25.5,20.7
28/05/1995,14.1,29.8,24.8,22.1
29/05/1995,17.4,28.8,24.8,21.4
30/05/1995,0.0,28.7,25.2,21.7
31/05/1995,49.8,27.4,24.3,20.7
01/06/1995,3.0,30.0,25.0,20.7
02/06/1995,5.0,27.9,23.7,18.7
03/06/1995,8.0,29.0,24.7,21.6
04/06/1995,0.2,30.4,24.3,20.1
05/06/1995,22.3,27.7,24.3,21.7
06/06/1995,3.2,29.0,23.6,19.1
07/06/1995,4.2,30.4,25.1,19.3
08/06/1995,0.0,31.2,25.5,19.5
09/06/1995,0.0,31.0,26.0,20.7
10/06/1995,0.0,30.8,24.8,20.6
11/06/1995,3.0,31.4,26.5,20.7
12/06/1995,10.2,29.4,24.8,22.7
13/06/1995,18.2,31.2,25.1,20.3
14/06/1995,0.0,30.4,25.0,20.1
15/06/1995,7.9,30.1,25.0,20.9
16/06/1995,0.4,30.0,25.6,22.1
17/06/1995,0.2,31.2,25.8,22.2
18/06/1995,1.4,31.2,25.2,21.7
19/06/1995,0.0,31.4,25.8,22.1
20/06/1995,0.0,31.4,26.1,23.1
21/06/1995,0.0,28.3,24.6,22.0
22/06/1995,28.6,29.3,23.8,20.3
23/06/1995,35.5,29.0,24.9,20.5
24/06/1995,0.2,30.0,26.5,20.7
25/06/1995,0.4,30.4,26.0,20.9
26/06/1995,0.0,30.4,25.8,21.1
27/06/1995,0.0,31.0,24.0,20.7
28/06/1995,14.8,30.4,24.7,20.5
29/06/1995,0.7,29.9,24.7,21.3
30/06/1995,0.3,30.4,25.2,21.5
01/07/1995,1.2,31.2,25.2,20.9
02/07/1995,0.0,30.8,24.8,20.5
03/07/1995,0.0,29.4,24.7,21.3
04/07/1995,28.4,30.0,23.9,19.7
05/07/1995,0.0,29.0,24.3,20.5
06/07/1995,0.6,29.9,24.4,20.3
07/07/1995,2.4,30.4,24.5,20.3
08/07/1995,0.0,30.2,25.2,20.3
09/07/1995,5.9,30.4,25.4,20.9
10/07/1995,2.2,31.2,24.0,19.7
11/07/1995,10.7,30.6,24.1,19.7
12/07/1995,6.2,29.9,24.1,20.1
13/07/1995,0.0,30.2,24.5,19.1
14/07/1995,0.0,31.2,24.6,20.3
15/07/1995,0.0,31.2,25.6,20.1
16/07/1995,0.0,30.2,24.9,19.7
17/07/1995,0.0,29.9,24.1,21.3
18/07/1995,6.1,29.5,24.2,19.7
19/07/1995,7.0,30.2,25.3,22.1
20/07/1995,0.0,31.2,25.5,21.7
21/07/1995,0.0,31.8,24.7,20.1
22/07/1995,0.0,29.3,24.5,19.7
23/07/1995,0.0,31.0,26.5,22.1
24/07/1995,0.0,31.4,25.7,20.0
25/07/1995,0.0,31.8,26.1,20.1
26/07/1995,0.8,,,21.1
27/07/1995,0.0,30.4,24.5,20.1
28/07/1995,0.0,30.9,25.4,20.9
29/07/1995,0.0,30.4,25.1,20.3
30/07/1995,7.8,32.0,26.1,20.1
31/07/1995,1.0,30.4,24.7,20.3
01/08/1995,1.4,30.8,25.1,21.9
02/08/1995,0.0,31.4,25.3,19.0
03/08/1995,0.0,30.9,25.6,20.1
04/08/1995,5.4,31.4,25.7,20.3
05/08/1995,1.3,31.7,26.5,20.9
06/08/1995,0.0,31.0,25.8,21.0
07/08/1995,0.0,31.2,24.9,21.2
08/08/1995,6.0,30.2,24.4,21.1
09/08/1995,0.7,30.6,24.2,19.1
10/08/1995,0.0,31.8,26.7,21.9
11/08/1995,0.0,32.0,25.6,19.1
12/08/1995,0.0,32.0,26.6,20.7
13/08/1995,0.0,30.9,24.0,20.2
14/08/1995,0.0,31.2,24.9,20.0
15/08/1995,0.0,31.4,25.7,21.3
16/08/1995,0.0,31.8,26.7,22.1
17/08/1995,0.0,32.0,24.3,19.8
18/08/1995,5.4,32.2,24.5,19.2
19/08/1995,2.6,31.8,24.9,20.4
20/08/1995,0.0,31.8,25.1,20.0
21/08/1995,0.0,32.8,25.5,19.8
22/08/1995,0.0,30.6,25.2,19.9
23/08/1995,4.6,29.9,25.2,19.5
24/08/1995,0.0,31.7,25.9,19.9
25/08/1995,0.0,31.4,25.0,19.8
26/08/1995,0.0,30.1,24.5,20.0
27/08/1995,0.0,30.2,26.2,21.0
28/08/1995,0.0,31.4,26.4,21.1
29/08/1995,0.0,32.0,26.5,20.1
30/08/1995,0.0,31.0,26.5,21.7
31/08/1995,0.5,33.1,25.5,20.2
01/09/1995,0.0,31.4,25.3,21.0
02/09/1995,17.6,30.4,25.2,21.3
03/09/1995,0.0,31.4,26.2,21.1
04/09/1995,0.0,31.8,26.5,21.1
05/09/1995,0.0,30.8,25.0,22.5
06/09/1995,0.0,31.4,25.5,21.9
07/09/1995,0.0,31.4,25.7,21.5
08/09/1995,0.0,31.8,25.4,20.3
09/09/1995,0.0,30.8,26.6,22.0
10/09/1995,0.0,31.6,26.3,20.8
11/09/1995,0.0,31.7,26.2,20.5
12/09/1995,0.0,32.4,27.0,21.8
13/09/1995,7.0,32.2,27.0,21.9
14/09/1995,0.0,32.2,26.6,22.7
15/09/1995,0.0,32.1,26.0,21.1
16/09/1995,0.0,30.8,26.0,20.5
17/09/1995,0.0,30.4,25.7,20.9
18/09/1995,0.0,31.2,26.0,22.2
19/09/1995,0.0,32.1,25.5,21.0
20/09/1995,0.0,33.2,26.4,19.8
21/09/1995,0.0,31.0,26.1,21.1
22/09/1995,0.0,31.3,26.2,22.7
23/09/1995,0.0,31.3,26.3,19.8
24/09/1995,0.0,32.2,26.3,21.6
25/09/1995,0.0,31.8,26.5,21.2
26/09/1995,0.0,33.2,25.7,20.3
27/09/1995,0.0,32.8,27.2,21.1
28/09/1995,0.0,32.0,27.4,22.1
29/09/1995,0.0,32.3,27.1,21.3
30/09/1995,0.0,32.2,25.9,20.8
01/10/1995,0.0,33.2,27.0,20.7
02/10/1995,0.0,32.6,27.1,22.1
03/10/1995,0.0,32.8,26.8,21.1
04/10/1995,0.0,32.7,27.4,22.6
05/10/1995,0.0,33.4,27.6,21.5
06/10/1995,0.0,34.2,28.5,22.7
07/10/1995,0.0,33.2,27.8,21.2
08/10/1995,0.0,33.2,28.1,23.2
09/10/1995,0.0,33.3,26.9,21.1
10/10/1995,0.0,33.7,27.8,21.9
11/10/1995,0.0,32.1,27.4,21.9
12/10/1995,0.0,33.2,27.2,22.0
13/10/1995,0.0,33.6,26.7,21.8
14/10/1995,0.0,33.2,27.5,21.4
15/10/1995,0.0,32.2,26.5,21.1
16/10/1995,0.0,32.4,26.3,21.5
17/10/1995,0.0,32.0,26.7,21.5
18/10/1995,0.0,33.3,26.6,21.2
19/10/1995,0.0,33.8,26.5,21.0
20/10/1995,0.0,32.9,27.2,22.3
21/10/1995,0.0,34.2,27.7,22.7
22/10/1995,0.0,32.9,27.4,22.6
23/10/1995,0.0,31.8,26.9,22.5
24/10/1995,0.0,31.6,25.6,22.8
25/10/1995,0.0,34.0,27.1,22.9
26/10/1995,0.0,33.2,26.9,22.3
27/10/1995,0.0,33.2,26.8,23.2
28/10/1995,0.0,31.8,26.3,21.9
29/10/1995,0.0,33.8,27.0,20.8
30/10/1995,0.0,34.3,27.1,21.3
31/10/1995,0.0,28.3,24.3,21.7
01/11/1995,78.6,31.0,25.9,20.1
02/11/1995,0.0,30.8,24.8,20.1
03/11/1995,22.0,31.2,25.8,20.3
04/11/1995,0.0,31.8,26.4,21.5
05/11/1995,0.0,32.4,26.1,21.2
06/11/1995,0.0,32.2,26.1,23.2
07/11/1995,0.0,32.0,26.9,21.5
08/11/1995,0.0,31.4,27.0,22.1
09/11/1995,1.2,31.8,26.6,21.7
10/11/1995,0.0,31.7,26.9,23.1
11/11/1995,0.0,31.2,24.8,20.3
12/11/1995,7.2,31.4,24.6,20.6
13/11/1995,0.0,31.8,26.8,22.1
14/11/1995,0.0,33.0,26.7,20.3
15/11/1995,0.0,31.3,26.8,21.7
16/11/1995,3.2,31.3,26.4,21.9
17/11/1995,0.0,29.9,24.4,21.1
18/11/1995,32.0,30.2,25.5,20.8
19/11/1995,0.0,31.8,26.2,21.1
20/11/1995,0.0,33.4,27.3,21.1
21/11/1995,0.0,32.8,26.8,20.5
22/11/1995,0.0,29.9,25.5,21.7
23/11/1995,0.0,31.8,26.7,21.3
24/11/1995,0.0,31.2,26.4,23.1
25/11/1995,0.0,31.2,26.9,22.0
26/11/1995,84.4,29.4,25.3,21.0
27/11/1995,0.0,30.2,26.5,22.9
28/11/1995,0.0,31.5,26.7,22.9
29/11/1995,15.8,27.9,24.4,22.3
30/11/1995,0.2,28.3,24.6,19.9
01/12/1995,1.0,31.0,25.9,21.1
02/12/1995,0.0,32.2,26.8,21.2
03/12/1995,0.0,31.4,26.4,21.2
04/12/1995,0.0,30.7,27.2,22.3
05/12/1995,0.7,31.2,24.9,22.4
06/12/1995,0.0,29.6,24.5,21.1
07/12/1995,11.6,31.4,26.0,21.4
08/12/1995,0.0,31.4,26.4,21.4
09/12/1995,0.0,30.8,26.2,21.5
10/12/1995,0.0,31.7,27.3,22.9
11/12/1995,0.0,29.0,25.5,22.8
12/12/1995,0.0,30.8,26.2,21.6
13/12/1995,0.0,32.2,27.1,22.0
14/12/1995,0.0,29.2,26.0,21.9
15/12/1995,0.7,28.5,24.7,21.5
16/12/1995,5.2,31.5,26.4,21.7
17/12/1995,0.0,30.8,25.9,22.3
18/12/1995,0.0,31.8,25.9,21.7
19/12/1995,0.0,32.1,26.0,22.1
20/12/1995,0.0,32.2,25.5,20.3
21/12/1995,2.0,28.0,23.1,20.7
22/12/1995,8.9,30.2,24.3,20.1
23/12/1995,0.0,31.4,26.1,21.4
24/12/1995,0.0,31.8,26.4,21.2
25/12/1995,0.4,30.4,25.7,22.1
26/12/1995,0.0,31.9,25.5,20.3
27/12/1995,0.0,31.5,26.4,20.9
28/12/1995,0.0,31.8,26.3,20.5
29/12/1995,12.2,30.4,24.8,21.1
30/12/1995,0.0,30.2,24.7,21.2
31/12/1995,12.0,30.0,24.9,21.1
01/01/1996,0.0,28.9,25.1,21.1
02/01/1996,0.0,30.2,25.3,21.1
03/01/1996,0.0,31.5,26.2,20.9
04/01/1996,0.0,30.2,25.1,20.8
05/01/1996,30.7,29.9,24.6,20.8
06/01/1996,0.0,30.2,25.5,20.3
07/01/1996,0.0,29.0,24.3,20.6
08/01/1996,10.0,30.5,24.8,20.5
09/01/1996,1.6,29.8,25.4,21.5
10/01/1996,0.7,29.9,25.1,21.5
11/01/1996,0.0,30.3,25.2,20.1
12/01/1996,1.7,30.3,24.5,20.1
13/01/1996,0.0,28.9,25.3,20.3
14/01/1996,5.1,28.7,25.3,20.2
15/01/1996,30.8,26.9,22.7,20.2
16/01/1996,142.5,29.3,24.4,19.6
17/01/1996,0.0,30.5,25.1,21.4
18/01/1996,0.2,30.6,25.5,22.1
19/01/1996,0.0,25.5,23.4,20.8
20/01/1996,25.0,27.9,24.4,20.7
21/01/1996,0.0,30.3,24.9,21.1
22/01/1996,0.0,30.0,24.1,21.1
23/01/1996,29.1,28.3,23.3,20.0
24/01/1996,0.0,29.2,25.3,21.3
25/01/1996,0.0,31.1,26.2,21.0
26/01/1996,0.0,32.0,25.7,20.5
27/01/1996,0.0,31.7,26.7,20.9
28/01/1996,0.6,30.2,25.7,22.1
29/01/1996,0.0,29.2,23.5,20.5
30/01/1996,29.2,27.9,24.5,20.3
31/01/1996,9.8,28.9,24.9,20.5
01/02/1996,0.0,30.2,24.9,21.1
02/02/1996,0.0,31.1,24.7,22.0
03/02/1996,0.4,31.2,25.6,21.1
04/02/1996,0.3,30.0,25.4,20.8
05/02/1996,2.9,27.1,23.6,21.7
06/02/1996,6.1,28.1,23.6,20.9
07/02/1996,5.4,30.1,24.7,21.1
08/02/1996,0.0,30.0,24.4,21.4
09/02/1996,2.6,32.2,25.5,21.6
10/02/1996,11.0,29.3,24.8,21.4
11/02/1996,7.0,30.4,24.0,20.1
12/02/1996,0.7,34.6,26.7,20.2
13/02/1996,0.2,32.2,26.4,22.1
14/02/1996,0.6,29.1,25.7,21.7
15/02/1996,12.0,29.0,24.5,21.5
16/02/1996,4.1,30.0,24.3,21.0
17/02/1996,14.0,30.8,25.3,21.2
18/02/1996,20.2,27.3,23.6,20.9
19/02/1996,30.6,28.9,24.3,20.1
20/02/1996,7.6,31.3,25.7,20.5
21/02/1996,0.0,28.9,24.4,21.3
22/02/1996,0.0,30.4,25.1,21.6
23/02/1996,0.0,31.8,25.9,22.5
24/02/1996,0.0,31.6,25.7,21.5
25/02/1996,26.8,29.9,25.0,20.1
26/02/1996,2.2,31.2,25.4,20.1
27/02/1996,0.0,30.4,25.3,20.4
28/02/1996,0.5,30.4,25.1,21.2
29/02/1996,9.0,31.8,25.3,20.5
01/03/1996,0.0,30.3,25.5,21.4
02/03/1996,21.8,30.8,25.3,21.6
03/03/1996,0.0,32.2,25.8,21.7
04/03/1996,20.4,29.5,24.1,21.1
05/03/1996,76.7,29.3,24.9,21.4
06/03/1996,20.1,29.2,24.7,21.2
07/03/1996,0.9,30.2,25.5,21.9
08/03/1996,0.0,30.4,26.1,21.3
09/03/1996,0.5,31.3,25.9,21.0
10/03/1996,4.1,31.8,26.6,22.0
11/03/1996,6.2,28.9,25.0,21.7
12/03/1996,5.6,29.9,24.8,22.0
13/03/1996,43.4,28.8,25.1,21.7
14/03/1996,1.6,29.3,24.9,21.0
15/03/1996,0.0,30.4,25.1,22.1
16/03/1996,4.8,25.9,22.6,21.0
17/03/1996,51.0,30.5,25.1,19.0
18/03/1996,0.0,31.3,26.4,20.9
19/03/1996,6.6,29.8,24.4,21.1
20/03/1996,0.0,31.8,25.7,21.2
21/03/1996,0.0,30.7,25.7,21.2
22/03/1996,26.7,30.5,25.3,21.8
23/03/1996,0.0,31.0,25.8,21.2
24/03/1996,0.0,32.0,26.7,22.2
25/03/1996,4.4,31.2,25.2,21.7
26/03/1996,104.4,26.9,23.2,21.2
27/03/1996,3.6,30.2,24.6,20.1
28/03/1996,1.3,30.6,25.2,20.3
29/03/1996,0.0,31.4,24.9,20.7
30/03/1996,0.0,30.4,25.6,22.1
31/03/1996,6.6,30.8,25.7,21.3
01/04/1996,7.5,31.2,25.4,21.4
02/04/1996,5.5,30.2,25.3,22.8
03/04/1996,0.0,30.0,25.3,21.7
04/04/1996,0.0,31.8,26.2,21.7
05/04/1996,6.0,29.6,26.4,21.1
06/04/1996,9.6,31.2,25.6,21.1
07/04/1996,0.4,31.4,25.5,22.0
08/04/1996,15.6,31.2,25.3,21.3
09/04/1996,6.0,31.4,25.7,21.9
10/04/1996,2.8,31.3,26.5,21.6
11/04/1996,0.0,28.9,24.5,21.7
12/04/1996,48.6,28.5,24.3,20.9
13/04/1996,0.2,27.2,24.2,19.1
14/04/1996,1.3,29.9,25.2,21.7
15/04/1996,1.1,30.2,25.6,21.3
16/04/1996,44.2,28.4,24.5,21.1
17/04/1996,7.1,28.0,24.3,20.7
18/04/1996,66.0,30.2,24.3,21.5
19/04/1996,107.0,27.1,24.0,21.0
20/04/1996,1.4,28.5,24.4,21.2
21/04/1996,44.4,27.9,23.6,20.1
22/04/1996,0.2,31.2,25.0,20.4
23/04/1996,0.0,31.3,25.9,21.6
24/04/1996,0.0,28.7,25.3,22.1
25/04/1996,9.3,30.6,25.6,21.5
26/04/1996,7.0,29.7,25.5,21.8
27/04/1996,11.8,30.9,26.0,21.2
28/04/1996,0.0,31.3,26.5,22.4
29/04/1996,0.0,30.2,25.2,21.9
30/04/1996,12.0,30.6,24.5,21.1
01/05/1996,35.4,30.8,25.9,20.7
02/05/1996,1.0,30.4,25.4,22.0
03/05/1996,0.0,30.2,24.3,20.3
04/05/1996,16.6,30.8,25.3,20.3
05/05/1996,21.4,30.4,24.7,20.3
06/05/1996,0.0,32.0,25.9,20.9
07/05/1996,0.0,28.3,24.9,22.2
08/05/1996,10.6,30.4,25.4,22.1
09/05/1996,3.9,31.8,25.7,21.7
10/05/1996,0.6,31.3,26.1,21.7
11/05/1996,27.4,31.2,25.5,22.6
12/05/1996,0.4,31.2,25.9,22.5
13/05/1996,1.6,31.6,26.1,22.1
14/05/1996,3.6,31.7,25.7,20.4
15/05/1996,5.1,31.5,26.3,21.7
16/05/1996,8.2,29.5,26.0,21.8
17/05/1996,5.2,32.0,25.9,21.8
18/05/1996,19.6,32.0,25.9,20.7
19/05/1996,0.0,28.7,24.4,20.7
20/05/1996,6.0,30.9,25.6,20.3
21/05/1996,1.8,31.2,25.5,20.3
22/05/1996,6.9,31.8,24.6,21.0
23/05/1996,9.6,31.1,24.2,19.7
24/05/1996,1.5,32.2,25.3,19.9
25/05/1996,1.2,31.8,25.6,20.9
26/05/1996,6.2,31.0,25.5,21.4
27/05/1996,10.2,30.0,24.6,21.0
28/05/1996,7.4,31.6,24.5,21.3
29/05/1996,19.6,28.9,24.4,20.7
30/05/1996,7.4,31.2,24.6,20.7
31/05/1996,25.8,29.4,25.0,19.7
01/06/1996,0.0,30.4,24.9,21.2
02/06/1996,9.2,32.1,24.6,20.3
03/06/1996,1.3,31.4,25.5,19.3
04/06/1996,10.0,28.8,25.9,19.8
05/06/1996,10.7,28.7,24.7,20.7
06/06/1996,9.0,30.6,23.6,19.9
07/06/1996,19.9,31.2,24.3,20.1
08/06/1996,28.0,31.8,26.0,19.8
09/06/1996,12.5,30.8,24.8,20.7
10/06/1996,20.7,30.5,25.5,20.9
11/06/1996,0.0,32.0,25.8,20.7
12/06/1996,0.3,30.6,25.8,20.5
13/06/1996,0.0,32.4,25.5,20.5
14/06/1996,0.0,32.4,25.7,20.1
15/06/1996,1.3,31.9,26.3,20.1
16/06/1996,0.0,32.6,26.4,21.2
17/06/1996,0.0,32.0,25.9,20.3
18/06/1996,2.0,32.6,26.3,21.1
19/06/1996,0.0,33.3,27.1,21.1
20/06/1996,2.6,29.8,25.4,22.2
21/06/1996,0.5,31.5,25.7,20.7
22/06/1996,5.3,31.2,25.3,21.3
23/06/1996,0.5,31.0,26.0,20.5
24/06/1996,0.0,31.4,25.3,20.2
25/06/1996,7.8,31.4,25.2,20.1
26/06/1996,0.0,31.5,25.7,21.8
27/06/1996,13.9,30.2,25.5,20.8
28/06/1996,0.0,33.0,26.1,20.5
29/06/1996,0.0,32.0,25.3,19.7
30/06/1996,0.0,27.7,23.1,19.5
01/07/1996,0.0,28.4,23.3,19.7
02/07/1996,0.7,29.5,24.9,21.3
03/07/1996,7.4,30.4,25.0,20.3
04/07/1996,0.0,32.3,25.9,19.8
05/07/1996,0.0,33.3,26.6,18.6
06/07/1996,0.0,32.0,24.8,18.9
07/07/1996,0.0,33.0,26.5,20.9
08/07/1996,0.0,32.9,25.6,21.1
09/07/1996,0.0,33.8,26.5,18.8
10/07/1996,0.0,30.6,25.9,19.6
11/07/1996,0.0,30.6,25.2,20.5
12/07/1996,0.0,30.2,25.9,20.5
13/07/1996,0.0,28.2,23.2,20.1
14/07/1996,21.0,28.2,23.5,18.7
15/07/1996,10.3,27.2,23.7,18.7
16/07/1996,0.0,27.2,23.4,19.7
17/07/1996,0.2,29.4,24.3,20.1
18/07/1996,0.8,29.4,23.4,18.7
19/07/1996,0.0,29.2,25.1,18.7
20/07/1996,0.0,30.0,25.3,19.1
21/07/1996,0.0,30.8,25.1,19.1
22/07/1996,0.0,32.0,25.1,20.1
23/07/1996,2.4,32.6,25.0,21.5
24/07/1996,14.4,30.6,25.6,20.6
25/07/1996,2.6,30.2,24.6,20.9
26/07/1996,7.8,32.2,25.5,20.9
27/07/1996,1.8,32.2,25.1,19.8
28/07/1996,0.0,32.2,26.4,19.8
29/07/1996,0.0,31.2,25.6,18.8
30/07/1996,0.0,31.1,25.1,20.0
31/07/1996,0.0,31.2,24.7,21.0
01/08/1996,4.7,31.8,24.7,20.8
02/08/1996,0.0,31.4,24.6,20.7
03/08/1996,0.8,31.0,25.4,20.7
04/08/1996,3.0,31.6,26.3,20.7
05/08/1996,8.0,32.0,25.9,20.9
06/08/1996,0.0,33.0,26.8,21.9
07/08/1996,0.0,33.2,26.9,20.8
08/08/1996,0.0,32.4,26.3,21.8
09/08/1996,0.0,33.8,26.6,20.5
10/08/1996,0.0,33.2,26.1,20.5
11/08/1996,0.4,31.2,25.9,20.2
12/08/1996,0.0,28.3,,20.8
13/08/1996,0.0,,,
14/08/1996,0.0,,,
15/08/1996,2.8,,,
16/08/1996,5.7,,,
17/08/1996,0.0,33.8,27.1,20.5
18/08/1996,0.5,30.2,24.6,20.7
19/08/1996,0.0,30.4,26.6,20.7
20/08/1996,0.0,30.2,25.9,22.1
21/08/1996,0.0,31.8,26.2,20.5
22/08/1996,0.0,31.4,25.3,20.3
23/08/1996,0.0,31.2,27.0,20.3
24/08/1996,0.0,31.7,27.1,20.8
25/08/1996,0.0,32.3,26.7,20.0
26/08/1996,0.0,33.0,26.4,20.1
27/08/1996,0.0,32.4,26.4,21.1
28/08/1996,0.0,32.1,25.4,21.1
29/08/1996,19.4,31.2,25.1,21.1
30/08/1996,0.0,31.7,27.0,21.2
31/08/1996,1.9,31.1,26.5,22.0
01/09/1996,0.0,31.4,26.8,22.3
02/09/1996,0.0,31.6,26.2,21.9
03/09/1996,0.0,31.2,26.7,21.3
04/09/1996,0.0,31.4,26.4,21.3
05/09/1996,0.0,31.3,26.7,21.4
06/09/1996,0.0,32.6,27.3,21.4
07/09/1996,0.0,31.8,26.6,21.5
08/09/1996,0.0,31.4,26.2,21.5
09/09/1996,0.0,31.8,27.0,22.3
10/09/1996,0.0,32.4,27.2,22.1
11/09/1996,0.0,31.7,27.4,22.2
12/09/1996,0.0,31.1,27.0,22.6
13/09/1996,0.0,32.2,26.9,23.1
14/09/1996,0.0,31.8,26.7,21.9
15/09/1996,0.0,32.1,26.7,22.1
16/09/1996,0.4,31.8,25.9,22.2
17/09/1996,0.0,31.9,26.6,22.3
18/09/1996,0.0,32.0,26.9,22.3
19/09/1996,0.0,32.4,27.2,23.5
20/09/1996,0.0,31.6,26.8,22.9
21/09/1996,0.0,31.2,27.3,22.1
22/09/1996,0.0,32.2,27.7,22.5
23/09/1996,0.0,32.0,27.5,22.4
24/09/1996,0.0,32.3,27.2,21.4
25/09/1996,0.6,33.0,26.2,21.9
26/09/1996,0.0,32.6,27.6,23.3
27/09/1996,0.0,31.9,26.9,21.7
28/09/1996,0.0,32.2,27.9,21.7
29/09/1996,0.0,32.7,27.0,21.8
30/09/1996,0.0,33.5,27.7,21.2
01/10/1996,0.0,33.2,28.1,23.1
02/10/1996,0.0,33.4,27.8,22.3
03/10/1996,1.2,32.1,25.9,22.1
04/10/1996,0.0,32.2,27.0,22.0
05/10/1996,0.0,33.0,27.4,21.4
06/10/1996,0.0,29.7,25.0,22.3
07/10/1996,14.0,32.8,25.5,19.8
08/10/1996,0.0,32.6,27.2,20.7
09/10/1996,0.0,32.7,27.6,20.7
10/10/1996,0.0,32.1,27.4,20.7
11/10/1996,0.0,32.0,27.6,21.4
12/10/1996,0.0,33.4,28.4,22.6
13/10/1996,0.0,33.0,28.1,23.1
14/10/1996,0.0,33.0,27.6,24.1
15/10/1996,0.0,33.2,27.1,21.7
16/10/1996,0.0,33.2,27.2,21.8
17/10/1996,0.0,32.9,27.1,22.1
18/10/1996,0.0,33.2,27.9,23.0
19/10/1996,0.0,32.9,27.0,22.5
20/10/1996,0.0,34.0,27.0,22.5
21/10/1996,0.0,32.2,27.3,21.7
22/10/1996,0.0,32.4,27.9,21.7
23/10/1996,0.0,32.9,27.1,19.7
24/10/1996,0.0,33.3,27.8,19.8
25/10/1996,0.0,32.8,27.1,22.5
26/10/1996,0.0,33.4,27.4,21.5
27/10/1996,0.0,33.3,28.4,22.3
28/10/1996,0.0,33.2,27.7,22.3
29/10/1996,0.0,33.3,27.9,22.5
30/10/1996,0.0,32.9,28.1,21.5
31/10/1996,0.0,34.2,27.9,23.2
01/11/1996,0.0,33.0,27.2,22.5
02/11/1996,0.0,33.3,28.6,22.7
03/11/1996,0.0,33.2,28.4,21.7
04/11/1996,0.0,32.9,28.2,22.4
05/11/1996,0.0,32.7,28.4,23.8
06/11/1996,0.0,33.0,27.9,24.3
07/11/1996,0.0,33.8,27.8,23.1
08/11/1996,0.0,33.4,28.1,22.3
09/11/1996,0.0,33.2,28.4,22.1
10/11/1996,0.0,32.1,27.7,22.8
11/11/1996,0.0,33.7,28.6,23.0
12/11/1996,0.0,33.0,27.4,23.1
13/11/1996,0.0,30.2,26.6,23.8
14/11/1996,0.0,32.4,26.9,22.9
15/11/1996,0.0,33.3,28.0,23.2
16/11/1996,0.0,34.3,29.3,24.8
17/11/1996,1.5,30.9,25.3,23.0
18/11/1996,1.5,33.5,26.3,21.9
19/11/1996,0.0,33.5,27.0,22.5
20/11/1996,0.0,34.3,28.8,24.7
21/11/1996,0.0,33.1,26.5,22.7
22/11/1996,2.8,31.6,26.6,23.0
23/11/1996,3.4,28.4,24.6,22.3
24/11/1996,5.3,32.7,26.8,21.3
25/11/1996,0.0,31.0,26.8,22.8
26/11/1996,0.5,33.2,27.4,22.5
27/11/1996,0.0,32.2,27.4,22.5
28/11/1996,0.0,31.4,26.2,22.3
29/11/1996,0.0,32.0,27.1,21.6
30/11/1996,0.0,30.7,26.3,22.4
01/12/1996,0.0,32.3,25.9,22.3
02/12/1996,0.0,31.3,26.5,21.9
03/12/1996,0.0,33.4,27.9,22.8
04/12/1996,0.0,32.3,27.6,23.5
05/12/1996,0.0,31.3,26.6,23.1
06/12/1996,0.0,32.5,26.4,19.9
07/12/1996,0.0,32.3,27.4,22.9
08/12/1996,0.0,32.7,27.5,23.1
09/12/1996,0.0,32.2,27.6,22.1
10/12/1996,0.0,32.5,27.0,22.0
11/12/1996,0.0,32.4,27.0,21.1
12/12/1996,0.0,32.2,25.7,21.7
13/12/1996,0.0,32.7,26.6,21.5
14/12/1996,0.0,32.7,27.0,21.7
15/12/1996,0.0,33.1,27.6,22.2
16/12/1996,0.0,31.8,27.7,24.4
17/12/1996,0.0,32.6,27.6,22.8
18/12/1996,0.0,33.2,27.7,21.4
19/12/1996,0.0,32.8,28.3,24.1
20/12/1996,0.0,32.9,28.3,23.5
21/12/1996,0.0,33.4,28.3,23.6
22/12/1996,0.0,32.4,27.9,23.8
23/12/1996,0.0,32.3,27.5,23.1
24/12/1996,0.2,32.5,28.4,22.7
25/12/1996,0.0,33.1,27.7,23.1
26/12/1996,3.0,32.4,26.5,22.5
27/12/1996,0.0,31.5,27.0,23.7
28/12/1996,0.0,31.5,27.0,23.7
29/12/1996,1.7,31.1,26.8,23.1
30/12/1996,0.0,31.4,26.9,23.5
31/12/1996,0.3,29.0,26.2,23.5
01/01/1997,8.7,29.1,25.0,23.5
02/01/1997,4.5,30.1,26.1,22.8
03/01/1997,0.3,32.3,27.0,21.6
04/01/1997,0.0,32.3,27.4,23.5
05/01/1997,0.0,31.3,25.1,22.2
06/01/1997,0.0,31.1,26.4,22.1
07/01/1997,0.0,31.2,26.5,23.1
08/01/1997,0.0,29.9,26.5,23.1
09/01/1997,0.0,28.3,25.7,22.4
10/01/1997,0.7,32.4,26.8,22.4
11/01/1997,0.0,31.4,26.9,23.0
12/01/1997,7.1,33.8,26.7,22.1
13/01/1997,0.0,31.9,26.5,22.7
14/01/1997,0.0,32.0,26.8,22.6
15/01/1997,0.0,32.4,27.7,23.6
16/01/1997,0.0,31.3,26.5,22.7
17/01/1997,2.8,31.9,26.6,22.4
18/01/1997,81.3,30.0,25.6,22.1
19/01/1997,10.6,30.3,25.6,22.3
20/01/1997,0.0,32.0,27.0,22.5
21/01/1997,0.0,31.3,26.9,23.1
22/01/1997,5.4,27.9,23.9,22.2
23/01/1997,17.7,27.2,24.3,22.8
24/01/1997,21.6,31.1,26.5,22.1
25/01/1997,28.8,27.6,25.1,22.9
26/01/1997,0.4,31.1,25.8,21.4
27/01/1997,13.1,30.0,25.8,22.1
28/01/1997,1.1,29.8,25.7,22.9
29/01/1997,27.8,26.2,23.1,22.1
30/01/1997,13.0,26.7,23.5,21.3
31/01/1997,16.1,28.4,24.0,21.4
01/02/1997,0.9,29.1,25.1,21.5
02/02/1997,0.0,31.1,26.6,23.1
03/02/1997,0.0,31.1,25.7,23.5
04/02/1997,0.0,29.4,26.0,22.3
05/02/1997,7.8,29.9,25.0,22.1
06/02/1997,0.3,29.3,24.4,22.0
07/02/1997,0.6,31.1,25.8,20.2
08/02/1997,1.8,28.5,25.1,22.3
09/02/1997,12.2,28.9,24.6,21.5
10/02/1997,3.2,29.4,25.0,21.5
11/02/1997,0.4,29.3,24.7,21.4
12/02/1997,1.0,28.9,24.2,18.4
13/02/1997,5.6,30.1,24.8,20.1
14/02/1997,6.8,29.3,24.7,21.1
15/02/1997,0.0,29.9,24.3,20.4
16/02/1997,0.0,30.1,25.6,22.1
17/02/1997,0.2,30.6,25.5,19.8
18/02/1997,0.0,31.1,26.1,23.2
19/02/1997,1.8,29.1,25.2,22.5
20/02/1997,29.1,29.8,25.0,21.3
21/02/1997,0.0,30.0,24.3,18.0
22/02/1997,8.0,29.9,25.2,22.5
23/02/1997,13.9,27.3,24.1,21.3
24/02/1997,1.3,30.2,25.6,20.6
25/02/1997,0.0,30.8,26.1,23.0
26/02/1997,0.0,31.4,26.2,19.7
27/02/1997,0.0,31.5,26.7,22.9
28/02/1997,0.0,31.4,25.8,20.3
01/03/1997,0.0,30.3,25.2,19.8
02/03/1997,28.6,26.4,23.7,19.6
03/03/1997,24.6,29.1,24.4,21.2
04/03/1997,3.7,29.9,24.9,21.8
05/03/1997,59.7,26.6,23.8,20.5
06/03/1997,33.4,28.7,25.2,22.7
07/03/1997,5.1,29.9,24.2,21.3
08/03/1997,6.7,28.5,24.2,19.7
09/03/1997,5.7,28.0,24.8,20.8
10/03/1997,4.0,29.6,25.2,22.3
11/03/1997,4.2,28.9,25.0,21.3
12/03/1997,10.0,31.3,25.0,19.9
13/03/1997,4.5,31.0,25.7,19.7
14/03/1997,0.0,30.1,26.1,23.2
15/03/1997,16.4,29.5,25.5,21.9
16/03/1997,0.6,30.3,25.0,19.9
17/03/1997,33.3,29.4,24.8,20.7
18/03/1997,1.0,29.8,25.6,22.4
19/03/1997,3.2,30.7,25.7,21.3
20/03/1997,41.4,29.7,24.8,19.9
21/03/1997,0.7,30.6,25.2,19.9
22/03/1997,0.0,29.3,25.4,23.1
23/03/1997,1.6,27.9,24.2,22.7
24/03/1997,0.7,31.9,25.3,22.1
25/03/1997,0.0,31.7,25.0,19.9
26/03/1997,0.0,31.4,25.9,21.3
27/03/1997,22.8,28.8,24.5,19.9
28/03/1997,0.9,31.5,26.5,21.5
29/03/1997,0.0,28.3,24.7,23.5
30/03/1997,0.4,25.6,23.3,21.5
31/03/1997,7.2,30.1,24.9,21.1
01/04/1997,0.0,31.3,26.0,21.7
02/04/1997,0.0,30.9,26.1,23.3
03/04/1997,1.4,31.1,26.5,23.1
04/04/1997,2.2,31.5,26.7,23.5
05/04/1997,0.3,31.1,25.0,21.3
06/04/1997,0.0,30.3,25.0,21.5
07/04/1997,7.3,30.6,25.1,21.4
08/04/1997,4.4,30.1,25.8,23.2
09/04/1997,0.0,28.9,24.7,22.7
10/04/1997,4.7,30.5,25.5,22.5
11/04/1997,0.0,29.1,25.2,21.3
12/04/1997,13.4,29.5,25.0,21.5
13/04/1997,29.0,29.9,25.5,21.9
14/04/1997,0.8,30.4,26.1,22.0
15/04/1997,0.0,30.7,26.6,22.3
16/04/1997,0.0,28.3,25.2,24.2
17/04/1997,12.6,29.1,24.6,21.3
18/04/1997,0.0,31.1,25.7,22.0
19/04/1997,0.0,30.5,25.6,22.6
20/04/1997,0.4,30.3,25.9,22.7
21/04/1997,0.0,31.3,26.2,22.8
22/04/1997,0.0,31.2,27.0,23.1
23/04/1997,61.6,28.1,24.4,21.7
24/04/1997,29.2,31.3,25.3,21.7
25/04/1997,5.7,29.4,24.9,21.9
26/04/1997,55.2,29.9,24.9,21.8
27/04/1997,0.0,28.3,24.3,22.1
28/04/1997,0.2,31.5,25.5,22.5
29/04/1997,23.0,28.5,23.9,21.6
30/04/1997,0.0,29.7,24.8,21.1
01/05/1997,4.3,29.2,24.3,21.0
02/05/1997,29.3,29.9,25.4,21.4
03/05/1997,0.0,28.2,25.1,23.1
04/05/1997,0.2,29.9,26.0,22.5
05/05/1997,2.3,29.3,24.5,22.0
06/05/1997,25.8,28.3,24.0,21.3
07/05/1997,46.3,28.2,24.5,22.0
08/05/1997,5.9,29.3,25.4,22.5
09/05/1997,18.9,27.5,24.8,22.7
10/05/1997,9.7,28.9,25.3,22.7
11/05/1997,8.9,31.5,25.8,21.9
12/05/1997,5.2,28.3,24.4,21.3
13/05/1997,1.9,29.4,25.0,20.0
14/05/1997,1.3,30.4,26.2,22.6
15/05/1997,0.0,31.3,26.3,22.5
16/05/1997,0.0,30.3,26.4,22.1
17/05/1997,0.0,29.7,24.8,22.1
18/05/1997,1.1,30.7,25.4,21.9
19/05/1997,0.0,31.4,26.0,19.6
20/05/1997,0.0,31.4,26.0,21.7
21/05/1997,14.3,30.3,25.6,23.1
22/05/1997,0.6,31.3,25.7,21.5
23/05/1997,0.0,31.7,26.4,22.0
24/05/1997,7.9,30.9,26.0,21.9
25/05/1997,0.0,26.9,24.1,22.2
26/05/1997,7.3,29.3,24.9,22.1
27/05/1997,8.7,30.2,26.1,21.5
28/05/1997,3.6,30.0,25.4,21.1
29/05/1997,15.4,29.9,25.4,21.7
30/05/1997,0.2,31.0,25.5,21.3
31/05/1997,0.4,31.2,25.7,19.4
01/06/1997,0.3,30.2,25.2,21.6
02/06/1997,6.7,31.9,26.1,21.5
03/06/1997,0.0,30.3,25.8,23.4
04/06/1997,0.0,28.8,26.2,22.5
05/06/1997,0.0,28.8,25.5,21.7
06/06/1997,11.8,30.1,25.2,19.4
07/06/1997,0.0,31.3,26.3,21.8
08/06/1997,0.0,32.1,26.2,22.4
09/06/1997,0.0,30.3,25.1,21.3
10/06/1997,1.0,30.1,24.9,21.4
11/06/1997,0.0,30.7,25.1,21.7
12/06/1997,0.0,30.0,26.0,21.6
13/06/1997,0.0,29.8,24.8,20.7
14/06/1997,0.0,30.3,25.0,20.7
15/06/1997,0.0,33.3,27.5,21.5
16/06/1997,0.0,32.5,26.4,21.7
17/06/1997,0.0,30.9,25.3,20.3
18/06/1997,0.0,31.3,25.9,21.6
19/06/1997,0.7,31.4,25.0,19.9
20/06/1997,1.0,31.3,26.3,21.7
21/06/1997,0.0,30.9,25.8,21.4
22/06/1997,2.1,31.3,25.6,22.3
23/06/1997,0.0,30.3,25.7,21.5
24/06/1997,0.4,31.4,26.4,21.5
25/06/1997,0.0,31.3,26.3,21.7
26/06/1997,0.0,32.3,26.7,20.5
27/06/1997,0.0,32.2,25.1,21.5
28/06/1997,1.2,30.9,24.4,21.9
29/06/1997,2.0,30.3,25.0,19.9
30/06/1997,0.0,31.4,26.1,20.6
01/07/1997,0.0,31.5,25.9,21.0
02/07/1997,2.0,31.1,25.6,20.5
03/07/1997,2.3,32.9,26.0,21.7
04/07/1997,6.0,29.9,24.8,21.7
05/07/1997,0.9,30.6,25.1,19.9
06/07/1997,2.4,31.3,26.5,21.5
07/07/1997,1.1,31.3,26.4,22.5
08/07/1997,0.0,31.3,25.0,20.6
09/07/1997,0.0,30.9,23.8,20.7
10/07/1997,3.4,31.3,25.9,21.5
11/07/1997,0.0,31.9,26.0,20.7
12/07/1997,0.0,32.1,25.0,19.7
13/07/1997,0.0,30.1,24.8,20.5
14/07/1997,0.0,31.8,25.9,20.1
15/07/1997,0.0,30.5,25.0,21.5
16/07/1997,1.7,30.3,25.2,21.9
17/07/1997,0.0,34.1,25.3,19.9
18/07/1997,0.2,31.3,26.6,20.5
19/07/1997,0.0,31.9,25.4,21.5
20/07/1997,0.0,30.5,25.4,21.3
21/07/1997,0.0,30.2,25.0,21.3
22/07/1997,0.0,31.5,26.7,21.5
23/07/1997,0.0,31.3,26.9,23.5
24/07/1997,0.3,31.3,25.7,21.5
25/07/1997,0.0,31.5,25.7,22.0
26/07/1997,5.0,31.3,25.4,19.5
27/07/1997,0.0,31.9,25.6,21.3
28/07/1997,0.0,32.1,26.3,22.1
29/07/1997,0.0,31.5,26.4,22.3
30/07/1997,0.0,31.7,27.4,22.5
31/07/1997,0.0,31.5,25.3,22.5
01/08/1997,10.8,30.9,26.9,22.7
02/08/1997,0.0,31.4,26.7,22.4
03/08/1997,0.0,32.3,26.2,22.1
04/08/1997,0.0,30.1,25.3,20.5
05/08/1997,0.0,31.2,26.0,20.6
06/08/1997,0.0,32.1,27.8,20.5
07/08/1997,0.0,31.9,26.0,22.6
08/08/1997,0.0,32.3,26.0,20.6
09/08/1997,0.6,30.1,24.9,20.9
10/08/1997,0.0,31.3,25.9,21.7
11/08/1997,24.0,29.9,24.5,20.1
12/08/1997,1.3,29.9,25.1,21.9
13/08/1997,0.0,30.7,25.7,21.5
14/08/1997,0.0,30.9,26.1,21.9
15/08/1997,0.0,31.3,25.8,21.9
16/08/1997,0.0,32.1,25.6,22.1
17/08/1997,0.0,31.3,26.2,22.1
18/08/1997,0.0,30.9,27.0,22.5
19/08/1997,0.0,31.4,27.0,22.6
20/08/1997,0.0,32.6,26.6,22.1
21/08/1997,0.0,32.3,26.6,22.5
22/08/1997,0.0,33.1,26.5,21.9
23/08/1997,0.0,32.8,26.7,21.5
24/08/1997,0.0,32.3,27.3,21.5
25/08/1997,0.0,32.6,26.7,20.8
26/08/1997,0.0,32.0,26.4,21.8
27/08/1997,0.0,32.3,27.1,22.4
28/08/1997,0.0,32.4,26.9,22.5
29/08/1997,0.0,32.3,26.3,22.1
30/08/1997,0.0,32.8,26.9,23.7
31/08/1997,0.0,32.1,26.5,21.7
01/09/1997,0.0,32.4,26.1,21.6
02/09/1997,0.0,32.0,26.8,23.1
03/09/1997,0.0,33.4,26.5,21.7
04/09/1997,0.0,33.5,27.5,23.1
05/09/1997,0.0,32.5,27.2,23.1
06/09/1997,0.0,33.3,27.9,23.1
07/09/1997,0.0,33.3,27.5,22.6
08/09/1997,0.0,32.8,27.2,22.8
09/09/1997,0.0,33.3,27.6,23.1
10/09/1997,0.0,32.5,27.1,21.5
11/09/1997,0.0,32.3,26.7,22.5
12/09/1997,0.0,33.3,26.3,21.0
13/09/1997,0.0,31.9,27.8,21.5
14/09/1997,0.0,32.8,27.7,23.7
15/09/1997,0.0,33.6,27.1,20.9
16/09/1997,0.0,34.3,28.0,21.8
17/09/1997,0.0,35.3,27.7,21.7
18/09/1997,0.0,33.4,27.8,23.0
19/09/1997,0.0,33.7,27.7,22.8
20/09/1997,0.0,34.4,28.5,23.8
21/09/1997,0.0,35.9,29.0,24.1
22/09/1997,0.0,32.8,28.2,22.7
23/09/1997,0.0,33.3,28.5,24.5
24/09/1997,0.0,32.5,27.4,23.5
25/09/1997,0.0,32.9,27.2,22.7
26/09/1997,0.0,33.2,27.2,21.1
27/09/1997,0.0,34.4,28.9,23.5
28/09/1997,0.0,33.4,27.3,22.5
29/09/1997,0.0,33.3,25.9,20.7
30/09/1997,0.0,33.8,27.9,23.9
01/10/1997,0.0,33.4,26.7,20.6
02/10/1997,0.0,34.0,27.5,22.5
03/10/1997,0.0,34.5,26.3,20.5
04/10/1997,0.0,34.8,27.2,22.4
05/10/1997,0.0,33.8,28.2,24.5
06/10/1997,0.0,33.3,27.5,22.5
07/10/1997,0.0,34.5,27.4,22.7
08/10/1997,0.0,34.9,26.9,21.3
09/10/1997,0.0,33.3,28.2,20.5
10/10/1997,0.0,32.8,27.4,21.5
11/10/1997,0.0,33.4,27.5,20.4
12/10/1997,0.0,34.4,27.9,22.8
13/10/1997,0.0,34.7,27.8,22.3
14/10/1997,0.0,34.0,27.7,22.5
15/10/1997,0.0,34.8,27.9,20.4
16/10/1997,0.0,35.0,28.4,23.9
17/10/1997,0.0,34.9,27.6,22.3
18/10/1997,0.0,34.7,28.2,23.3
19/10/1997,34.0,29.9,24.9,20.2
20/10/1997,78.0,31.2,27.6,22.4
21/10/1997,0.0,32.4,27.8,22.7
22/10/1997,0.0,33.3,28.4,23.5
23/10/1997,0.0,35.4,28.7,22.8
24/10/1997,0.0,34.4,28.4,23.8
25/10/1997,0.0,33.3,28.2,24.1
26/10/1997,0.0,34.1,27.4,24.5
27/10/1997,0.0,33.3,28.5,22.5
28/10/1997,0.0,34.7,28.4,23.1
29/10/1997,0.0,35.1,28.5,22.0
30/10/1997,0.0,33.8,28.4,23.4
31/10/1997,0.0,34.1,27.8,24.1
01/11/1997,0.0,33.1,27.8,23.6
02/11/1997,0.0,35.3,30.0,20.7
03/11/1997,0.0,35.3,28.3,24.5
04/11/1997,0.0,34.2,28.9,24.0
05/11/1997,0.0,33.5,28.5,23.5
06/11/1997,0.0,32.6,27.6,22.6
07/11/1997,0.0,33.1,27.7,23.3
08/11/1997,0.0,34.7,28.4,23.7
09/11/1997,0.0,33.9,29.3,23.9
10/11/1997,0.0,34.0,28.6,24.3
11/11/1997,0.0,35.2,29.7,24.3
12/11/1997,0.0,31.4,27.0,22.9
13/11/1997,0.0,33.5,27.0,21.6
14/11/1997,0.3,31.3,25.1,22.4
15/11/1997,0.0,30.5,26.3,22.1
16/11/1997,0.0,33.4,27.8,23.1
17/11/1997,4.9,32.4,27.5,23.6
18/11/1997,28.3,28.9,25.2,21.6
19/11/1997,7.8,32.9,26.7,22.5
20/11/1997,0.3,30.5,26.8,23.5
21/11/1997,0.1,33.3,27.7,23.5
22/11/1997,0.0,32.3,27.7,23.4
23/11/1997,0.0,31.7,28.1,24.3
24/11/1997,0.0,33.3,28.4,23.7
25/11/1997,0.0,34.3,28.2,23.6
26/11/1997,0.0,33.2,27.9,21.7
27/11/1997,0.0,33.3,28.7,21.7
28/11/1997,0.0,33.2,29.0,24.8
29/11/1997,0.0,33.0,28.1,22.6
30/11/1997,0.0,33.3,27.2,21.9
01/12/1997,0.0,33.9,28.2,22.1
02/12/1997,0.0,33.5,28.0,21.7
03/12/1997,0.0,33.2,28.7,22.1
04/12/1997,0.0,33.1,29.4,23.5
05/12/1997,0.0,32.6,28.6,24.3
06/12/1997,0.0,33.7,28.4,22.9
07/12/1997,0.0,33.9,28.4,23.3
08/12/1997,0.0,32.8,29.0,24.5
09/12/1997,0.0,34.6,29.7,24.6
10/12/1997,0.0,35.0,29.8,25.3
11/12/1997,0.0,33.3,29.1,24.5
12/12/1997,0.0,33.1,27.7,23.1
13/12/1997,0.0,33.7,28.5,22.9
14/12/1997,0.0,33.4,28.9,23.1
15/12/1997,0.0,32.9,28.4,23.3
16/12/1997,0.0,32.4,27.7,20.5
17/12/1997,0.0,32.2,28.2,24.4
18/12/1997,0.0,29.5,27.1,24.1
19/12/1997,0.0,30.8,24.7,21.9
20/12/1997,0.6,31.3,26.2,19.5
21/12/1997,0.0,28.2,26.3,23.0
22/12/1997,0.0,32.1,27.7,23.8
23/12/1997,0.0,33.3,28.2,22.7
24/12/1997,0.0,32.7,27.7,23.7
25/12/1997,0.0,33.1,28.2,23.3
26/12/1997,0.0,30.0,26.9,20.7
27/12/1997,0.0,34.3,28.9,22.7
28/12/1997,0.0,33.8,29.2,24.3
29/12/1997,0.0,33.6,28.9,24.0
30/12/1997,0.0,33.1,27.9,24.7
31/12/1997,0.0,34.1,27.6,22.5
01/01/1998,0.0,32.0,27.2,23.4
02/01/1998,0.0,33.3,27.8,22.8
03/01/1998,0.0,34.2,28.0,24.0
04/01/1998,0.0,34.4,28.6,24.5
05/01/1998,0.0,33.4,28.1,22.5
06/01/1998,0.0,34.1,28.3,21.7
07/01/1998,0.0,34.7,28.8,23.7
08/01/1998,0.0,34.3,28.1,20.5
09/01/1998,0.0,34.6,29.2,24.6
10/01/1998,1.5,34.2,28.9,23.8
11/01/1998,0.0,34.3,28.1,22.8
12/01/1998,0.2,34.3,28.2,23.5
13/01/1998,1.1,34.9,28.7,23.7
14/01/1998,0.0,33.8,28.2,20.6
15/01/1998,0.0,32.4,27.0,22.5
16/01/1998,0.0,30.9,26.4,23.2
17/01/1998,3.8,33.1,26.2,21.3
18/01/1998,0.0,33.4,26.6,22.5
19/01/1998,0.6,32.1,25.6,21.3
20/01/1998,0.4,32.1,26.9,21.4
21/01/1998,0.0,33.8,27.9,23.3
22/01/1998,1.0,33.0,27.9,23.7
23/01/1998,3.6,33.5,27.6,23.1
24/01/1998,0.2,28.9,25.9,22.9
25/01/1998,1.5,29.7,23.8,20.7
26/01/1998,11.8,30.4,25.7,20.8
27/01/1998,0.0,32.4,27.4,22.5
28/01/1998,0.0,32.8,28.1,23.8
29/01/1998,0.0,33.5,28.5,23.3
30/01/1998,0.0,32.5,27.0,22.9
31/01/1998,0.3,31.3,26.9,22.1
01/02/1998,0.0,32.2,27.1,22.7
02/02/1998,0.0,33.2,28.0,23.7
03/02/1998,1.5,31.3,26.1,21.4
04/02/1998,6.2,32.3,27.5,19.7
05/02/1998,4.5,32.0,27.1,23.8
06/02/1998,1.8,32.6,27.6,23.4
07/02/1998,0.0,33.1,28.0,22.9
08/02/1998,0.0,,,22.5
09/02/1998,0.0,,,22.5
10/02/1998,0.0,,,24.5
11/02/1998,0.0,,,24.2
12/02/1998,0.0,,,23.1
13/02/1998,25.1,,,20.4
14/02/1998,2.1,,,20.6
15/02/1998,0.0,,,22.1
16/02/1998,1.3,,,24.1
17/02/1998,0.0,,,24.6
18/02/1998,0.0,,,23.3
19/02/1998,0.0,,,22.6
20/02/1998,3.4,,,21.5
21/02/1998,11.7,,,22.4
22/02/1998,3.8,,,21.6
23/02/1998,1.0,,,23.6
24/02/1998,5.3,,,23.1
25/02/1998,0.0,,,22.7
26/02/1998,0.0,,,22.7
27/02/1998,0.0,,,23.6
28/02/1998,2.7,,,24.1
01/03/1998,0.0,,,23.2
02/03/1998,0.0,,,22.9
03/03/1998,7.6,,,23.9
04/03/1998,4.2,,,23.3
05/03/1998,16.6,,,23.1
06/03/1998,0.0,,,23.0
07/03/1998,0.0,,,24.8
08/03/1998,45.4,,,21.3
09/03/1998,51.0,,,22.7
10/03/1998,8.5,,,22.1
11/03/1998,4.4,,,22.7
12/03/1998,0.0,,,22.8
13/03/1998,0.0,,,23.6
14/03/1998,1.3,,,23.1
15/03/1998,0.0,,,23.6
16/03/1998,6.0,,,23.3
17/03/1998,34.8,,,22.3
18/03/1998,33.7,,,22.3
19/03/1998,0.4,,,23.3
20/03/1998,37.2,,,23.1
21/03/1998,0.0,,,23.4
22/03/1998,5.0,,,22.7
23/03/1998,0.0,,,22.6
24/03/1998,1.6,,,23.3
25/03/1998,13.2,,,22.8
26/03/1998,5.7,,,23.1
27/03/1998,0.3,,,23.1
28/03/1998,0.0,,,23.9
29/03/1998,1.8,,,23.5
30/03/1998,0.7,,,23.5
31/03/1998,0.0,,,24.3
01/04/1998,0.0,,,23.5
02/04/1998,9.3,,,22.3
03/04/1998,0.0,,,23.6
04/04/1998,13.0,,,23.1
05/04/1998,20.6,,,23.3
06/04/1998,0.0,,,23.5
07/04/1998,0.0,,,23.3
08/04/1998,0.6,,,23.9
09/04/1998,9.3,,,23.5
10/04/1998,1.5,,,23.7
11/04/1998,9.6,,,22.9
12/04/1998,0.0,,,22.5
13/04/1998,0.0,,,23.0
14/04/1998,0.3,,,23.9
15/04/1998,2.2,,,23.1
16/04/1998,0.0,,,23.0
17/04/1998,3.3,,,24.2
18/04/1998,1.0,,,24.5
19/04/1998,0.0,,,24.7
20/04/1998,7.4,,,24.1
21/04/1998,1.7,,,23.1
22/04/1998,0.0,,,23.1
23/04/1998,0.0,33.5,28.1,22.8
24/04/1998,0.3,32.8,28.4,24.5
25/04/1998,0.0,32.3,26.9,24.3
26/04/1998,0.0,31.1,26.5,23.5
27/04/1998,14.8,30.5,26.8,23.7
28/04/1998,4.0,30.0,26.1,23.8
29/04/1998,9.5,31.2,27.5,23.5
30/04/1998,14.2,29.3,25.4,23.3
01/05/1998,15.5,30.0,26.8,23.5
02/05/1998,0.2,31.1,27.3,23.6
03/05/1998,0.3,30.3,26.7,23.0
04/05/1998,12.6,30.1,26.1,22.1
05/05/1998,0.4,30.1,25.5,23.0
06/05/1998,2.1,30.5,26.0,23.3
07/05/1998,4.6,33.1,27.8,23.9
08/05/1998,0.7,29.9,26.4,23.9
09/05/1998,15.4,30.1,26.4,23.1
10/05/1998,3.9,30.4,26.9,23.4
11/05/1998,0.0,30.8,27.4,24.3
12/05/1998,6.0,30.7,26.7,23.8
13/05/1998,7.0,31.0,26.7,23.9
14/05/1998,0.8,32.1,27.4,23.1
15/05/1998,7.3,29.3,25.6,22.7
16/05/1998,41.0,28.3,25.0,22.9
17/05/1998,1.0,29.8,25.5,23.2
18/05/1998,3.0,29.9,26.2,23.1
19/05/1998,3.6,30.8,26.7,23.3
20/05/1998,7.4,29.9,26.2,23.3
21/05/1998,18.6,30.0,25.4,23.5
22/05/1998,8.4,30.5,26.7,21.5
23/05/1998,9.3,29.4,25.7,22.0
24/05/1998,1.7,30.5,27.4,23.6
25/05/1998,0.3,32.3,27.0,23.9
26/05/1998,19.8,31.1,26.5,23.1
27/05/1998,4.8,30.5,25.9,23.1
28/05/1998,15.7,30.3,25.7,22.4
29/05/1998,0.6,31.1,27.5,22.4
30/05/1998,8.8,30.2,26.3,23.4
31/05/1998,0.5,28.9,25.6,23.0
01/06/1998,9.6,30.0,26.5,23.1
02/06/1998,4.2,29.9,26.2,23.1
03/06/1998,0.0,28.3,26.0,22.7
04/06/1998,5.5,30.9,26.4,22.6
05/06/1998,2.0,31.0,26.8,22.0
06/06/1998,0.6,31.0,25.7,22.5
07/06/1998,2.0,31.2,26.4,22.0
08/06/1998,5.8,30.3,26.7,22.5
09/06/1998,2.8,31.3,26.1,22.4
10/06/1998,0.0,31.3,27.0,22.0
11/06/1998,0.6,31.2,27.6,23.3
12/06/1998,0.0,30.4,25.7,22.3
13/06/1998,1.4,30.9,26.7,22.7
14/06/1998,9.8,30.1,27.1,22.5
15/06/1998,0.2,30.2,25.5,22.9
16/06/1998,29.3,29.1,25.3,22.8
17/06/1998,0.6,31.0,26.9,23.0
18/06/1998,0.4,30.0,25.6,22.9
19/06/1998,10.0,30.8,25.5,22.5
20/06/1998,4.0,31.0,25.8,22.3
21/06/1998,6.4,30.9,26.4,22.2
22/06/1998,8.0,30.9,25.9,22.0
23/06/1998,0.0,30.9,26.3,22.6
24/06/1998,14.3,30.3,25.0,22.6
25/06/1998,8.2,31.2,26.4,21.8
26/06/1998,0.0,30.3,24.9,22.5
27/06/1998,0.8,29.9,26.1,23.0
28/06/1998,3.6,30.8,26.2,21.8
29/06/1998,0.2,31.0,26.5,21.3
30/06/1998,0.0,31.5,26.2,21.5
01/07/1998,0.0,32.1,26.8,22.6
02/07/1998,0.0,30.3,25.0,22.7
03/07/1998,14.2,30.1,26.1,22.7
04/07/1998,0.0,31.1,26.3,22.1
05/07/1998,0.4,31.5,25.5,21.7
06/07/1998,0.0,31.9,26.8,21.7
07/07/1998,0.9,31.5,26.4,22.7
08/07/1998,0.0,30.5,25.8,22.7
09/07/1998,7.1,30.1,25.9,21.7
10/07/1998,3.9,30.2,25.1,21.5
11/07/1998,4.7,31.3,26.8,21.5
12/07/1998,0.0,30.0,25.4,21.5
13/07/1998,6.0,30.3,25.1,22.0
14/07/1998,0.0,30.1,25.7,21.9
15/07/1998,0.0,30.5,26.3,22.0
16/07/1998,0.0,31.3,26.5,22.0
17/07/1998,0.0,31.4,27.0,23.3
18/07/1998,20.7,30.4,25.7,21.0
19/07/1998,0.0,31.2,26.7,21.7
20/07/1998,0.6,31.3,26.8,21.9
21/07/1998,0.0,31.3,25.9,20.7
22/07/1998,0.0,31.0,26.8,21.5
23/07/1998,0.0,30.5,25.3,20.5
24/07/1998,6.4,30.9,27.0,22.7
25/07/1998,0.0,31.4,26.5,22.4
26/07/1998,0.0,31.3,27.7,22.1
27/07/1998,0.0,32.3,28.1,22.5
28/07/1998,0.0,31.4,27.7,22.7
29/07/1998,0.0,30.8,26.2,22.5
30/07/1998,8.4,31.5,25.6,21.5
31/07/1998,0.5,30.3,26.3,21.5
01/08/1998,3.8,30.2,26.5,21.7
02/08/1998,0.2,32.1,26.7,21.9
03/08/1998,0.0,31.0,26.4,22.1
04/08/1998,0.0,30.5,26.6,21.7
05/08/1998,0.0,31.1,26.7,22.0
06/08/1998,0.0,31.3,27.0,22.1
07/08/1998,0.0,32.0,27.0,21.0
08/08/1998,0.0,31.8,27.5,21.3
09/08/1998,0.0,32.7,28.0,21.7
10/08/1998,0.0,33.4,28.7,22.4
11/08/1998,0.0,33.3,28.3,23.0
12/08/1998,0.0,33.6,28.2,21.9
13/08/1998,0.0,31.3,26.9,22.7
14/08/1998,0.0,31.9,26.6,21.7
15/08/1998,0.0,31.5,27.6,23.5
16/08/1998,0.3,31.2,27.4,23.1
17/08/1998,0.0,33.4,27.9,22.8
18/08/1998,0.0,34.0,28.1,21.6
19/08/1998,0.0,33.7,27.9,22.3
20/08/1998,0.0,32.8,27.2,21.9
21/08/1998,0.0,32.2,27.7,22.4
22/08/1998,0.0,32.4,27.3,22.7
23/08/1998,0.0,33.9,28.3,22.6
24/08/1998,0.0,33.9,27.9,23.1
25/08/1998,0.0,33.7,27.8,22.3
26/08/1998,0.0,32.4,27.5,22.5
27/08/1998,0.0,32.2,26.8,22.7
28/08/1998,0.0,34.5,27.4,22.1
29/08/1998,0.0,33.7,25.5,22.8
30/08/1998,14.0,30.6,26.1,21.7
31/08/1998,0.0,32.0,27.2,20.7
01/09/1998,0.0,31.6,27.3,22.6
02/09/1998,0.0,31.5,27.1,22.8
03/09/1998,0.0,32.3,27.5,22.4
04/09/1998,0.0,32.8,27.9,23.1
05/09/1998,0.0,33.4,28.1,23.0
06/09/1998,0.0,33.5,28.6,22.5
07/09/1998,0.0,32.2,27.9,22.7
08/09/1998,0.0,32.5,28.0,22.5
09/09/1998,0.0,34.9,29.6,22.7
10/09/1998,0.0,34.8,29.1,22.6
11/09/1998,0.0,34.0,29.2,25.3
12/09/1998,0.0,32.2,27.3,22.7
13/09/1998,0.0,34.9,27.4,23.5
14/09/1998,0.0,35.3,29.4,23.6
15/09/1998,0.0,35.6,29.5,23.0
16/09/1998,0.0,30.5,27.7,23.0
17/09/1998,1.3,33.2,27.5,22.5
18/09/1998,0.0,32.9,28.4,24.4
19/09/1998,0.0,34.0,28.6,24.6
20/09/1998,0.0,33.2,27.5,23.5
21/09/1998,0.0,33.9,30.2,23.7
22/09/1998,0.0,33.2,27.1,23.4
23/09/1998,14.0,29.9,25.5,22.4
24/09/1998,50.9,32.3,27.6,22.6
25/09/1998,0.0,32.3,28.2,22.9
26/09/1998,0.0,34.5,29.0,23.5
27/09/1998,0.0,32.7,28.5,23.8
28/09/1998,0.0,31.2,27.9,23.5
29/09/1998,0.0,32.3,28.6,23.0
30/09/1998,0.0,34.4,29.0,24.2
01/10/1998,0.0,33.4,28.7,23.3
02/10/1998,0.0,31.2,27.7,22.7
03/10/1998,0.0,32.3,27.2,23.5
04/10/1998,0.0,34.5,28.7,22.2
05/10/1998,0.0,32.7,28.2,23.0
06/10/1998,0.0,34.3,28.6,23.5
07/10/1998,0.0,32.2,27.9,22.8
08/10/1998,0.0,31.2,26.9,20.3
09/10/1998,0.0,33.8,28.5,23.2
10/10/1998,0.0,33.7,29.0,23.6
11/10/1998,0.0,33.3,27.7,23.5
12/10/1998,0.0,30.3,28.0,23.7
13/10/1998,0.0,33.3,28.9,23.5
14/10/1998,0.0,33.6,28.2,22.6
15/10/1998,59.7,31.3,26.7,21.7
16/10/1998,0.0,33.6,27.4,20.6
17/10/1998,0.0,33.9,28.5,23.5
18/10/1998,0.0,33.3,27.8,23.5
19/10/1998,0.0,34.3,28.5,23.5
20/10/1998,0.0,34.0,28.8,23.9
21/10/1998,0.0,33.8,28.2,23.5
22/10/1998,0.0,32.0,27.0,20.1
23/10/1998,0.0,33.6,28.5,23.3
24/10/1998,0.0,33.5,27.5,23.5
25/10/1998,0.0,33.9,27.4,23.7
26/10/1998,0.0,32.3,27.0,23.0
27/10/1998,0.0,32.8,27.5,22.8
28/10/1998,0.0,32.6,27.9,23.9
29/10/1998,0.0,32.8,27.7,23.0
30/10/1998,0.0,33.5,28.2,23.7
31/10/1998,0.0,32.5,28.6,23.5
01/11/1998,0.5,31.6,27.4,22.6
02/11/1998,0.0,32.0,27.3,22.3
03/11/1998,0.0,32.8,27.0,20.4
04/11/1998,0.0,32.8,27.7,22.9
05/11/1998,0.0,33.5,27.8,22.5
06/11/1998,0.0,32.4,28.5,22.4
07/11/1998,0.0,33.7,28.1,22.8
08/11/1998,0.0,33.4,27.7,22.9
09/11/1998,1.1,30.8,26.0,20.3
10/11/1998,0.0,32.6,27.6,22.3
11/11/1998,0.0,32.3,27.9,23.5
12/11/1998,0.0,33.7,27.8,22.9
13/11/1998,0.0,33.4,27.4,23.1
14/11/1998,0.0,33.7,27.6,22.5
15/11/1998,0.0,33.8,28.0,20.4
16/11/1998,0.0,33.9,28.3,24.3
17/11/1998,0.0,34.3,28.4,24.3
18/11/1998,0.0,33.5,28.5,25.3
19/11/1998,0.0,33.8,28.6,24.9
20/11/1998,0.0,33.9,28.2,22.2
21/11/1998,0.0,33.8,27.5,22.5
22/11/1998,0.0,33.5,27.9,23.1
23/11/1998,0.0,33.3,27.7,22.9
24/11/1998,0.6,32.5,25.9,22.7
25/11/1998,29.2,31.4,26.3,21.3
26/11/1998,0.0,33.3,27.2,21.0
27/11/1998,0.0,33.8,27.7,20.4
28/11/1998,0.0,29.0,24.6,22.5
29/11/1998,62.7,30.5,25.5,20.3
30/11/1998,0.0,33.6,26.9,22.7
01/12/1998,0.0,32.0,26.3,23.1
02/12/1998,2.6,29.9,25.2,22.5
03/12/1998,0.0,30.4,26.6,22.4
04/12/1998,0.0,32.2,27.9,23.5
05/12/1998,0.0,32.0,27.3,22.9
06/12/1998,0.0,32.4,28.2,22.8
07/12/1998,0.0,33.0,28.1,23.7
08/12/1998,0.0,33.6,28.4,23.5
09/12/1998,0.0,32.1,27.4,20.4
10/12/1998,0.0,33.8,28.6,24.2
11/12/1998,0.0,33.5,28.8,23.5
12/12/1998,0.0,31.8,27.0,22.7
13/12/1998,0.0,33.1,27.7,22.7
14/12/1998,0.0,33.3,27.8,22.8
15/12/1998,0.0,32.3,27.2,23.5
16/12/1998,0.0,33.2,28.1,23.5
17/12/1998,0.0,33.3,27.9,23.5
18/12/1998,0.0,32.5,27.5,23.5
19/12/1998,0.0,31.8,27.2,23.8
20/12/1998,0.0,28.6,25.0,22.6
21/12/1998,3.6,27.6,25.1,23.1
22/12/1998,2.9,29.0,24.9,22.6
23/12/1998,0.3,28.8,25.1,22.7
24/12/1998,0.0,30.1,25.6,21.5
25/12/1998,46.6,29.9,25.6,21.0
26/12/1998,0.0,30.9,25.9,21.3
27/12/1998,0.0,31.6,26.5,21.1
28/12/1998,0.0,32.1,27.6,23.2
29/12/1998,0.0,31.2,27.7,23.5
30/12/1998,0.0,31.3,27.3,23.5
31/12/1998,0.0,28.2,26.2,22.9
01/01/1999,2.2,31.8,26.9,23.0
02/01/1999,0.0,31.4,27.0,22.8
03/01/1999,0.0,32.6,27.9,24.2
04/01/1999,0.0,31.8,28.0,23.5
05/01/1999,0.0,31.8,27.4,23.9
06/01/1999,45.3,29.7,24.9,21.3
07/01/1999,0.0,30.8,26.4,22.3
08/01/1999,0.0,31.6,27.1,22.2
09/01/1999,5.3,28.8,24.8,22.7
10/01/1999,0.0,27.8,25.8,21.6
11/01/1999,57.8,28.1,23.4,21.5
12/01/1999,5.7,30.4,26.1,21.6
13/01/1999,0.0,29.1,24.4,22.3
14/01/1999,32.8,29.3,25.5,22.3
15/01/1999,0.2,29.2,25.4,22.4
16/01/1999,9.8,29.5,25.7,23.3
17/01/1999,54.3,29.2,25.2,21.3
18/01/1999,7.3,29.9,24.6,22.1
19/01/1999,20.4,29.8,25.6,22.0
20/01/1999,0.0,31.4,25.7,21.9
21/01/1999,0.0,31.0,26.4,21.8
22/01/1999,0.0,32.0,26.0,22.9
23/01/1999,3.4,30.9,26.3,22.2
24/01/1999,31.0,29.7,25.2,21.9
25/01/1999,7.2,29.4,25.0,22.0
26/01/1999,2.9,29.0,25.0,22.2
27/01/1999,14.1,28.9,24.4,21.7
28/01/1999,0.0,30.4,25.7,21.7
29/01/1999,0.0,30.9,26.7,22.8
30/01/1999,0.0,30.7,26.5,22.5
31/01/1999,39.2,28.6,24.0,22.5
01/02/1999,4.3,29.9,25.8,21.6
02/02/1999,1.1,28.8,24.7,22.0
03/02/1999,0.0,29.7,25.4,21.9
04/02/1999,2.9,29.6,25.8,22.0
05/02/1999,15.0,28.6,25.1,23.0
06/02/1999,86.8,28.5,24.7,22.5
07/02/1999,85.8,27.5,23.5,22.2
08/02/1999,29.6,30.5,25.7,21.7
09/02/1999,0.0,31.3,26.3,21.5
10/02/1999,1.6,29.3,26.3,22.8
11/02/1999,0.0,30.6,25.9,23.1
12/02/1999,0.0,30.3,26.0,22.1
13/02/1999,0.0,28.3,24.8,21.5
14/02/1999,17.4,30.1,25.9,22.5
15/02/1999,0.0,29.6,24.9,22.6
16/02/1999,8.7,29.4,25.0,22.2
17/02/1999,35.4,27.2,24.5,21.6
18/02/1999,1.1,30.5,25.8,21.5
19/02/1999,0.0,30.5,26.8,22.7
20/02/1999,0.3,27.8,24.2,22.9
21/02/1999,15.6,30.6,25.6,21.5
22/02/1999,6.0,30.8,26.3,21.8
23/02/1999,19.4,28.8,24.6,21.3
24/02/1999,0.8,30.4,25.3,22.4
25/02/1999,0.0,29.2,24.6,21.6
26/02/1999,14.8,29.4,24.9,21.5
27/02/1999,1.1,30.6,25.7,22.0
28/02/1999,0.0,30.9,25.8,21.8
01/03/1999,134.8,27.8,24.0,20.8
02/03/1999,5.2,28.3,23.5,21.6
03/03/1999,7.2,29.3,24.9,21.7
04/03/1999,0.9,29.7,25.0,22.3
05/03/1999,1.9,30.1,25.0,21.9
06/03/1999,0.0,29.6,25.7,22.0
07/03/1999,0.6,27.6,24.3,21.6
08/03/1999,15.5,30.3,25.7,22.2
09/03/1999,0.0,30.6,25.3,22.2
10/03/1999,1.3,30.1,25.1,22.5
11/03/1999,0.5,29.9,25.4,22.1
12/03/1999,1.0,29.5,25.7,22.1
13/03/1999,2.5,29.6,25.8,22.3
14/03/1999,0.4,30.5,26.4,22.7
15/03/1999,1.0,27.9,25.3,22.7
16/03/1999,6.9,29.9,25.7,22.4
17/03/1999,0.2,30.1,25.6,22.3
18/03/1999,2.1,28.1,23.8,22.5
19/03/1999,31.1,30.0,24.4,21.6
20/03/1999,30.4,30.5,25.9,22.6
21/03/1999,0.0,30.0,26.1,23.5
22/03/1999,54.9,29.6,24.5,21.3
23/03/1999,0.9,30.6,25.7,21.5
24/03/1999,0.0,31.4,26.5,21.7
25/03/1999,4.5,29.6,25.6,22.2
26/03/1999,29.8,28.3,25.2,22.5
27/03/1999,4.1,29.3,25.2,22.6
28/03/1999,0.2,30.0,25.5,22.5
29/03/1999,6.4,28.4,24.8,22.7
30/03/1999,39.5,28.8,25.3,22.7
31/03/1999,0.9,28.8,25.3,22.4
01/04/1999,14.5,29.3,25.2,22.6
02/04/1999,11.9,30.2,26.6,22.1
03/04/1999,0.0,29.5,25.5,22.6
04/04/1999,10.3,29.7,24.8,22.1
05/04/1999,0.0,30.9,26.1,22.1
06/04/1999,0.0,29.8,25.9,22.2
07/04/1999,14.6,28.9,25.3,22.7
08/04/1999,31.4,29.9,25.2,22.4
09/04/1999,0.0,30.0,25.6,22.3
10/04/1999,1.5,30.3,25.5,22.5
11/04/1999,3.4,29.9,25.5,21.6
12/04/1999,1.1,30.5,26.3,22.4
13/04/1999,0.0,30.1,25.4,22.5
14/04/1999,3.6,30.3,26.0,22.9
15/04/1999,0.3,29.7,25.3,22.6
16/04/1999,8.8,28.5,24.8,22.7
17/04/1999,0.0,29.2,25.2,22.0
18/04/1999,0.8,30.2,25.9,22.8
19/04/1999,3.2,29.9,26.5,22.7
20/04/1999,4.8,29.3,25.9,22.7
21/04/1999,4.0,29.4,25.6,22.4
22/04/1999,2.7,30.0,25.6,22.3
23/04/1999,0.0,30.0,25.9,22.4
24/04/1999,0.0,30.0,26.0,22.9
25/04/1999,0.4,29.7,25.3,22.9
26/04/1999,15.0,30.5,26.2,22.7
27/04/1999,12.6,27.8,24.8,22.6
28/04/1999,54.7,27.4,24.4,22.1
29/04/1999,9.5,30.6,25.6,21.0
30/04/1999,0.0,30.1,25.7,22.1
01/05/1999,5.3,29.3,25.1,22.3
02/05/1999,1.0,29.3,25.9,22.5
03/05/1999,18.4,29.6,25.3,22.1
04/05/1999,7.0,29.9,24.8,22.4
05/05/1999,7.9,29.7,24.9,22.5
06/05/1999,2.2,31.0,26.6,21.9
07/05/1999,0.0,,,22.7
08/05/1999,0.5,,,22.6
09/05/1999,0.0,,,22.4
10/05/1999,5.2,,,22.7
11/05/1999,0.2,,,22.4
12/05/1999,0.0,,,22.4
13/05/1999,6.4,,,22.5
14/05/1999,14.2,29.2,26.9,23.4
15/05/1999,36.9,,,22.5
16/05/1999,2.8,,,21.5
17/05/1999,0.0,,,21.6
18/05/1999,30.0,,,21.8
19/05/1999,3.2,,,22.2
20/05/1999,5.2,,,21.7
21/05/1999,0.5,,,21.3
22/05/1999,37.0,,,21.1
23/05/1999,31.1,,,21.1
24/05/1999,22.4,,,22.5
25/05/1999,1.2,,,21.6
26/05/1999,7.0,,,21.5
27/05/1999,10.1,,,23.1
28/05/1999,20.2,,,21.9
29/05/1999,0.0,,,21.4
30/05/1999,0.0,,,21.6
31/05/1999,9.0,,,22.3
01/06/1999,1.7,,,21.9
02/06/1999,4.7,,,22.0
03/06/1999,3.5,,,21.0
04/06/1999,0.0,,,21.5
05/06/1999,1.8,,,22.6
06/06/1999,0.0,,,22.4
07/06/1999,0.2,,,22.9
08/06/1999,11.8,,,21.3
09/06/1999,7.9,,,21.6
10/06/1999,0.2,,,21.8
11/06/1999,0.0,,,21.1
12/06/1999,7.8,,,21.6
13/06/1999,2.0,,,22.2
14/06/1999,20.9,,,22.0
15/06/1999,0.7,,,21.7
16/06/1999,16.7,,,22.0
17/06/1999,0.0,,,22.3
18/06/1999,0.0,,,22.7
19/06/1999,0.0,,,22.5
20/06/1999,7.2,,,22.6
21/06/1999,0.0,,,22.7
22/06/1999,0.0,,,21.9
23/06/1999,0.0,,,22.0
24/06/1999,0.0,,,21.7
25/06/1999,0.0,,,20.7
26/06/1999,1.3,,,21.0
27/06/1999,0.0,,,20.9
28/06/1999,0.0,,,20.6
29/06/1999,0.0,,,21.3
30/06/1999,0.0,,,21.5
01/07/1999,0.0,,,21.7
02/07/1999,0.0,,,21.5
03/07/1999,0.0,,,21.3
04/07/1999,1.3,,,20.7
05/07/1999,0.0,,,21.5
06/07/1999,0.0,,,21.7
07/07/1999,0.0,,,21.8
08/07/1999,0.0,,,21.5
09/07/1999,0.0,,,20.6
10/07/1999,4.6,,,19.2
11/07/1999,20.0,,,19.0
12/07/1999,0.0,,,19.7
13/07/1999,0.0,,,19.3
14/07/1999,0.0,,,19.1
15/07/1999,0.0,,,19.5
16/07/1999,0.0,,,19.1
17/07/1999,0.0,,,19.4
18/07/1999,1.6,,,21.3
19/07/1999,1.7,,,21.3
20/07/1999,0.0,,,20.7
21/07/1999,0.0,,,21.3
22/07/1999,0.3,,,21.5
23/07/1999,1.4,,,19.2
24/07/1999,0.0,,,19.3
25/07/1999,0.0,,,19.5
26/07/1999,14.6,,,20.3
27/07/1999,0.0,,,21.1
28/07/1999,0.0,,,20.7
29/07/1999,0.0,,,21.5
30/07/1999,0.0,,,22.5
31/07/1999,0.0,,,21.9
01/08/1999,0.0,,,22.7
02/08/1999,0.0,,,22.7
03/08/1999,0.0,,,21.0
04/08/1999,0.0,,,21.3
05/08/1999,1.8,,,20.5
06/08/1999,15.4,,,21.0
07/08/1999,0.0,,,21.3
08/08/1999,0.0,,,21.6
09/08/1999,2.8,,,20.7
10/08/1999,1.8,,,22.0
11/08/1999,0.0,,,22.6
12/08/1999,13.2,,,20.5
13/08/1999,0.0,,,21.3
14/08/1999,0.0,,,21.1
15/08/1999,0.0,,,21.0
16/08/1999,9.7,,,20.6
17/08/1999,0.0,,,20.7
18/08/1999,0.0,,,20.5
19/08/1999,0.0,,,21.1
20/08/1999,0.0,,,21.3
21/08/1999,21.4,,,20.9
22/08/1999,0.0,,,20.8
23/08/1999,0.0,,,21.0
24/08/1999,0.0,,,20.7
25/08/1999,0.0,,,21.1
26/08/1999,0.0,,,21.3
27/08/1999,0.0,,,21.2
28/08/1999,0.0,,,22.0
29/08/1999,0.0,,,22.5
30/08/1999,0.0,,,20.5
31/08/1999,0.0,,,22.5
01/09/1999,0.0,,,23.1
02/09/1999,0.0,,,22.8
03/09/1999,0.0,,,23.3
04/09/1999,0.0,,,22.5
05/09/1999,0.0,,,22.3
06/09/1999,0.0,,,21.7
07/09/1999,0.0,,,22.5
08/09/1999,0.0,,,21.4
09/09/1999,0.0,33.4,27.8,22.6
10/09/1999,0.0,33.7,27.5,22.5
11/09/1999,0.0,33.1,27.2,22.7
12/09/1999,0.0,33.3,26.8,22.9
13/09/1999,0.0,33.2,27.4,22.9
14/09/1999,0.0,33.5,27.6,21.5
15/09/1999,0.0,33.4,28.0,23.1
16/09/1999,0.0,32.1,27.4,22.4
17/09/1999,0.0,31.3,25.9,22.9
18/09/1999,0.0,32.7,25.9,22.7
19/09/1999,0.0,32.2,26.6,21.4
20/09/1999,0.0,33.8,28.1,23.4
21/09/1999,0.0,33.8,28.1,22.8
22/09/1999,0.0,32.4,27.5,22.6
23/09/1999,0.0,32.5,27.6,23.7
24/09/1999,11.2,31.3,26.0,21.5
25/09/1999,0.0,27.4,24.5,22.4
26/09/1999,12.5,30.2,25.3,22.1
27/09/1999,0.0,32.0,26.9,21.6
28/09/1999,0.0,30.4,26.9,22.5
29/09/1999,0.0,31.2,27.0,22.6
30/09/1999,0.0,32.3,27.8,23.7
01/10/1999,0.0,33.1,27.7,22.8
02/10/1999,0.0,33.4,27.4,21.4
03/10/1999,0.0,31.4,26.9,21.9
04/10/1999,0.0,31.2,26.7,22.3
05/10/1999,33.2,29.8,24.7,20.5
06/10/1999,12.2,29.9,25.2,21.6
07/10/1999,8.4,32.3,26.2,22.5
08/10/1999,0.0,31.3,26.9,22.7
09/10/1999,0.0,32.0,27.0,22.6
10/10/1999,0.0,30.8,26.7,22.8
11/10/1999,0.0,31.6,27.4,22.8
12/10/1999,0.0,31.4,27.3,23.5
13/10/1999,0.0,32.2,27.7,23.3
14/10/1999,0.0,31.1,26.7,22.7
15/10/1999,0.0,33.0,27.5,23.5
16/10/1999,9.2,30.7,25.6,21.5
17/10/1999,6.2,31.6,25.7,21.2
18/10/1999,0.0,31.2,25.7,21.5
19/10/1999,12.8,31.7,27.0,22.5
20/10/1999,0.0,31.2,26.8,23.5
21/10/1999,0.0,31.8,26.9,22.5
22/10/1999,0.0,30.1,26.5,23.6
23/10/1999,32.1,31.0,27.0,23.2
24/10/1999,0.0,31.6,26.9,22.2
25/10/1999,0.0,32.4,27.2,22.6
26/10/1999,0.0,31.3,26.2,21.7
27/10/1999,0.0,31.6,26.4,23.6
28/10/1999,0.0,31.8,27.0,22.2
29/10/1999,0.0,31.8,26.4,23.5
30/10/1999,0.0,31.6,26.8,22.1
31/10/1999,0.0,31.8,26.3,22.7
01/11/1999,29.8,26.7,23.4,21.5
02/11/1999,0.1,29.8,25.7,21.3
03/11/1999,0.0,30.4,25.3,21.7
04/11/1999,0.0,30.9,26.3,21.6
05/11/1999,0.0,31.1,26.7,21.6
06/11/1999,0.0,30.2,26.1,22.7
07/11/1999,2.0,31.2,25.9,21.7
08/11/1999,0.0,30.6,25.9,23.6
09/11/1999,0.0,30.7,25.4,21.1
10/11/1999,0.0,31.4,26.7,21.8
11/11/1999,0.0,31.6,26.9,22.6
12/11/1999,0.0,29.3,26.9,22.4
13/11/1999,1.4,30.3,25.4,22.3
14/11/1999,1.9,29.8,25.6,22.6
15/11/1999,0.0,30.4,24.7,22.3
16/11/1999,10.1,30.7,25.7,21.1
17/11/1999,0.0,30.9,26.8,22.6
18/11/1999,0.0,31.2,26.9,22.5
19/11/1999,0.0,31.5,27.2,22.8
20/11/1999,0.0,31.7,26.5,22.6
21/11/1999,0.0,29.3,24.0,21.2
22/11/1999,31.5,30.8,25.4,20.1
23/11/1999,2.8,30.0,24.7,22.6
24/11/1999,30.0,30.0,25.0,21.4
25/11/1999,0.0,31.1,26.3,21.7
26/11/1999,0.0,31.7,26.2,22.5
27/11/1999,0.0,31.8,26.5,21.5
28/11/1999,0.0,31.0,25.9,21.4
29/11/1999,0.0,31.1,26.9,22.8
30/11/1999,0.0,30.0,27.1,23.5
01/12/1999,0.0,31.1,27.4,23.5
02/12/1999,0.0,31.3,27.5,23.4
03/12/1999,0.0,30.7,26.3,23.3
04/12/1999,0.0,30.4,26.4,23.3
05/12/1999,0.0,30.7,25.7,23.1
06/12/1999,0.0,31.1,27.0,23.7
07/12/1999,0.0,30.5,26.9,23.5
08/12/1999,0.0,31.5,26.8,23.1
09/12/1999,0.0,31.3,27.4,22.4
10/12/1999,0.0,30.0,25.9,23.3
11/12/1999,0.0,30.7,26.2,21.2
12/12/1999,0.0,30.8,27.0,23.4
13/12/1999,0.0,31.1,27.0,23.5
14/12/1999,0.0,31.3,25.7,22.5
15/12/1999,0.0,31.2,26.3,22.8
16/12/1999,0.0,31.9,27.2,21.2
17/12/1999,0.0,31.7,27.2,23.4
18/12/1999,0.0,31.6,27.1,23.6
19/12/1999,0.0,31.8,26.3,21.7
20/12/1999,0.0,31.5,27.0,22.6
21/12/1999,2.6,30.1,26.0,21.5
22/12/1999,21.5,27.7,24.7,22.0
23/12/1999,14.6,28.5,24.0,21.6
24/12/1999,53.0,28.1,24.9,21.5
25/12/1999,0.0,29.1,25.4,22.5
26/12/1999,0.0,30.0,26.4,23.6
27/12/1999,0.0,30.8,25.5,21.6
28/12/1999,0.0,29.5,23.7,20.5
29/12/1999,0.0,29.3,25.3,22.2
30/12/1999,2.0,29.1,25.7,22.5
31/12/1999,0.0,30.1,27.0,22.7
01/01/2000,39.6,29.7,25.3,22.1
02/01/2000,5.7,28.7,24.6,21.9
03/01/2000,23.6,26.3,22.9,21.5
04/01/2000,19.7,30.2,24.7,21.3
05/01/2000,0.0,29.9,24.8,22.1
06/01/2000,0.0,31.5,25.4,20.5
07/01/2000,0.0,28.7,25.0,22.3
08/01/2000,27.5,30.6,25.6,21.6
09/01/2000,0.0,29.6,24.9,22.5
10/01/2000,7.4,30.3,25.3,22.2
11/01/2000,0.0,30.8,25.5,23.1
12/01/2000,6.0,30.2,24.8,22.4
13/01/2000,3.8,26.9,23.3,21.7
14/01/2000,35.4,29.9,24.6,21.4
15/01/2000,1.6,27.5,24.2,21.6
16/01/2000,10.1,28.1,24.7,21.5
17/01/2000,19.1,28.0,24.5,22.5
18/01/2000,63.2,29.7,24.9,22.6
19/01/2000,21.4,27.7,24.0,20.8
20/01/2000,1.0,30.2,25.2,21.4
21/01/2000,3.5,29.6,25.2,21.7
22/01/2000,6.7,29.3,25.0,21.9
23/01/2000,0.6,30.8,25.7,21.9
24/01/2000,0.0,30.2,25.9,22.8
25/01/2000,29.8,29.8,25.1,22.4
26/01/2000,2.6,30.0,25.8,22.7
27/01/2000,0.0,30.3,25.7,22.3
28/01/2000,0.0,30.9,26.2,21.8
29/01/2000,0.0,30.4,26.4,23.6
30/01/2000,10.8,30.3,25.1,21.6
31/01/2000,4.8,29.7,25.3,22.1
01/02/2000,1.2,30.0,25.2,22.5
02/02/2000,0.7,28.8,24.5,21.8
03/02/2000,19.7,30.6,25.7,22.5
04/02/2000,1.8,30.3,25.2,22.1
05/02/2000,3.5,29.7,25.2,22.6
06/02/2000,0.3,29.1,25.5,22.4
07/02/2000,6.5,30.0,25.0,21.7
08/02/2000,0.0,30.1,25.9,22.6
09/02/2000,2.3,30.4,26.2,23.0
10/02/2000,19.1,29.5,25.5,22.3
11/02/2000,28.7,30.3,25.3,22.2
12/02/2000,0.8,29.1,25.0,22.1
13/02/2000,39.6,25.3,23.7,21.7
14/02/2000,3.0,27.9,24.8,21.6
15/02/2000,0.0,30.5,25.6,21.6
16/02/2000,14.2,29.8,25.1,22.3
17/02/2000,16.7,27.2,23.7,22.1
18/02/2000,13.0,29.9,24.6,21.5
19/02/2000,0.0,28.1,23.9,22.4
20/02/2000,57.8,28.9,24.8,21.5
21/02/2000,38.8,30.1,25.1,21.4
22/02/2000,13.0,29.5,24.5,21.3
23/02/2000,1.0,29.7,24.7,21.1
24/02/2000,3.8,30.7,25.5,21.5
25/02/2000,0.5,30.4,26.7,22.7
26/02/2000,42.0,27.2,23.1,20.6
27/02/2000,11.4,29.6,24.6,21.0
28/02/2000,25.8,30.2,25.6,22.1
29/02/2000,0.5,29.4,24.8,22.1
01/03/2000,1.0,31.1,25.8,22.7
02/03/2000,0.9,30.1,25.9,22.7
03/03/2000,0.3,30.5,26.4,23.0
04/03/2000,19.6,28.6,25.3,22.8
05/03/2000,5.3,29.7,25.2,22.7
06/03/2000,22.5,29.6,25.2,22.5
07/03/2000,2.2,28.1,25.0,22.4
08/03/2000,31.7,28.8,25.1,22.7
09/03/2000,16.6,28.9,25.3,22.3
10/03/2000,1.4,30.4,25.9,22.2
11/03/2000,0.0,30.2,25.5,22.7
12/03/2000,62.4,29.4,24.8,22.7
13/03/2000,1.2,30.1,26.2,21.5
14/03/2000,0.0,29.5,26.0,22.7
15/03/2000,0.6,29.9,25.2,22.3
16/03/2000,6.6,29.8,25.5,22.7
17/03/2000,2.0,29.5,25.4,22.7
18/03/2000,26.8,29.9,25.2,22.1
19/03/2000,5.7,29.1,25.1,22.1
20/03/2000,7.5,29.1,25.4,21.5
21/03/2000,2.5,28.6,24.9,22.0
22/03/2000,52.1,28.7,24.8,21.6
23/03/2000,6.8,30.2,25.4,21.5
24/03/2000,0.0,30.6,25.6,21.5
25/03/2000,36.3,28.1,24.7,20.9
26/03/2000,13.9,29.2,25.0,21.7
27/03/2000,0.0,30.2,25.4,22.0
28/03/2000,11.4,28.6,24.7,21.8
29/03/2000,17.2,29.4,24.9,22.1
30/03/2000,0.3,28.3,24.3,22.1
31/03/2000,41.5,30.1,25.8,21.9
01/04/2000,21.4,30.1,24.5,21.5
02/04/2000,43.4,29.8,25.3,21.8
03/04/2000,3.1,28.6,24.8,22.4
04/04/2000,0.0,29.7,25.2,22.1
05/04/2000,0.0,28.7,24.9,22.0
06/04/2000,32.2,27.1,24.5,21.7
07/04/2000,2.4,30.1,25.4,22.7
08/04/2000,3.9,30.5,26.3,22.8
09/04/2000,0.0,27.5,24.7,22.0
10/04/2000,49.6,29.1,25.2,22.4
11/04/2000,0.0,29.8,25.7,22.5
12/04/2000,25.4,30.3,25.4,21.5
13/04/2000,0.0,29.3,25.2,22.7
14/04/2000,0.3,29.5,25.6,23.3
15/04/2000,1.7,30.6,25.9,22.4
16/04/2000,0.0,29.6,25.2,22.7
17/04/2000,13.4,29.3,25.1,22.7
18/04/2000,0.0,30.3,25.5,22.5
19/04/2000,0.0,29.7,25.4,22.7
20/04/2000,0.0,28.8,25.2,22.5
21/04/2000,23.1,27.7,24.9,23.0
22/04/2000,9.8,30.7,25.5,21.6
23/04/2000,0.6,29.3,24.8,21.5
24/04/2000,47.1,29.1,25.2,21.5
25/04/2000,50.2,29.5,25.7,22.2
26/04/2000,11.5,29.5,25.3,21.8
27/04/2000,11.3,29.2,25.2,21.7
28/04/2000,11.3,29.5,25.5,22.7
29/04/2000,1.4,30.5,26.2,22.9
30/04/2000,3.0,30.1,25.4,22.5
01/05/2000,0.0,30.1,25.3,22.7
02/05/2000,0.5,29.8,25.7,22.4
03/05/2000,0.0,30.9,26.3,23.1
04/05/2000,0.0,29.4,25.6,23.5
05/05/2000,9.9,29.6,25.5,23.1
06/05/2000,0.2,30.3,26.5,22.9
07/05/2000,0.0,29.1,25.4,22.9
08/05/2000,0.0,30.6,26.5,22.8
09/05/2000,17.3,30.3,25.3,21.8
10/05/2000,0.0,30.3,25.5,22.5
11/05/2000,0.0,29.6,25.0,22.4
12/05/2000,2.9,29.2,25.7,22.1
13/05/2000,2.8,30.1,25.8,22.5
14/05/2000,0.0,30.4,25.6,22.6
15/05/2000,0.0,29.6,25.6,22.6
16/05/2000,0.0,29.7,25.8,22.8
17/05/2000,24.7,29.3,25.1,22.4
18/05/2000,0.0,29.1,25.3,22.9
19/05/2000,5.3,30.1,24.9,23.4
20/05/2000,37.1,28.9,25.0,22.8
21/05/2000,2.0,30.1,25.6,22.2
22/05/2000,10.3,29.4,25.2,23.0
23/05/2000,13.8,29.6,25.3,22.0
24/05/2000,1.0,30.1,25.6,21.5
25/05/2000,0.5,30.0,25.9,22.9
26/05/2000,0.6,30.9,26.1,21.8
27/05/2000,0.0,31.0,26.7,22.8
28/05/2000,0.7,30.3,26.1,23.6
29/05/2000,5.4,30.1,24.9,22.2
30/05/2000,14.7,30.1,26.0,22.5
31/05/2000,0.0,30.3,26.5,23.4
01/06/2000,4.2,29.5,25.9,23.6
02/06/2000,26.0,29.3,24.8,21.7
03/06/2000,0.0,30.3,25.8,21.1
04/06/2000,0.0,29.8,25.0,21.3
05/06/2000,8.5,29.1,25.7,22.5
06/06/2000,2.8,30.1,25.0,21.5
07/06/2000,0.0,30.9,25.8,21.0
08/06/2000,0.0,31.2,26.0,20.3
09/06/2000,0.0,30.7,26.0,22.1
10/06/2000,0.0,29.4,24.9,22.3
11/06/2000,0.3,29.8,24.5,21.5
12/06/2000,3.5,30.1,25.5,22.7
13/06/2000,0.0,30.2,25.8,22.0
14/06/2000,0.0,30.4,25.6,22.8
15/06/2000,3.7,29.7,25.1,22.1
16/06/2000,0.0,29.5,25.0,22.3
17/06/2000,2.5,29.1,24.6,21.5
18/06/2000,5.8,30.1,24.7,21.5
19/06/2000,32.0,30.1,24.8,21.1
20/06/2000,21.7,30.5,26.2,21.9
21/06/2000,8.0,31.1,26.0,22.4
22/06/2000,5.2,30.0,25.3,21.9
23/06/2000,4.5,28.1,24.9,21.9
24/06/2000,3.6,29.1,25.0,22.7
25/06/2000,0.0,29.2,25.2,22.5
26/06/2000,0.0,29.8,25.9,21.8
27/06/2000,0.0,30.2,25.8,21.5
28/06/2000,0.0,29.4,25.1,22.1
29/06/2000,3.3,30.1,25.4,21.5
30/06/2000,0.3,30.1,25.7,22.7
01/07/2000,0.0,29.7,25.4,22.5
02/07/2000,0.0,28.8,24.9,22.4
03/07/2000,8.5,29.4,24.7,21.3
04/07/2000,1.6,30.8,25.7,21.5
05/07/2000,0.0,29.7,24.7,21.5
06/07/2000,15.1,29.3,26.1,21.9
07/07/2000,36.6,30.4,25.6,22.3
08/07/2000,1.1,29.4,24.9,22.0
09/07/2000,1.2,30.3,25.6,22.3
10/07/2000,0.0,30.5,25.5,21.0
11/07/2000,13.4,28.5,23.7,21.5
12/07/2000,32.0,29.1,24.6,20.5
13/07/2000,0.5,28.1,24.6,22.7
14/07/2000,9.9,29.8,24.6,21.9
15/07/2000,0.0,29.3,24.6,22.5
16/07/2000,0.6,29.9,25.4,22.3
17/07/2000,0.0,30.3,25.1,22.3
18/07/2000,0.0,29.5,25.0,22.0
19/07/2000,8.2,29.1,25.2,21.5
20/07/2000,26.8,29.8,24.3,21.5
21/07/2000,0.0,30.1,25.8,20.5
22/07/2000,0.3,31.1,25.6,22.5
23/07/2000,0.0,30.0,25.1,21.4
24/07/2000,8.4,29.4,24.6,21.0
25/07/2000,0.0,31.1,26.1,21.1
26/07/2000,0.0,30.3,25.6,21.3
27/07/2000,0.6,31.1,26.0,21.5
28/07/2000,0.0,31.1,25.0,21.5
29/07/2000,2.2,31.3,25.3,21.5
30/07/2000,0.0,31.1,25.9,22.1
31/07/2000,0.0,30.3,25.7,22.1
01/08/2000,0.5,31.6,26.2,21.0
02/08/2000,0.0,30.0,25.3,21.5
03/08/2000,4.2,30.1,26.1,21.9
04/08/2000,3.0,29.4,24.9,21.7
05/08/2000,4.1,30.5,25.4,21.1
06/08/2000,0.0,30.8,25.8,21.6
07/08/2000,0.0,31.0,26.3,21.3
08/08/2000,0.0,30.9,25.5,21.0
09/08/2000,4.5,30.6,26.4,22.6
10/08/2000,0.0,30.1,25.6,21.4
11/08/2000,0.0,32.0,25.4,21.7
12/08/2000,0.0,30.1,25.4,22.4
13/08/2000,6.1,30.1,25.3,22.7
14/08/2000,0.5,30.7,25.4,21.7
15/08/2000,7.9,30.2,25.6,21.6
16/08/2000,0.5,30.7,25.7,21.3
17/08/2000,0.4,31.1,25.8,21.3
18/08/2000,0.0,30.2,25.5,21.9
19/08/2000,0.0,31.1,26.0,21.5
20/08/2000,0.0,31.6,26.1,20.9
21/08/2000,0.0,31.6,26.7,21.6
22/08/2000,1.6,30.3,25.8,22.1
23/08/2000,0.0,31.1,25.9,22.3
24/08/2000,0.0,31.1,26.4,22.5
25/08/2000,0.0,31.1,27.1,22.7
26/08/2000,9.5,30.5,25.6,22.2
27/08/2000,0.0,31.0,26.0,21.9
28/08/2000,0.0,31.3,26.2,22.1
29/08/2000,0.0,31.1,25.5,22.3
30/08/2000,0.0,31.6,26.5,22.4
31/08/2000,0.4,30.4,26.1,22.9
01/09/2000,0.0,31.4,25.7,21.9
02/09/2000,3.2,30.8,26.3,21.9
03/09/2000,0.0,31.6,25.8,21.1
04/09/2000,0.0,31.4,25.9,21.7
05/09/2000,0.0,32.0,26.1,20.6
06/09/2000,0.1,31.0,26.1,23.5
07/09/2000,21.2,31.8,25.8,22.1
08/09/2000,0.0,32.2,26.4,21.8
09/09/2000,0.0,31.5,26.6,22.5
10/09/2000,0.0,31.5,26.1,21.5
11/09/2000,0.0,32.2,26.7,21.4
12/09/2000,0.0,31.5,26.0,22.9
13/09/2000,0.0,32.6,27.0,21.8
14/09/2000,0.0,32.3,26.6,22.6
15/09/2000,0.0,31.3,26.5,22.8
16/09/2000,0.0,30.7,25.2,22.5
17/09/2000,0.0,31.3,24.7,20.3
18/09/2000,11.0,31.4,25.9,21.2
19/09/2000,17.8,30.1,24.6,21.5
20/09/2000,0.0,31.1,25.2,22.7
21/09/2000,0.0,32.4,26.4,21.1
22/09/2000,0.0,32.2,27.3,21.9
23/09/2000,0.0,32.0,27.1,22.7
24/09/2000,0.0,32.1,26.5,22.7
25/09/2000,0.0,32.3,27.2,22.1
26/09/2000,0.0,32.2,27.4,23.8
27/09/2000,0.0,31.7,26.8,23.1
28/09/2000,3.2,30.3,25.1,22.9
29/09/2000,7.6,26.5,24.2,21.7
30/09/2000,5.8,31.8,25.6,21.5
01/10/2000,18.8,27.1,22.9,21.2
02/10/2000,8.4,30.3,25.8,21.0
03/10/2000,0.0,31.4,26.7,22.0
04/10/2000,0.0,32.2,27.0,21.4
05/10/2000,0.0,29.2,25.5,21.7
06/10/2000,0.0,31.2,26.6,22.7
07/10/2000,0.0,31.6,27.0,21.9
08/10/2000,0.0,32.1,27.4,23.4
09/10/2000,0.0,31.4,27.0,22.5
10/10/2000,0.0,31.4,26.7,22.1
11/10/2000,0.0,32.2,26.3,21.7
12/10/2000,0.0,31.5,26.6,22.1
13/10/2000,0.0,32.3,27.0,21.8
14/10/2000,0.0,31.9,26.9,23.0
15/10/2000,0.0,32.3,27.2,21.7
16/10/2000,0.0,32.0,27.9,22.7
17/10/2000,0.0,31.5,26.5,21.7
18/10/2000,0.0,31.9,26.5,21.6
19/10/2000,4.4,31.4,26.8,23.8
20/10/2000,0.0,31.8,27.3,23.6
21/10/2000,0.0,31.3,27.1,22.9
22/10/2000,0.0,31.3,27.3,23.5
23/10/2000,0.0,31.6,26.4,22.1
24/10/2000,0.0,30.3,26.2,23.5
25/10/2000,0.0,31.1,26.3,22.4
26/10/2000,0.0,32.3,27.4,22.4
27/10/2000,0.0,32.0,26.9,22.7
28/10/2000,0.0,32.2,26.8,22.7
29/10/2000,0.0,29.7,25.9,23.6
30/10/2000,0.0,30.8,25.6,22.5
31/10/2000,0.0,32.6,27.0,22.0
01/11/2000,0.0,32.0,27.1,23.2
02/11/2000,0.0,31.4,27.6,23.2
03/11/2000,0.0,32.5,27.1,22.5
04/11/2000,0.0,32.6,26.3,23.0
05/11/2000,0.0,31.0,26.2,23.1
06/11/2000,0.0,31.7,26.7,22.8
07/11/2000,0.0,31.2,26.0,22.1
08/11/2000,0.0,32.3,27.1,22.1
09/11/2000,0.0,32.0,27.7,22.7
10/11/2000,19.1,28.6,24.0,21.4
11/11/2000,3.1,30.2,24.9,21.4
12/11/2000,0.0,31.2,26.1,21.6
13/11/2000,0.0,32.0,26.5,22.2
14/11/2000,0.0,31.9,28.0,22.7
15/11/2000,56.0,29.2,25.1,21.5
16/11/2000,0.0,31.2,25.3,21.6
17/11/2000,0.0,29.8,25.2,21.9
18/11/2000,0.0,31.0,25.7,21.8
19/11/2000,0.0,31.4,26.2,22.0
20/11/2000,0.0,31.7,27.5,21.8
21/11/2000,0.0,30.3,26.9,22.7
22/11/2000,0.0,30.5,26.4,23.1
23/11/2000,0.0,30.1,25.8,22.9
24/11/2000,0.0,31.8,26.2,21.8
25/11/2000,0.0,31.9,26.2,21.9
26/11/2000,0.0,31.7,26.7,22.7
27/11/2000,0.0,30.8,26.5,22.7
28/11/2000,0.0,31.3,27.3,22.7
29/11/2000,0.0,30.3,26.5,23.5
30/11/2000,0.0,31.7,26.4,22.0
01/12/2000,0.0,31.9,26.5,22.0
02/12/2000,0.0,31.2,26.5,22.7
03/12/2000,0.0,31.3,25.9,22.7
04/12/2000,0.0,31.7,26.1,23.5
05/12/2000,0.0,31.0,26.3,23.3
06/12/2000,0.0,31.6,26.3,23.0
07/12/2000,0.0,31.9,26.6,22.6
08/12/2000,0.0,31.2,26.7,22.9
09/12/2000,0.0,32.3,26.7,22.6
10/12/2000,0.0,31.1,26.0,24.0
11/12/2000,0.0,30.7,26.5,23.4
12/12/2000,0.0,32.2,27.2,22.8
13/12/2000,0.0,31.0,26.4,23.2
14/12/2000,0.0,31.1,27.5,23.2
15/12/2000,0.0,29.7,26.1,23.3
16/12/2000,0.0,30.4,25.6,23.1
17/12/2000,33.2,29.3,24.2,20.9
18/12/2000,33.7,28.9,24.7,20.7
19/12/2000,1.5,30.4,24.6,20.4
20/12/2000,23.0,30.3,26.1,22.5
21/12/2000,0.0,31.1,26.5,22.7
22/12/2000,0.0,29.8,25.9,23.0
23/12/2000,0.0,31.2,26.0,23.1
24/12/2000,0.0,30.8,26.3,22.5
25/12/2000,0.0,29.2,25.7,23.2
26/12/2000,0.7,30.5,26.1,22.5
27/12/2000,0.0,30.3,26.6,22.9
28/12/2000,0.0,30.7,26.3,22.7
29/12/2000,0.0,30.4,25.6,22.5
30/12/2000,0.0,30.8,26.1,23.0
31/12/2000,0.0,30.8,25.8,23.2
01/01/2001,0.0,29.7,25.6,22.4
02/01/2001,18.6,29.1,24.5,21.7
03/01/2001,0.6,30.8,25.2,22.3
04/01/2001,0.0,29.8,25.3,23.0
05/01/2001,18.4,29.1,25.2,22.7
06/01/2001,13.4,30.3,25.4,22.5
07/01/2001,38.0,28.2,24.5,20.7
08/01/2001,3.4,30.4,25.6,22.0
09/01/2001,40.2,28.9,24.9,22.3
10/01/2001,20.4,28.7,24.0,21.1
11/01/2001,3.1,25.4,23.1,21.9
12/01/2001,55.5,27.6,24.3,21.3
13/01/2001,4.2,29.5,24.7,22.5
14/01/2001,0.8,28.9,24.4,21.5
15/01/2001,42.7,28.2,24.5,21.4
16/01/2001,2.5,29.2,25.0,21.9
17/01/2001,8.3,29.5,25.0,22.1
18/01/2001,10.2,29.2,24.8,22.3
19/01/2001,35.2,25.9,23.9,21.2
20/01/2001,21.5,28.0,24.6,21.1
21/01/2001,26.2,28.8,23.9,21.1
22/01/2001,13.1,29.2,24.8,21.2
23/01/2001,11.1,29.2,24.3,21.1
24/01/2001,19.5,28.7,24.7,21.1
25/01/2001,15.2,28.7,24.9,22.5
26/01/2001,5.3,29.9,25.7,22.6
27/01/2001,0.3,30.7,26.0,21.2
28/01/2001,0.0,31.0,26.5,22.0
29/01/2001,3.5,29.1,25.6,22.5
30/01/2001,9.2,30.3,25.2,21.2
31/01/2001,15.3,27.4,24.1,21.8
01/02/2001,3.7,28.1,24.2,21.5
02/02/2001,23.8,29.7,25.1,21.9
03/02/2001,57.1,28.7,24.3,21.9
04/02/2001,11.0,29.3,24.6,21.5
05/02/2001,8.3,29.2,25.3,21.6
06/02/2001,0.0,30.4,25.7,21.0
07/02/2001,5.6,30.0,25.8,21.9
08/02/2001,0.0,30.3,26.3,22.5
09/02/2001,0.0,31.5,25.8,21.7
10/02/2001,18.2,29.5,25.1,22.1
11/02/2001,4.2,29.4,24.9,21.8
12/02/2001,0.0,29.6,25.2,21.8
13/02/2001,3.8,30.3,26.3,22.5
14/02/2001,7.5,29.1,25.5,22.5
15/02/2001,48.3,28.9,24.5,21.6
16/02/2001,5.7,29.3,25.1,21.8
17/02/2001,10.0,29.8,25.2,21.8
18/02/2001,0.0,30.2,25.7,21.8
19/02/2001,0.0,29.7,26.1,22.6
20/02/2001,0.5,30.1,25.2,22.1
21/02/2001,67.3,28.3,24.3,22.3
22/02/2001,65.9,29.7,24.6,21.5
23/02/2001,0.3,30.4,24.0,21.6
24/02/2001,3.4,29.2,24.6,20.6
25/02/2001,0.0,31.1,24.6,21.4
26/02/2001,0.4,30.0,23.9,21.5
27/02/2001,2.6,29.7,24.8,21.9
28/02/2001,12.7,29.5,25.0,21.7
01/03/2001,11.3,28.7,24.2,21.8
02/03/2001,8.4,29.1,24.6,22.1
03/03/2001,1.1,27.2,24.5,22.3
04/03/2001,0.3,30.3,25.6,22.7
05/03/2001,0.0,30.1,25.4,22.5
06/03/2001,3.1,30.5,25.9,22.4
07/03/2001,0.0,29.6,24.8,22.0
08/03/2001,12.6,30.2,26.6,22.8
09/03/2001,0.0,30.1,25.0,22.3
10/03/2001,5.7,29.7,25.5,22.5
11/03/2001,0.0,30.3,25.4,21.7
12/03/2001,0.0,29.8,24.7,21.4
13/03/2001,1.4,29.7,25.5,21.4
14/03/2001,0.0,30.8,26.6,22.7
15/03/2001,0.0,30.2,25.4,22.5
16/03/2001,0.5,28.1,24.3,21.7
17/03/2001,24.3,28.1,24.4,22.0
18/03/2001,0.0,28.9,24.5,22.1
19/03/2001,8.1,30.2,25.4,22.1
20/03/2001,0.0,30.3,25.7,22.0
21/03/2001,0.0,30.1,25.6,22.7
22/03/2001,0.3,30.1,26.1,22.6
23/03/2001,0.8,30.5,25.8,23.0
24/03/2001,0.0,30.3,25.6,22.7
25/03/2001,2.0,30.3,25.7,22.5
26/03/2001,8.9,29.6,25.3,22.4
27/03/2001,2.7,29.8,25.3,22.5
28/03/2001,6.0,29.1,25.8,22.5
29/03/2001,35.4,28.5,24.7,22.7
30/03/2001,3.0,28.3,24.7,21.4
31/03/2001,33.2,30.2,25.5,20.6
01/04/2001,1.3,30.6,25.2,21.6
02/04/2001,30.0,30.1,24.7,22.0
03/04/2001,4.0,30.3,25.3,22.5
04/04/2001,10.3,29.6,25.1,22.5
05/04/2001,2.4,29.9,25.4,22.5
06/04/2001,1.8,29.0,25.4,22.6
07/04/2001,23.8,30.2,25.2,22.0
08/04/2001,3.2,30.1,25.6,22.5
09/04/2001,7.1,28.1,24.0,22.1
10/04/2001,33.9,29.7,25.4,22.4
11/04/2001,28.4,29.3,25.0,22.3
12/04/2001,2.8,30.4,26.0,22.3
13/04/2001,2.4,28.0,25.1,22.9
14/04/2001,12.9,29.1,25.5,22.5
15/04/2001,2.2,28.8,24.9,22.1
16/04/2001,44.4,28.6,24.4,22.3
17/04/2001,4.7,30.6,26.0,22.5
18/04/2001,3.3,29.5,25.0,22.1
19/04/2001,6.1,29.2,25.2,22.0
20/04/2001,1.0,30.3,26.0,22.7
21/04/2001,27.2,29.1,24.9,21.9
22/04/2001,3.4,29.7,25.3,22.4
23/04/2001,9.5,29.4,25.2,22.3
24/04/2001,0.0,31.0,26.5,22.9
25/04/2001,3.1,28.2,24.8,22.4
26/04/2001,14.9,30.3,25.9,22.5
27/04/2001,0.0,30.3,24.9,22.7
28/04/2001,0.0,30.1,25.4,22.5
29/04/2001,2.0,29.7,25.0,22.3
30/04/2001,0.0,29.4,25.6,22.3
01/05/2001,0.0,28.8,24.9,22.3
02/05/2001,3.2,29.1,25.4,23.5
03/05/2001,8.7,30.1,26.0,22.5
04/05/2001,0.8,29.1,24.5,22.6
05/05/2001,11.5,29.3,24.9,22.4
06/05/2001,7.4,28.6,24.9,22.0
07/05/2001,41.5,30.7,26.4,22.6
08/05/2001,0.5,29.1,25.1,22.7
09/05/2001,6.6,30.3,25.4,22.7
10/05/2001,0.0,30.7,26.4,22.9
11/05/2001,14.4,28.8,24.8,22.5
12/05/2001,6.3,29.2,25.0,21.6
13/05/2001,0.7,30.5,26.4,22.8
14/05/2001,0.0,31.1,26.2,22.1
15/05/2001,0.0,31.1,25.8,21.7
16/05/2001,4.8,30.7,25.4,22.4
17/05/2001,0.7,30.9,26.1,22.3
18/05/2001,2.8,31.1,26.6,22.5
19/05/2001,0.0,31.2,26.7,23.3
20/05/2001,0.0,31.1,25.7,22.4
21/05/2001,5.2,30.3,25.4,22.7
22/05/2001,0.6,30.7,26.2,22.6
23/05/2001,0.0,30.9,26.2,22.0
24/05/2001,0.0,29.0,25.0,22.2
25/05/2001,0.0,30.8,26.2,22.4
26/05/2001,0.0,30.1,25.7,22.7
27/05/2001,1.8,30.1,25.3,21.5
28/05/2001,0.0,30.2,25.4,21.7
29/05/2001,5.4,31.1,26.0,21.6
30/05/2001,0.0,30.5,25.5,21.8
31/05/2001,0.0,30.9,26.2,21.6
01/06/2001,5.5,30.1,25.8,22.5
02/06/2001,0.0,29.1,25.1,22.5
03/06/2001,25.8,28.8,24.8,22.5
04/06/2001,25.8,29.6,24.2,21.0
05/06/2001,0.0,30.4,24.8,20.8
06/06/2001,0.0,29.4,25.0,22.4
07/06/2001,18.1,29.7,24.4,22.5
08/06/2001,0.0,30.1,24.6,22.5
09/06/2001,1.6,29.7,25.0,21.5
10/06/2001,3.1,30.3,25.6,22.5
11/06/2001,9.5,29.7,24.7,21.6
12/06/2001,0.9,29.5,24.9,22.4
13/06/2001,0.0,29.1,24.4,21.5
14/06/2001,16.4,30.3,25.7,22.5
15/06/2001,8.0,29.4,25.0,22.5
16/06/2001,30.4,29.9,25.3,22.4
17/06/2001,3.2,30.4,25.8,22.6
18/06/2001,0.7,30.4,26.1,22.0
19/06/2001,0.0,30.2,25.1,21.5
20/06/2001,0.0,28.3,24.4,21.5
21/06/2001,6.8,29.1,24.7,22.1
22/06/2001,0.0,29.3,24.7,22.0
23/06/2001,0.3,25.4,23.7,22.3
24/06/2001,8.1,28.7,24.4,22.1
25/06/2001,14.7,29.2,24.1,21.7
26/06/2001,1.3,30.1,24.8,21.5
27/06/2001,5.8,30.3,25.3,21.4
28/06/2001,16.3,29.7,25.1,21.6
29/06/2001,0.0,29.9,24.7,21.4
30/06/2001,1.0,30.2,25.7,21.2
01/07/2001,0.0,29.5,25.5,22.3
02/07/2001,0.0,29.1,24.0,21.5
03/07/2001,0.2,31.1,25.9,22.5
04/07/2001,0.0,30.2,25.0,21.8
05/07/2001,3.2,30.5,25.2,21.5
06/07/2001,0.0,30.4,25.7,21.6
07/07/2001,2.6,30.2,25.3,21.5
08/07/2001,0.0,30.1,25.7,22.4
09/07/2001,0.0,30.5,26.2,22.1
10/07/2001,0.0,31.1,25.6,21.5
11/07/2001,7.6,29.3,24.5,21.7
12/07/2001,9.5,30.7,25.6,21.9
13/07/2001,1.6,30.1,25.0,21.5
14/07/2001,0.0,30.1,24.3,21.5
15/07/2001,2.8,30.3,25.1,21.3
16/07/2001,0.3,30.4,25.9,21.3
17/07/2001,0.0,30.3,25.0,20.7
18/07/2001,0.0,29.8,25.1,22.5
19/07/2001,0.0,30.2,25.0,21.0
20/07/2001,0.0,31.1,25.6,21.5
21/07/2001,0.0,30.5,25.4,20.7
22/07/2001,0.2,30.3,25.2,20.7
23/07/2001,2.4,30.7,25.8,21.3
24/07/2001,0.0,30.3,25.2,21.3
25/07/2001,0.0,30.7,24.4,21.7
26/07/2001,18.6,31.1,23.8,20.3
27/07/2001,0.0,29.9,24.7,21.6
28/07/2001,17.9,30.4,25.1,21.4
29/07/2001,0.0,30.9,25.5,20.7
30/07/2001,0.0,31.1,25.1,20.9
31/07/2001,0.0,31.3,25.4,21.6
01/08/2001,0.0,30.7,25.5,21.0
02/08/2001,0.0,31.3,25.5,22.1
03/08/2001,0.0,31.5,25.3,21.5
04/08/2001,0.0,31.6,25.3,21.6
05/08/2001,0.0,31.9,25.4,21.7
06/08/2001,0.0,32.1,26.0,22.0
07/08/2001,0.0,32.7,25.7,21.9
08/08/2001,0.0,31.3,25.4,21.5
09/08/2001,0.0,31.1,25.2,21.6
10/08/2001,0.0,32.4,25.6,21.2
11/08/2001,4.3,31.3,25.4,21.1
12/08/2001,0.0,31.5,26.4,22.7
13/08/2001,0.0,30.7,25.7,21.9
14/08/2001,0.0,32.5,26.2,21.9
15/08/2001,0.0,32.2,26.9,22.6
16/08/2001,0.0,32.1,26.0,22.7
17/08/2001,0.0,33.0,26.6,20.6
18/08/2001,0.0,32.8,26.7,22.0
19/08/2001,0.0,31.8,26.0,22.1
20/08/2001,0.0,32.1,26.3,22.1
21/08/2001,1.1,32.1,26.5,22.1
22/08/2001,0.0,30.9,26.0,22.9
23/08/2001,0.0,31.4,25.8,22.5
24/08/2001,0.0,32.7,27.1,22.9
25/08/2001,0.0,31.8,25.9,21.7
26/08/2001,0.0,31.5,26.0,22.7
27/08/2001,0.0,31.6,25.9,21.7
28/08/2001,0.0,32.3,26.8,21.7
29/08/2001,0.0,32.5,26.5,22.7
30/08/2001,0.0,31.9,26.1,21.9
31/08/2001,0.0,31.2,25.5,21.9
01/09/2001,1.8,32.0,26.1,21.7
02/09/2001,0.0,31.6,26.6,22.5
03/09/2001,0.0,31.1,26.1,22.2
04/09/2001,0.0,31.5,25.7,21.5
05/09/2001,0.0,32.7,26.5,22.8
06/09/2001,0.0,32.5,27.4,22.5
07/09/2001,0.0,29.4,25.0,22.9
08/09/2001,2.0,27.0,24.4,23.1
09/09/2001,6.2,29.6,25.1,22.3
10/09/2001,1.7,31.4,26.2,22.0
11/09/2001,0.0,33.3,26.7,22.0
12/09/2001,0.0,32.9,26.9,22.5
13/09/2001,0.0,32.0,26.1,23.1
14/09/2001,0.0,31.8,26.3,22.1
15/09/2001,0.0,33.3,25.6,21.2
16/09/2001,0.0,33.7,25.3,19.5
17/09/2001,0.0,32.0,26.5,22.5
18/09/2001,0.0,29.9,25.4,22.1
19/09/2001,4.1,32.7,24.7,21.5
20/09/2001,5.0,31.3,26.1,22.0
21/09/2001,0.0,31.9,25.8,21.7
22/09/2001,0.0,32.0,26.5,22.5
23/09/2001,0.0,32.1,26.6,22.9
24/09/2001,0.0,33.1,26.8,22.3
25/09/2001,0.7,32.2,26.5,21.9
26/09/2001,0.0,32.2,26.4,22.7
27/09/2001,0.0,32.9,27.2,22.9
28/09/2001,0.0,32.3,27.0,23.0
29/09/2001,0.0,32.4,26.5,22.7
30/09/2001,0.0,34.1,27.1,22.5
01/10/2001,0.0,33.5,27.0,22.0
02/10/2001,0.0,33.1,27.4,23.2
03/10/2001,0.0,33.0,27.1,22.7
04/10/2001,0.0,33.2,27.0,22.1
05/10/2001,0.0,34.4,27.9,22.7
06/10/2001,0.0,34.3,27.3,22.7
07/10/2001,0.0,32.9,26.8,22.7
08/10/2001,0.0,34.0,27.8,22.7
09/10/2001,0.0,33.4,27.7,22.8
10/10/2001,0.0,34.4,27.9,23.3
11/10/2001,0.0,33.0,27.3,23.7
12/10/2001,0.0,33.0,27.8,23.3
13/10/2001,0.0,32.1,26.4,23.7
14/10/2001,0.0,30.4,26.2,23.6
15/10/2001,2.3,32.7,27.0,22.6
16/10/2001,0.0,32.2,26.4,22.5
17/10/2001,0.0,33.0,26.7,22.1
18/10/2001,0.0,33.6,27.2,21.7
19/10/2001,0.0,32.5,27.2,23.4
20/10/2001,0.0,33.2,27.7,23.9
21/10/2001,0.0,33.8,28.1,23.8
22/10/2001,0.0,33.1,27.6,23.4
23/10/2001,0.0,34.3,27.9,22.5
24/10/2001,0.0,34.2,28.1,24.5
25/10/2001,0.0,33.9,27.5,23.4
26/10/2001,25.9,31.0,26.2,22.5
27/10/2001,0.0,33.5,26.8,21.9
28/10/2001,0.0,32.9,26.9,22.0
29/10/2001,0.0,33.0,27.7,23.7
30/10/2001,3.2,32.1,27.2,23.5
31/10/2001,0.0,31.5,26.9,24.4
01/11/2001,23.3,30.3,25.2,22.0
02/11/2001,0.0,32.3,26.0,21.7
03/11/2001,0.0,32.8,26.8,22.4
04/11/2001,0.0,32.5,27.6,23.7
05/11/2001,0.0,32.7,27.3,23.6
06/11/2001,0.0,32.8,27.4,24.6
07/11/2001,0.0,33.5,27.7,23.5
08/11/2001,0.0,32.0,27.7,24.8
09/11/2001,0.0,33.3,27.4,22.9
10/11/2001,0.0,32.2,26.9,23.5
11/11/2001,0.0,33.1,27.2,22.5
12/11/2001,0.0,32.7,27.4,23.6
13/11/2001,0.0,33.8,28.0,23.5
14/11/2001,0.0,33.4,27.8,23.6
15/11/2001,0.0,33.7,28.3,23.9
16/11/2001,0.0,32.5,27.9,23.5
17/11/2001,0.0,32.3,27.6,24.0
18/11/2001,0.0,32.7,27.3,23.6
19/11/2001,0.0,32.3,27.1,23.5
20/11/2001,0.0,33.8,27.9,23.4
21/11/2001,0.0,34.2,28.3,24.0
22/11/2001,0.0,33.4,27.6,23.6
23/11/2001,0.0,33.2,27.7,23.5
24/11/2001,0.0,33.4,27.9,24.0
25/11/2001,0.0,33.1,27.7,24.3
26/11/2001,0.0,33.4,28.2,24.0
27/11/2001,0.0,33.7,27.6,22.8
28/11/2001,0.0,33.7,27.7,23.5
29/11/2001,0.0,29.1,25.7,23.5
30/11/2001,0.0,32.3,26.7,23.3
01/12/2001,0.0,33.5,27.1,23.1
02/12/2001,0.0,33.0,27.4,23.6
03/12/2001,0.0,33.4,26.7,22.3
04/12/2001,0.0,32.1,26.9,22.7
05/12/2001,0.0,33.2,27.8,22.9
06/12/2001,0.0,33.3,27.5,23.6
07/12/2001,0.0,32.5,27.8,24.3
08/12/2001,0.0,33.0,27.7,23.4
09/12/2001,0.0,31.0,26.2,24.0
10/12/2001,1.5,32.2,27.3,22.5
11/12/2001,0.0,32.6,27.3,22.5
12/12/2001,0.0,32.7,27.6,24.3
13/12/2001,0.0,33.4,28.1,24.4
14/12/2001,0.0,32.7,28.0,24.5
15/12/2001,0.0,33.6,28.3,24.9
16/12/2001,0.0,33.1,28.0,23.2
17/12/2001,0.9,33.1,28.1,23.3
18/12/2001,0.0,31.9,27.4,23.6
19/12/2001,0.0,33.1,27.6,23.5
20/12/2001,0.0,32.9,27.6,23.8
21/12/2001,0.0,34.3,28.6,24.5
22/12/2001,0.0,33.8,28.0,23.7
23/12/2001,0.0,33.1,27.6,23.7
24/12/2001,0.0,31.4,27.2,23.5
25/12/2001,0.0,33.2,27.7,23.7
26/12/2001,0.0,33.9,28.6,23.9
27/12/2001,0.0,34.0,28.2,24.6
28/12/2001,0.0,33.3,27.9,23.5
29/12/2001,0.0,33.1,27.7,23.9
30/12/2001,1.1,33.5,28.0,23.5
31/12/2001,0.0,33.3,27.9,23.3
01/01/2002,0.0,35.2,28.8,23.7
02/01/2002,0.0,32.2,28.2,25.3
03/01/2002,28.0,29.9,25.2,23.0
04/01/2002,11.4,30.5,25.9,23.4
05/01/2002,39.4,31.0,26.0,23.0
06/01/2002,30.0,27.0,24.3,22.4
07/01/2002,23.8,27.3,24.7,22.3
08/01/2002,14.9,28.4,24.3,21.5
09/01/2002,0.0,31.0,25.9,21.3
10/01/2002,18.3,31.7,26.3,23.0
11/01/2002,7.4,30.1,25.7,23.0
12/01/2002,0.0,31.3,26.4,23.5
13/01/2002,2.6,29.7,25.5,23.0
14/01/2002,55.0,31.1,26.2,23.0
15/01/2002,35.3,28.2,24.5,21.5
16/01/2002,22.4,26.9,23.5,21.4
17/01/2002,21.7,31.4,25.6,21.1
18/01/2002,0.0,32.6,27.2,22.5
19/01/2002,2.7,30.3,26.3,22.4
20/01/2002,1.8,28.1,23.1,21.4
21/01/2002,33.0,29.6,24.9,21.3
22/01/2002,0.6,30.8,25.7,21.5
23/01/2002,0.0,30.9,25.8,22.8
24/01/2002,0.0,30.7,26.4,23.6
25/01/2002,0.0,30.6,26.2,23.5
26/01/2002,0.0,30.0,26.1,23.7
27/01/2002,0.0,30.4,26.4,23.6
28/01/2002,0.0,30.1,26.1,23.5
29/01/2002,0.0,31.8,26.5,22.5
30/01/2002,0.0,31.4,26.1,22.5
31/01/2002,0.8,31.4,26.3,22.7
01/02/2002,0.0,31.1,26.4,23.5
02/02/2002,0.4,31.1,26.2,22.7
03/02/2002,0.4,30.7,26.1,23.0
04/02/2002,0.0,31.7,27.0,23.3
05/02/2002,10.2,31.0,26.3,23.1
06/02/2002,0.0,31.4,25.9,23.0
07/02/2002,0.0,30.1,26.6,23.7
08/02/2002,27.4,27.8,24.1,22.9
09/02/2002,10.2,29.7,24.7,22.0
10/02/2002,0.0,31.2,26.2,22.3
11/02/2002,17.2,27.5,23.7,22.2
12/02/2002,8.1,29.4,24.8,22.8
13/02/2002,17.4,30.1,25.8,22.7
14/02/2002,0.0,30.1,26.6,23.5
15/02/2002,12.2,29.7,25.2,22.3
16/02/2002,10.2,31.3,26.0,22.4
17/02/2002,17.5,29.6,26.1,22.7
18/02/2002,5.0,31.2,26.4,23.2
19/02/2002,0.0,30.1,26.1,23.3
20/02/2002,43.2,30.1,25.6,22.5
21/02/2002,5.4,29.7,26.0,23.5
22/02/2002,1.7,31.3,26.8,23.3
23/02/2002,0.0,31.6,27.3,23.6
24/02/2002,0.0,31.1,26.2,23.2
25/02/2002,0.0,31.1,26.8,23.5
26/02/2002,7.4,30.7,26.5,23.5
27/02/2002,0.7,30.1,26.2,23.3
28/02/2002,0.0,30.7,26.1,23.1
01/03/2002,0.0,31.3,25.6,23.0
02/03/2002,10.9,29.7,25.6,23.1
03/03/2002,0.0,27.1,24.3,22.7
04/03/2002,1.1,28.1,24.3,22.7
05/03/2002,2.6,29.5,25.0,22.5
06/03/2002,15.8,27.7,24.5,22.0
07/03/2002,1.0,31.1,25.5,22.1
08/03/2002,0.3,31.3,25.8,22.8
09/03/2002,0.0,30.1,25.4,23.5
10/03/2002,58.8,30.7,25.6,22.9
11/03/2002,0.5,28.7,24.8,22.5
12/03/2002,0.5,30.8,25.5,22.8
13/03/2002,5.4,30.5,25.5,23.8
14/03/2002,0.9,30.9,25.7,23.3
15/03/2002,3.8,31.1,26.0,22.7
16/03/2002,2.8,30.0,25.5,23.5
17/03/2002,7.0,30.0,25.4,23.0
18/03/2002,0.0,31.1,26.0,23.2
19/03/2002,1.1,30.8,26.5,24.0
20/03/2002,0.0,30.7,27.0,23.9
21/03/2002,3.2,29.8,26.4,23.7
22/03/2002,18.8,28.1,24.3,23.2
23/03/2002,29.0,28.3,24.6,22.3
24/03/2002,2.3,29.1,25.0,21.4
25/03/2002,0.4,30.1,26.0,22.5
26/03/2002,0.0,29.4,25.4,23.1
27/03/2002,0.0,30.1,25.8,23.1
28/03/2002,0.5,29.7,26.1,22.7
29/03/2002,0.0,28.1,24.9,23.4
30/03/2002,7.0,31.2,25.4,22.4
31/03/2002,1.2,28.0,24.9,22.6
01/04/2002,11.3,29.2,25.4,22.7
02/04/2002,17.8,29.1,25.2,22.7
03/04/2002,5.4,30.7,25.8,23.1
04/04/2002,15.4,30.1,25.8,22.5
05/04/2002,54.2,27.1,,
06/04/2002,36.0,28.0,24.4,22.1
07/04/2002,0.0,28.5,25.1,22.6
08/04/2002,0.0,30.3,25.7,23.0
09/04/2002,3.6,,,
10/04/2002,32.8,28.7,24.1,22.1
11/04/2002,19.2,30.1,24.4,21.5
12/04/2002,0.0,29.6,25.6,22.4
13/04/2002,0.0,31.4,26.6,23.5
14/04/2002,0.0,31.5,26.2,23.4
15/04/2002,114.4,30.0,25.0,21.6
16/04/2002,0.0,30.6,25.9,22.0
17/04/2002,0.0,29.1,25.3,23.0
18/04/2002,23.6,30.6,26.0,23.0
19/04/2002,7.7,30.6,25.3,22.3
20/04/2002,0.0,30.5,25.4,22.9
21/04/2002,19.8,29.9,24.9,23.0
22/04/2002,31.3,30.2,25.7,23.1
23/04/2002,27.5,29.1,24.7,22.7
24/04/2002,38.3,29.2,25.6,22.8
25/04/2002,0.0,30.2,25.8,23.3
26/04/2002,0.0,31.3,26.3,22.9
27/04/2002,11.3,28.7,24.5,22.6
28/04/2002,10.6,31.1,25.6,21.5
29/04/2002,0.0,31.1,26.8,22.9
30/04/2002,4.5,,,22.3
01/05/2002,1.0,,,22.7
02/05/2002,0.0,30.3,25.6,23.0
03/05/2002,6.1,30.1,25.5,22.5
04/05/2002,3.3,,,23.0
05/05/2002,0.0,31.1,25.8,23.0
06/05/2002,0.0,31.5,26.3,22.8
07/05/2002,1.5,30.2,25.7,23.0
08/05/2002,1.8,30.1,25.4,23.3
09/05/2002,0.0,30.3,25.6,23.1
10/05/2002,1.4,30.3,25.4,23.1
11/05/2002,0.3,30.1,26.1,22.9
12/05/2002,1.7,30.1,25.4,23.1
13/05/2002,0.7,28.4,24.7,23.5
14/05/2002,7.6,30.5,25.8,22.4
15/05/2002,0.0,30.1,25.6,22.3
16/05/2002,1.1,29.1,26.6,24.5
17/05/2002,2.3,29.1,,
18/05/2002,41.4,28.2,25.1,23.5
19/05/2002,9.3,29.0,25.7,23.6
20/05/2002,13.7,29.7,25.2,21.5
21/05/2002,0.0,30.7,26.0,21.4
22/05/2002,0.0,30.3,25.3,21.5
23/05/2002,0.2,28.8,24.8,22.7
24/05/2002,11.4,29.7,25.7,23.4
25/05/2002,40.0,29.4,,
26/05/2002,0.0,30.1,25.5,22.5
27/05/2002,0.5,30.1,25.7,23.0
28/05/2002,7.4,30.1,25.1,22.9
29/05/2002,2.6,29.7,26.0,23.5
30/05/2002,0.0,29.7,25.6,23.3
31/05/2002,3.0,30.7,26.4,22.6
01/06/2002,0.0,30.6,26.1,23.5
02/06/2002,9.6,29.5,24.5,22.0
03/06/2002,9.2,30.0,25.4,21.5
04/06/2002,0.0,29.7,25.4,22.5
05/06/2002,0.0,29.8,25.4,22.8
06/06/2002,4.8,31.0,25.6,22.5
07/06/2002,5.4,28.3,24.1,22.5
08/06/2002,7.5,28.5,23.6,21.3
09/06/2002,0.7,29.1,24.8,21.5
10/06/2002,0.0,30.1,26.0,21.9
11/06/2002,0.0,30.7,25.1,21.6
12/06/2002,8.8,30.5,25.7,21.7
13/06/2002,2.6,29.7,24.6,21.7
14/06/2002,12.0,29.1,24.7,21.1
15/06/2002,25.9,29.4,25.3,23.1
16/06/2002,2.3,29.1,24.3,22.0
17/06/2002,0.7,29.1,24.6,21.0
18/06/2002,10.6,30.1,25.8,22.4
19/06/2002,0.0,30.3,25.5,22.4
20/06/2002,0.0,31.1,25.3,22.7
21/06/2002,3.9,29.1,25.0,22.3
22/06/2002,16.9,30.0,24.7,22.3
23/06/2002,0.0,31.1,24.6,21.5
24/06/2002,0.5,29.1,25.1,22.7
25/06/2002,0.0,30.3,25.2,22.7
26/06/2002,5.6,28.7,24.7,21.8
27/06/2002,6.8,29.7,24.4,22.1
28/06/2002,7.4,30.0,25.3,22.5
29/06/2002,0.0,31.6,26.1,22.5
30/06/2002,0.0,30.7,25.3,21.3
01/07/2002,0.7,31.4,26.8,21.1
02/07/2002,0.8,30.4,25.8,22.1
03/07/2002,12.8,30.2,25.9,22.5
04/07/2002,0.0,30.1,25.5,22.1
05/07/2002,3.7,30.2,25.3,23.1
06/07/2002,0.6,30.6,24.6,21.7
07/07/2002,1.6,32.2,26.3,21.3
08/07/2002,0.0,32.3,26.4,21.4
09/07/2002,0.0,30.2,25.3,20.7
10/07/2002,0.0,30.2,26.1,23.3
11/07/2002,3.8,28.4,24.3,22.3
12/07/2002,6.5,30.2,25.2,21.3
13/07/2002,2.4,31.2,25.3,21.5
14/07/2002,0.0,31.4,26.1,22.9
15/07/2002,0.0,30.2,25.7,22.7
16/07/2002,0.3,30.8,25.4,22.0
17/07/2002,2.3,30.6,25.2,21.7
18/07/2002,0.0,30.4,25.3,22.1
19/07/2002,0.0,31.4,25.4,21.4
20/07/2002,0.0,31.8,25.7,21.5
21/07/2002,0.0,31.2,25.9,21.5
22/07/2002,0.0,30.4,25.7,22.1
23/07/2002,0.0,30.8,25.7,22.3
24/07/2002,9.2,31.4,26.0,22.0
25/07/2002,0.0,30.4,25.7,22.1
26/07/2002,0.0,30.6,25.3,21.7
27/07/2002,12.9,30.6,24.4,20.6
28/07/2002,0.0,30.4,25.4,21.4
29/07/2002,0.0,30.7,25.3,21.1
30/07/2002,0.0,30.6,25.8,21.5
31/07/2002,0.6,30.1,25.0,21.4
01/08/2002,1.2,30.0,25.0,21.3
02/08/2002,6.2,30.7,25.1,21.1
03/08/2002,5.0,30.3,25.4,21.7
04/08/2002,0.0,30.7,25.6,23.0
05/08/2002,2.8,30.7,25.4,22.7
06/08/2002,0.5,30.5,25.1,20.7
07/08/2002,0.0,31.1,25.6,21.3
08/08/2002,0.0,31.8,26.2,21.9
09/08/2002,0.0,31.7,26.1,21.1
10/08/2002,0.0,31.7,25.8,22.5
11/08/2002,0.0,31.3,25.8,22.3
12/08/2002,0.0,31.2,25.8,22.2
13/08/2002,0.0,31.2,25.8,21.9
14/08/2002,0.0,31.4,25.9,22.7
15/08/2002,0.0,31.4,26.0,22.4
16/08/2002,0.0,31.6,26.5,22.8
17/08/2002,0.0,32.2,26.2,22.1
18/08/2002,0.0,31.4,26.1,22.0
19/08/2002,0.0,31.9,26.4,22.2
20/08/2002,0.0,31.2,25.9,22.7
21/08/2002,0.0,32.6,26.5,22.0
22/08/2002,0.0,32.1,26.4,23.0
23/08/2002,1.3,31.4,26.1,22.5
24/08/2002,0.0,32.8,26.8,23.1
25/08/2002,0.0,32.2,26.5,22.6
26/08/2002,0.0,32.0,26.2,22.5
27/08/2002,0.0,32.2,26.2,21.9
28/08/2002,0.0,32.8,26.8,23.0
29/08/2002,0.0,32.8,26.6,22.4
30/08/2002,0.0,32.8,26.7,23.0
31/08/2002,0.0,33.1,27.1,22.8
01/09/2002,0.0,32.0,26.1,22.1
02/09/2002,0.0,31.7,26.0,22.4
03/09/2002,0.0,33.1,27.1,22.1
04/09/2002,0.0,33.5,27.2,22.5
05/09/2002,0.0,32.7,26.3,22.3
06/09/2002,0.0,33.0,26.9,22.5
07/09/2002,0.0,33.2,26.8,22.5
08/09/2002,0.0,33.7,26.7,21.5
09/09/2002,0.0,32.5,25.5,21.4
10/09/2002,28.1,32.3,26.6,22.4
11/09/2002,0.0,32.4,26.3,22.5
12/09/2002,0.0,33.0,26.9,23.1
13/09/2002,0.0,33.4,27.8,23.2
14/09/2002,0.0,33.3,27.0,22.1
15/09/2002,0.0,32.6,27.3,22.9
16/09/2002,0.0,32.4,26.6,22.6
17/09/2002,0.0,,,23.3
18/09/2002,0.0,,,22.9
19/09/2002,0.0,,,21.5
20/09/2002,0.0,,,21.2
21/09/2002,0.0,,,23.6
22/09/2002,0.0,,,23.1
23/09/2002,0.3,,,22.7
24/09/2002,0.0,,,24.2
25/09/2002,0.0,,,23.4
26/09/2002,0.0,,,23.1
27/09/2002,0.0,,,22.5
28/09/2002,0.0,,,24.2
29/09/2002,0.0,,,22.6
30/09/2002,0.0,,,23.5
01/10/2002,7.3,34.1,26.0,22.9
02/10/2002,0.0,32.9,27.1,21.5
03/10/2002,0.0,33.6,27.1,21.7
04/10/2002,0.0,33.7,27.8,23.1
05/10/2002,0.0,33.3,27.4,22.9
06/10/2002,0.0,32.3,28.3,24.4
07/10/2002,0.0,31.9,27.4,24.0
08/10/2002,0.0,32.1,26.8,22.5
09/10/2002,0.0,33.2,27.9,23.6
10/10/2002,0.0,31.3,27.3,23.5
11/10/2002,0.0,32.5,27.4,23.0
12/10/2002,0.0,33.1,27.6,23.1
13/10/2002,0.0,33.1,27.6,23.1
14/10/2002,0.0,31.8,26.7,23.5
15/10/2002,0.0,33.1,27.2,23.5
16/10/2002,0.0,33.1,27.4,23.5
17/10/2002,0.0,33.1,27.1,23.1
18/10/2002,0.0,34.4,27.7,23.3
19/10/2002,0.0,32.6,27.7,23.9
20/10/2002,0.0,31.3,26.6,23.4
21/10/2002,0.0,32.9,26.6,23.3
22/10/2002,4.6,33.4,26.5,23.0
23/10/2002,0.0,33.4,27.3,23.8
24/10/2002,0.0,32.9,27.3,23.4
25/10/2002,0.0,34.1,26.6,21.7
26/10/2002,0.0,33.9,28.2,23.5
27/10/2002,0.0,34.0,28.0,24.0
28/10/2002,0.0,34.1,27.9,23.9
29/10/2002,0.0,33.1,27.6,24.3
30/10/2002,0.0,32.6,27.6,24.5
31/10/2002,0.0,31.9,27.4,23.6
01/11/2002,0.0,34.1,27.3,23.2
02/11/2002,0.0,34.4,28.1,23.5
03/11/2002,0.0,29.7,25.4,23.5
04/11/2002,45.1,30.3,26.1,21.5
05/11/2002,0.0,32.9,26.0,23.4
06/11/2002,0.0,32.1,25.8,22.1
07/11/2002,0.0,33.3,27.1,22.5
08/11/2002,0.0,30.8,26.6,23.3
09/11/2002,8.8,27.1,24.0,22.1
10/11/2002,0.3,31.2,25.3,21.4
11/11/2002,0.0,32.4,26.5,21.5
12/11/2002,0.0,32.1,26.3,22.7
13/11/2002,0.0,32.4,26.8,22.4
14/11/2002,0.5,32.9,27.0,22.6
15/11/2002,0.0,33.0,26.8,22.9
16/11/2002,0.0,33.0,27.3,22.5
17/11/2002,0.0,33.3,27.1,23.0
18/11/2002,0.0,32.1,26.9,23.1
19/11/2002,0.0,33.5,27.2,22.7
20/11/2002,0.0,32.6,27.6,23.0
21/11/2002,0.0,32.5,27.1,23.2
22/11/2002,0.0,32.7,27.0,23.5
23/11/2002,0.0,33.4,28.0,23.7
24/11/2002,0.0,33.1,27.2,23.5
25/11/2002,0.0,33.3,27.4,24.0
26/11/2002,0.0,32.4,27.7,23.2
27/11/2002,0.0,33.3,27.6,23.5
28/11/2002,0.0,33.7,27.5,22.5
29/11/2002,0.0,31.9,27.2,23.1
30/11/2002,0.0,31.1,27.4,23.5
01/12/2002,0.0,32.9,27.2,23.3
02/12/2002,0.0,33.9,28.0,22.8
03/12/2002,0.0,33.1,27.3,22.5
04/12/2002,0.0,32.9,26.3,22.3
05/12/2002,0.0,32.4,27.3,24.2
06/12/2002,0.0,34.1,28.2,23.5
07/12/2002,0.0,34.1,28.8,23.7
08/12/2002,0.0,30.9,26.4,23.9
09/12/2002,0.0,29.1,26.0,23.5
10/12/2002,51.1,27.7,24.3,22.5
11/12/2002,15.3,30.4,26.3,23.4
12/12/2002,1.4,33.1,27.4,23.5
13/12/2002,0.0,31.9,26.8,23.6
14/12/2002,0.0,31.8,27.6,24.0
15/12/2002,0.0,32.4,28.1,23.5
16/12/2002,0.0,32.2,27.4,23.9
17/12/2002,0.0,31.5,27.0,24.7
18/12/2002,0.0,30.7,27.0,23.5
19/12/2002,7.4,29.3,25.0,22.4
20/12/2002,0.0,31.5,26.5,23.0
21/12/2002,0.0,30.1,25.2,22.5
22/12/2002,0.8,31.5,26.4,23.3
23/12/2002,0.3,31.3,26.4,23.4
24/12/2002,0.0,32.3,26.8,23.1
25/12/2002,0.0,31.3,26.8,23.6
26/12/2002,0.0,32.4,26.8,23.9
27/12/2002,0.0,31.1,26.7,22.9
28/12/2002,0.0,30.3,26.6,23.3
29/12/2002,0.0,31.3,27.1,23.2
30/12/2002,1.2,30.3,26.2,22.9
31/12/2002,2.1,31.7,27.0,23.3
01/01/2003,0.0,32.3,27.2,23.2
02/01/2003,0.3,32.0,26.8,23.2
03/01/2003,0.0,31.9,26.5,22.6
04/01/2003,0.0,32.1,26.7,23.1
05/01/2003,0.0,33.3,26.6,23.2
06/01/2003,0.0,32.6,28.0,22.8
07/01/2003,0.0,32.3,27.3,23.0
08/01/2003,0.0,33.7,27.5,23.3
09/01/2003,0.0,32.2,27.9,24.0
10/01/2003,0.0,32.9,27.6,24.0
11/01/2003,0.0,33.7,27.9,24.1
12/01/2003,0.0,32.9,27.4,23.8
13/01/2003,0.0,32.4,27.9,23.9
14/01/2003,0.0,31.3,27.7,24.2
15/01/2003,0.0,32.1,27.1,23.3
16/01/2003,0.3,32.3,27.4,23.4
17/01/2003,0.0,32.9,27.9,24.2
18/01/2003,0.0,30.5,26.8,24.4
19/01/2003,0.0,32.9,27.3,23.6
20/01/2003,0.0,32.1,27.0,23.4
21/01/2003,0.0,33.3,27.8,23.7
22/01/2003,1.5,32.4,27.2,23.9
23/01/2003,0.0,32.1,27.0,23.7
24/01/2003,0.0,31.1,26.1,23.0
25/01/2003,0.0,33.0,27.8,23.6
26/01/2003,0.7,29.1,24.7,23.0
27/01/2003,16.9,32.3,25.9,22.2
28/01/2003,0.0,31.7,26.2,23.1
29/01/2003,0.2,31.4,26.9,23.7
30/01/2003,0.0,32.3,26.3,22.4
31/01/2003,0.0,31.1,26.6,23.5
01/02/2003,13.0,28.9,25.4,22.7
02/02/2003,16.7,27.9,24.2,22.0
03/02/2003,19.9,28.1,24.8,21.7
04/02/2003,4.1,28.0,25.4,23.3
05/02/2003,2.6,31.3,26.4,22.4
06/02/2003,1.0,30.1,26.0,23.1
07/02/2003,11.6,31.9,26.4,21.9
08/02/2003,0.0,31.1,26.6,23.3
09/02/2003,0.0,30.3,25.6,22.5
10/02/2003,0.0,31.4,26.4,24.3
11/02/2003,0.0,29.3,25.6,22.5
12/02/2003,1.8,31.1,26.1,22.7
13/02/2003,30.1,29.6,25.1,22.9
14/02/2003,27.9,29.3,25.6,22.4
15/02/2003,0.0,29.7,26.4,22.7
16/02/2003,19.4,29.1,24.7,22.9
17/02/2003,30.7,27.9,24.6,22.6
18/02/2003,7.8,29.1,25.7,22.5
19/02/2003,29.0,27.9,25.1,22.8
20/02/2003,18.3,29.1,25.1,22.3
21/02/2003,1.2,29.7,25.6,22.5
22/02/2003,0.6,28.0,24.7,22.3
23/02/2003,1.0,30.1,25.2,22.3
24/02/2003,3.0,27.1,24.2,22.5
25/02/2003,0.0,29.9,26.1,22.8
26/02/2003,9.7,27.7,24.2,23.1
27/02/2003,40.9,29.3,25.2,22.9
28/02/2003,0.0,27.9,25.2,23.2
01/03/2003,8.8,28.7,23.9,22.2
02/03/2003,10.3,30.0,25.7,22.5
03/03/2003,0.0,30.0,25.5,23.7
04/03/2003,2.6,30.1,25.5,22.0
05/03/2003,18.2,29.1,26.1,22.5
06/03/2003,21.8,29.9,25.6,23.0
07/03/2003,16.6,27.7,24.4,21.9
08/03/2003,42.7,29.7,25.4,20.5
09/03/2003,0.0,30.7,25.6,23.2
10/03/2003,5.2,29.9,25.4,22.8
11/03/2003,3.3,29.3,25.5,23.5
12/03/2003,0.3,30.0,26.0,23.0
13/03/2003,3.3,29.1,25.3,22.3
14/03/2003,10.7,29.7,25.2,22.5
15/03/2003,36.1,27.9,24.6,22.4
16/03/2003,0.0,29.3,24.9,22.7
17/03/2003,0.0,30.1,25.5,22.9
18/03/2003,0.0,30.2,24.7,22.9
19/03/2003,9.3,30.1,25.5,21.8
20/03/2003,0.0,30.1,25.3,21.9
21/03/2003,0.0,30.3,26.0,23.6
22/03/2003,0.3,30.0,24.9,22.4
23/03/2003,0.0,31.0,25.7,22.3
24/03/2003,0.0,30.4,26.6,23.9
25/03/2003,0.0,28.6,24.6,22.6
26/03/2003,45.8,29.1,24.1,21.7
27/03/2003,0.0,30.4,25.8,22.6
28/03/2003,0.0,30.1,26.3,23.6
29/03/2003,2.2,29.4,25.5,22.7
30/03/2003,15.0,29.1,25.0,23.5
31/03/2003,3.0,30.7,26.1,22.4
01/04/2003,0.0,26.1,24.2,22.9
02/04/2003,4.2,28.4,25.3,22.6
03/04/2003,11.1,30.7,25.8,22.4
04/04/2003,9.8,30.1,26.3,22.7
05/04/2003,31.2,29.9,26.3,23.6
06/04/2003,6.0,30.3,26.0,23.2
07/04/2003,3.0,29.4,24.8,22.7
08/04/2003,0.0,32.2,26.4,21.2
09/04/2003,0.0,31.7,26.4,23.5
10/04/2003,15.4,32.0,27.5,23.1
11/04/2003,0.3,32.5,26.6,23.6
12/04/2003,21.4,30.7,26.4,23.3
13/04/2003,0.9,30.1,25.8,23.5
14/04/2003,32.2,29.4,25.5,22.7
15/04/2003,0.6,28.7,24.6,22.2
16/04/2003,61.9,30.1,25.3,21.7
17/04/2003,0.0,31.8,26.3,23.2
18/04/2003,20.4,31.3,27.2,22.9
19/04/2003,0.0,32.1,26.4,22.9
20/04/2003,1.0,31.0,25.6,22.7
21/04/2003,0.0,30.3,25.6,23.3
22/04/2003,5.5,30.4,25.8,22.9
23/04/2003,9.7,30.2,25.0,22.1
24/04/2003,13.0,30.3,25.6,22.4
25/04/2003,1.8,28.1,25.0,22.3
26/04/2003,7.5,30.4,25.6,23.0
27/04/2003,0.0,31.3,26.0,23.1
28/04/2003,4.2,28.7,25.0,22.9
29/04/2003,26.9,30.4,26.0,23.1
30/04/2003,1.2,30.7,25.3,22.3
01/05/2003,2.8,29.1,24.5,22.7
02/05/2003,42.2,30.4,25.7,21.3
03/05/2003,19.9,31.1,25.5,21.4
04/05/2003,0.0,31.1,25.3,21.7
05/05/2003,0.0,30.6,26.0,23.7
06/05/2003,8.7,29.9,24.7,22.4
07/05/2003,5.3,30.1,25.0,22.5
08/05/2003,0.0,30.1,25.9,22.4
09/05/2003,0.0,30.5,25.7,23.3
10/05/2003,5.4,32.1,26.3,22.5
11/05/2003,0.0,30.9,25.6,23.3
12/05/2003,0.0,31.0,26.1,22.3
13/05/2003,0.8,29.9,25.5,22.7
14/05/2003,20.5,30.5,25.7,22.6
15/05/2003,2.2,30.3,25.6,22.3
16/05/2003,24.4,31.3,26.1,22.5
17/05/2003,3.5,31.4,25.9,22.7
18/05/2003,0.0,30.3,25.7,23.3
19/05/2003,0.6,31.0,26.3,23.3
20/05/2003,2.5,30.4,26.1,23.0
21/05/2003,12.0,31.3,26.2,23.0
22/05/2003,0.0,30.7,26.4,23.1
23/05/2003,0.5,30.6,26.3,23.3
24/05/2003,1.7,31.7,25.5,22.8
25/05/2003,2.4,31.1,26.5,23.1
26/05/2003,2.5,31.9,26.3,22.4
27/05/2003,6.4,27.4,23.9,22.0
28/05/2003,8.8,26.7,23.6,21.5
29/05/2003,7.2,30.4,24.9,20.5
30/05/2003,6.1,30.3,25.5,22.5
31/05/2003,0.3,30.1,25.7,22.7
01/06/2003,0.3,29.9,25.9,23.3
02/06/2003,6.8,29.7,25.3,23.0
03/06/2003,1.6,29.3,25.2,22.7
04/06/2003,7.2,30.1,24.4,22.1
05/06/2003,2.9,31.3,25.8,21.4
06/06/2003,4.0,29.1,24.9,21.9
07/06/2003,0.0,30.4,24.9,22.8
08/06/2003,16.1,29.1,24.9,21.3
09/06/2003,35.3,26.7,24.2,21.5
10/06/2003,38.6,30.9,25.5,21.9
11/06/2003,0.0,30.1,25.3,23.0
12/06/2003,6.3,29.7,24.9,22.5
13/06/2003,20.0,29.2,25.5,22.2
14/06/2003,17.8,29.9,25.4,22.4
15/06/2003,0.0,30.1,25.7,22.5
16/06/2003,0.0,29.4,25.3,21.9
17/06/2003,6.2,30.7,26.1,23.5
18/06/2003,0.0,30.1,24.6,22.5
19/06/2003,5.9,30.9,25.8,21.8
20/06/2003,0.6,30.7,25.0,21.6
21/06/2003,0.0,29.7,24.2,21.1
22/06/2003,24.7,30.3,25.3,21.9
23/06/2003,3.3,30.5,25.6,22.3
24/06/2003,1.2,29.1,24.8,22.5
25/06/2003,9.4,30.0,25.4,21.7
26/06/2003,1.0,30.7,25.2,21.3
27/06/2003,0.0,30.3,24.9,20.7
28/06/2003,7.4,30.9,25.9,21.9
29/06/2003,0.0,31.3,25.6,22.0
30/06/2003,0.0,31.4,26.1,23.1
01/07/2003,0.0,31.2,25.4,23.1
02/07/2003,5.2,29.7,24.9,21.0
03/07/2003,9.0,30.1,23.9,20.7
04/07/2003,0.3,30.4,23.7,19.6
05/07/2003,0.6,31.3,25.5,21.1
06/07/2003,0.0,30.7,25.2,20.5
07/07/2003,0.0,30.6,26.0,22.5
08/07/2003,0.0,30.1,25.6,22.5
09/07/2003,0.0,30.3,25.3,22.5
10/07/2003,2.3,30.9,26.3,22.1
11/07/2003,0.0,32.0,26.4,22.4
12/07/2003,0.0,31.7,26.0,22.4
13/07/2003,0.0,31.7,24.6,21.3
14/07/2003,16.0,28.1,23.5,20.7
15/07/2003,4.6,29.1,23.9,20.5
16/07/2003,2.0,31.3,25.7,21.5
17/07/2003,0.0,30.7,25.1,21.0
18/07/2003,0.0,30.3,24.3,20.6
19/07/2003,4.4,31.3,24.9,21.4
20/07/2003,6.2,31.1,24.6,20.5
21/07/2003,18.6,30.1,24.6,20.5
22/07/2003,2.6,31.1,26.0,21.5
23/07/2003,0.0,31.7,25.5,21.3
24/07/2003,0.0,30.3,25.4,22.3
25/07/2003,4.3,31.3,26.2,22.5
26/07/2003,0.0,30.1,25.8,21.9
27/07/2003,12.0,31.3,25.8,22.1
28/07/2003,2.8,29.1,24.2,22.4
29/07/2003,32.9,29.1,24.2,22.3
30/07/2003,26.2,31.5,25.5,21.3
31/07/2003,0.0,30.7,25.6,21.5
01/08/2003,0.0,30.3,25.6,21.3
02/08/2003,0.0,32.1,26.3,22.5
03/08/2003,0.0,30.7,25.9,23.1
04/08/2003,0.0,31.7,25.9,22.0
05/08/2003,0.0,31.1,26.1,21.7
06/08/2003,0.0,31.3,26.2,22.5
07/08/2003,0.0,31.1,25.6,22.4
08/08/2003,0.0,31.1,26.0,21.5
09/08/2003,0.0,32.4,25.8,22.4
10/08/2003,2.3,31.7,26.1,22.6
11/08/2003,10.3,29.9,25.0,21.8
12/08/2003,10.4,30.1,25.8,22.1
13/08/2003,0.0,30.7,25.8,22.3
14/08/2003,0.0,32.4,26.3,21.4
15/08/2003,0.0,31.7,26.1,22.5
16/08/2003,0.0,31.5,26.1,23.1
17/08/2003,5.1,31.1,26.1,22.2
18/08/2003,0.0,30.3,25.6,22.9
19/08/2003,3.6,28.4,24.6,22.0
20/08/2003,0.0,29.8,25.2,21.4
21/08/2003,0.0,32.1,26.2,21.5
22/08/2003,0.0,32.1,26.3,22.3
23/08/2003,0.0,32.4,26.8,22.0
24/08/2003,9.3,31.4,25.8,22.1
25/08/2003,0.0,32.7,26.7,22.4
26/08/2003,0.0,32.3,26.6,22.2
27/08/2003,0.0,32.0,26.3,21.7
28/08/2003,0.6,31.1,25.9,21.8
29/08/2003,0.0,32.2,25.6,23.0
30/08/2003,7.2,31.1,26.2,22.1
31/08/2003,8.4,30.7,25.6,22.3
01/09/2003,1.7,31.0,25.6,22.0
02/09/2003,0.0,30.1,25.0,22.1
03/09/2003,4.3,31.7,25.9,22.5
04/09/2003,0.0,31.9,26.5,22.3
05/09/2003,0.0,31.1,25.4,21.5
06/09/2003,0.0,31.9,26.8,21.2
07/09/2003,0.0,31.7,26.3,23.0
08/09/2003,0.0,31.1,26.2,22.1
09/09/2003,0.0,31.3,26.4,22.9
10/09/2003,0.0,31.7,26.4,22.3
11/09/2003,0.0,30.1,26.1,22.9
12/09/2003,23.3,30.3,25.5,22.5
13/09/2003,2.3,30.9,26.7,22.4
14/09/2003,12.0,30.1,25.0,22.5
15/09/2003,0.7,31.7,26.1,22.3
16/09/2003,0.0,31.9,26.5,22.3
17/09/2003,0.0,30.9,26.5,23.1
18/09/2003,3.7,30.3,26.0,22.2
19/09/2003,1.2,32.1,26.3,22.1
20/09/2003,0.0,31.1,26.1,22.3
21/09/2003,0.0,32.1,26.9,23.6
22/09/2003,0.0,30.3,26.2,23.5
23/09/2003,0.0,32.1,27.8,22.1
24/09/2003,0.0,32.9,27.3,22.9
25/09/2003,0.0,32.6,27.1,23.1
26/09/2003,0.0,32.3,27.6,23.5
27/09/2003,0.4,32.3,26.8,23.1
28/09/2003,0.0,32.7,26.9,22.5
29/09/2003,0.0,33.5,27.7,22.4
30/09/2003,0.0,32.4,27.8,22.7
01/10/2003,0.0,32.1,26.3,23.1
02/10/2003,0.0,32.4,27.1,23.3
03/10/2003,0.0,32.4,27.4,23.4
04/10/2003,0.0,32.4,27.2,23.5
05/10/2003,0.0,32.1,26.6,23.5
06/10/2003,0.0,33.1,26.7,22.7
07/10/2003,0.0,32.4,27.4,23.4
08/10/2003,0.0,33.1,27.8,23.6
09/10/2003,0.0,32.1,27.5,23.7
10/10/2003,0.0,31.7,27.2,24.1
11/10/2003,0.0,33.4,27.7,23.5
12/10/2003,0.0,33.0,26.9,22.5
13/10/2003,0.0,31.1,26.4,22.5
14/10/2003,0.0,29.8,26.4,22.7
15/10/2003,5.4,27.9,24.8,22.7
16/10/2003,16.6,32.1,26.2,22.1
17/10/2003,0.0,29.8,25.2,22.7
18/10/2003,14.0,31.6,26.7,22.5
19/10/2003,0.0,32.3,26.6,22.5
20/10/2003,0.0,33.5,27.7,23.0
21/10/2003,0.0,32.5,27.3,23.5
22/10/2003,0.0,32.3,27.0,23.7
23/10/2003,0.0,32.4,27.0,22.3
24/10/2003,0.0,32.5,27.4,23.1
25/10/2003,0.0,32.5,26.8,21.5
26/10/2003,0.0,32.7,26.7,22.0
27/10/2003,0.0,32.1,26.4,22.1
28/10/2003,0.0,32.6,27.9,24.2
29/10/2003,0.0,32.5,27.6,24.1
30/10/2003,0.0,32.3,26.3,22.7
31/10/2003,0.0,31.1,26.0,22.5
01/11/2003,13.3,32.1,26.9,22.6
02/11/2003,0.0,30.1,26.6,23.3
03/11/2003,0.0,30.3,24.9,22.9
04/11/2003,15.3,30.4,26.2,22.7
05/11/2003,5.4,27.8,24.0,22.0
06/11/2003,22.6,31.7,26.4,22.6
07/11/2003,0.0,33.4,27.3,21.6
08/11/2003,0.0,32.3,26.6,21.9
09/11/2003,0.0,29.3,25.0,21.3
10/11/2003,4.2,31.6,25.7,21.4
11/11/2003,0.0,33.1,27.2,22.5
12/11/2003,0.0,31.5,26.7,23.6
13/11/2003,0.0,31.9,27.6,23.7
14/11/2003,0.0,31.3,26.0,23.5
15/11/2003,0.0,31.7,26.1,22.0
16/11/2003,0.0,32.7,26.6,22.1
17/11/2003,0.0,31.9,25.8,19.8
18/11/2003,2.5,31.7,26.0,20.4
19/11/2003,0.0,32.7,26.7,22.2
20/11/2003,0.0,32.1,26.5,21.5
21/11/2003,0.0,32.7,26.0,23.3
22/11/2003,0.0,31.4,27.3,23.2
23/11/2003,0.0,32.7,27.3,23.5
24/11/2003,0.0,32.3,27.7,23.3
25/11/2003,0.0,31.8,27.2,23.4
26/11/2003,0.0,32.6,27.4,23.7
27/11/2003,0.0,32.3,27.0,24.1
28/11/2003,0.0,32.1,26.9,23.3
29/11/2003,0.0,32.5,26.8,22.7
30/11/2003,0.0,32.7,27.0,23.4
01/12/2003,0.0,33.2,27.6,23.8
02/12/2003,0.0,32.5,27.5,23.7
03/12/2003,0.0,32.1,26.3,20.6
04/12/2003,0.0,31.5,26.6,20.7
05/12/2003,0.0,33.2,26.7,23.1
06/12/2003,0.0,33.1,27.2,22.5
07/12/2003,0.0,33.5,26.5,20.9
08/12/2003,0.0,32.1,26.6,23.1
09/12/2003,0.0,31.7,26.5,22.4
10/12/2003,0.0,32.4,27.6,22.8
11/12/2003,0.0,32.1,26.9,23.1
12/12/2003,0.0,31.7,26.5,23.3
13/12/2003,0.0,31.9,26.8,23.3
14/12/2003,3.4,31.7,26.8,22.4
15/12/2003,29.6,32.3,26.3,22.5
16/12/2003,0.0,32.3,27.0,22.6
17/12/2003,0.0,32.1,26.3,22.9
18/12/2003,0.0,32.7,26.8,22.3
19/12/2003,0.0,31.9,26.9,22.8
20/12/2003,0.4,31.1,26.2,22.9
21/12/2003,0.0,31.3,26.4,22.9
22/12/2003,0.0,32.5,27.1,22.3
23/12/2003,0.0,31.7,26.8,22.5
24/12/2003,0.0,32.1,26.8,22.3
25/12/2003,0.0,33.4,27.9,22.7
26/12/2003,0.0,32.8,27.8,22.5
27/12/2003,0.0,32.7,27.4,23.3
28/12/2003,0.0,30.7,25.8,22.4
29/12/2003,1.6,31.7,26.5,22.7
30/12/2003,0.0,32.9,27.3,23.0
31/12/2003,0.0,32.6,27.3,23.5
01/01/2004,45.0,29.1,24.7,21.5
02/01/2004,4.2,32.7,26.7,22.4
03/01/2004,0.0,31.9,26.7,22.7
04/01/2004,0.0,32.3,25.8,22.7
05/01/2004,0.0,30.7,26.3,23.3
06/01/2004,0.0,31.8,27.0,23.4
07/01/2004,0.5,32.4,27.4,23.2
08/01/2004,0.9,32.7,27.4,23.4
09/01/2004,1.5,30.7,26.8,22.4
10/01/2004,0.0,32.9,27.5,23.0
11/01/2004,0.0,32.7,26.8,23.1
12/01/2004,0.0,33.1,27.7,24.0
13/01/2004,9.2,29.7,24.8,20.7
14/01/2004,0.0,30.9,26.0,20.4
15/01/2004,7.7,31.9,27.0,23.3
16/01/2004,1.9,30.3,25.4,21.0
17/01/2004,152.0,27.3,23.6,20.7
18/01/2004,1.6,32.1,26.4,21.1
19/01/2004,0.0,31.9,27.6,23.8
20/01/2004,1.7,28.7,24.9,21.0
21/01/2004,0.0,31.3,26.4,22.7
22/01/2004,0.0,32.9,27.8,23.5
23/01/2004,2.1,31.4,26.9,23.3
24/01/2004,1.6,30.1,25.3,21.0
25/01/2004,0.0,29.7,25.2,21.4
26/01/2004,6.0,31.4,26.6,21.2
27/01/2004,1.0,33.6,27.2,22.0
28/01/2004,0.0,33.3,27.4,23.9
29/01/2004,2.2,28.3,23.8,21.3
30/01/2004,32.3,30.2,25.6,21.9
31/01/2004,0.0,30.9,26.3,23.0
01/02/2004,7.3,31.5,26.3,23.1
02/02/2004,7.3,31.5,26.0,22.4
03/02/2004,0.0,30.4,26.0,22.6
04/02/2004,22.0,28.1,24.7,22.7
05/02/2004,2.1,30.1,25.4,22.7
06/02/2004,0.0,29.9,25.9,22.6
07/02/2004,4.7,31.7,25.9,23.0
08/02/2004,53.6,29.3,25.0,21.4
09/02/2004,4.9,28.4,24.7,21.6
10/02/2004,0.0,29.4,25.3,22.5
11/02/2004,8.3,30.3,25.0,21.3
12/02/2004,10.6,27.9,24.9,23.0
13/02/2004,5.7,28.7,25.1,22.7
14/02/2004,10.9,30.1,25.8,22.3
15/02/2004,22.5,30.7,25.3,20.5
16/02/2004,7.9,29.1,25.1,22.9
17/02/2004,8.3,29.7,25.1,22.0
18/02/2004,0.5,27.7,25.0,22.9
19/02/2004,79.9,28.3,24.9,22.5
20/02/2004,24.0,29.5,25.2,22.3
21/02/2004,32.0,28.4,25.5,22.5
22/02/2004,10.7,28.1,24.4,21.9
23/02/2004,3.1,28.5,24.3,21.4
24/02/2004,1.3,29.8,25.5,22.1
25/02/2004,48.0,27.7,23.7,22.1
26/02/2004,5.8,30.1,24.8,21.3
27/02/2004,1.4,30.3,25.7,21.4
28/02/2004,0.3,30.7,25.8,23.1
29/02/2004,0.0,31.3,26.3,23.1
01/03/2004,10.1,31.1,26.7,22.6
02/03/2004,17.0,29.9,25.1,22.9
03/03/2004,0.0,31.7,26.3,22.4
04/03/2004,0.0,31.3,26.5,23.0
05/03/2004,0.0,30.7,25.9,23.1
06/03/2004,16.4,28.3,24.6,22.3
07/03/2004,3.3,30.1,25.1,22.4
08/03/2004,2.7,29.1,24.8,23.1
09/03/2004,49.6,29.3,24.4,21.0
10/03/2004,15.1,30.4,26.1,22.1
11/03/2004,0.0,30.2,26.0,23.1
12/03/2004,1.3,30.7,25.9,22.0
13/03/2004,2.3,30.7,26.1,21.7
14/03/2004,17.8,30.8,25.7,23.1
15/03/2004,0.6,30.3,26.1,23.1
16/03/2004,0.9,31.6,26.2,20.5
17/03/2004,30.4,31.1,25.5,22.5
18/03/2004,0.3,31.3,25.5,21.3
19/03/2004,0.7,29.6,25.2,21.3
20/03/2004,9.4,30.7,25.8,22.1
21/03/2004,3.8,31.3,26.1,21.0
22/03/2004,9.5,30.4,25.4,19.9
23/03/2004,11.4,30.1,25.6,22.9
24/03/2004,0.0,31.3,26.3,22.4
25/03/2004,2.1,28.4,24.1,19.9
26/03/2004,54.0,28.1,24.7,22.3
27/03/2004,30.3,28.3,24.5,21.3
28/03/2004,9.8,27.9,23.1,20.6
29/03/2004,45.2,29.7,25.1,22.1
30/03/2004,0.7,30.7,25.9,22.4
31/03/2004,0.0,31.5,27.0,22.9
01/04/2004,0.0,31.6,26.7,23.1
02/04/2004,0.9,30.3,25.7,22.3
03/04/2004,4.4,31.7,26.5,22.4
04/04/2004,1.0,30.5,26.1,23.1
05/04/2004,0.0,31.3,26.0,22.4
06/04/2004,0.0,32.4,27.0,22.8
07/04/2004,0.0,29.1,24.7,22.7
08/04/2004,3.0,31.7,25.8,21.5
09/04/2004,0.0,31.5,26.4,21.8
10/04/2004,2.3,31.2,25.1,22.7
11/04/2004,1.0,31.5,25.6,23.0
12/04/2004,30.5,25.9,23.6,22.3
13/04/2004,55.7,30.1,25.1,21.5
14/04/2004,0.0,30.3,25.4,22.4
15/04/2004,34.2,29.2,25.0,22.0
16/04/2004,2.7,30.2,25.8,22.7
17/04/2004,0.0,31.7,26.3,22.5
18/04/2004,14.7,29.7,25.0,22.3
19/04/2004,0.0,30.1,25.2,22.5
20/04/2004,6.0,32.3,25.6,22.3
21/04/2004,10.2,30.9,26.7,22.6
22/04/2004,2.0,28.6,25.7,22.5
23/04/2004,28.3,29.7,25.0,21.5
24/04/2004,0.0,27.4,24.8,22.4
25/04/2004,30.1,30.9,25.5,22.5
26/04/2004,0.0,28.9,25.3,21.6
27/04/2004,3.6,30.7,25.8,21.5
28/04/2004,9.0,31.1,26.3,22.5
29/04/2004,0.0,30.7,24.7,22.4
30/04/2004,19.3,32.3,26.6,21.2
01/05/2004,0.0,31.3,26.2,22.7
02/05/2004,1.9,30.7,25.5,22.6
03/05/2004,5.2,30.4,26.4,23.6
04/05/2004,2.2,30.1,25.7,22.7
05/05/2004,0.0,29.7,25.0,22.5
06/05/2004,19.7,29.4,25.1,22.9
07/05/2004,3.2,31.1,26.5,22.5
08/05/2004,24.8,28.9,25.3,22.4
09/05/2004,44.1,31.5,25.4,22.3
10/05/2004,3.9,30.1,24.9,22.5
11/05/2004,3.3,31.3,26.2,22.4
12/05/2004,0.0,30.6,26.3,22.7
13/05/2004,0.0,31.0,26.1,22.5
14/05/2004,0.0,31.9,26.6,22.3
15/05/2004,0.0,32.1,27.3,23.2
16/05/2004,0.0,31.7,26.7,22.7
17/05/2004,0.0,31.3,26.6,22.5
18/05/2004,0.3,31.2,26.6,22.2
19/05/2004,0.0,31.1,25.7,21.5
20/05/2004,6.6,31.1,25.8,22.6
21/05/2004,0.0,31.4,25.7,22.9
22/05/2004,23.2,30.0,25.2,22.5
23/05/2004,1.1,26.9,23.1,21.5
24/05/2004,5.5,30.4,25.6,20.8
25/05/2004,0.0,30.1,24.8,22.5
26/05/2004,0.4,29.3,25.1,21.8
27/05/2004,10.9,32.3,26.5,22.2
28/05/2004,0.0,28.9,24.5,22.5
29/05/2004,1.1,30.1,25.4,22.3
30/05/2004,13.8,30.2,24.8,22.0
31/05/2004,2.8,30.7,25.4,22.0
01/06/2004,1.3,31.3,24.9,21.1
02/06/2004,16.1,29.5,24.4,21.0
03/06/2004,18.9,31.1,24.9,21.5
04/06/2004,0.0,31.5,25.3,21.9
05/06/2004,0.0,32.4,26.1,21.4
06/06/2004,0.0,30.5,25.8,22.5
07/06/2004,0.0,29.3,25.1,22.0
08/06/2004,16.5,30.5,25.5,21.6
09/06/2004,0.0,30.1,25.2,21.5
10/06/2004,0.0,31.3,25.4,21.5
11/06/2004,0.3,30.9,26.3,21.7
12/06/2004,0.5,30.4,25.2,21.5
13/06/2004,0.5,31.7,25.2,22.4
14/06/2004,6.0,32.9,26.5,22.4
15/06/2004,0.0,30.1,25.0,22.7
16/06/2004,1.0,30.3,24.9,21.6
17/06/2004,0.0,30.5,26.2,22.0
18/06/2004,12.6,30.3,24.7,21.7
19/06/2004,5.3,30.5,25.6,21.7
20/06/2004,7.4,28.9,24.3,21.8
21/06/2004,3.2,30.1,25.3,21.5
22/06/2004,0.4,30.9,26.0,21.5
23/06/2004,0.0,31.9,26.0,21.5
24/06/2004,0.0,31.7,25.7,21.5
25/06/2004,0.0,30.5,26.1,22.3
26/06/2004,0.0,29.1,24.8,22.4
27/06/2004,0.8,29.7,24.7,21.7
28/06/2004,15.2,31.3,24.9,21.8
29/06/2004,0.0,30.9,26.1,21.8
30/06/2004,0.0,30.1,25.7,22.9
01/07/2004,0.0,31.5,25.8,21.5
02/07/2004,6.6,29.1,24.7,21.3
03/07/2004,0.0,30.1,25.5,22.5
04/07/2004,0.0,30.7,24.8,21.9
05/07/2004,15.9,29.1,24.5,20.4
06/07/2004,0.0,30.3,25.1,21.5
07/07/2004,0.0,31.5,24.7,21.0
08/07/2004,12.2,31.0,25.5,21.0
09/07/2004,0.0,30.3,24.9,22.5
10/07/2004,0.0,30.3,25.0,21.5
11/07/2004,4.7,30.5,25.1,21.9
12/07/2004,1.6,31.3,25.5,21.5
13/07/2004,0.0,30.1,25.1,21.5
14/07/2004,0.0,30.7,25.4,21.6
15/07/2004,0.0,31.5,26.2,21.4
16/07/2004,8.9,29.9,24.8,21.7
17/07/2004,6.1,29.1,24.2,21.1
18/07/2004,19.2,30.1,25.1,20.7
19/07/2004,4.0,31.3,24.4,22.0
20/07/2004,9.9,30.1,25.1,21.2
21/07/2004,0.0,31.1,25.2,21.1
22/07/2004,27.6,30.1,25.0,22.1
23/07/2004,12.9,31.3,24.8,22.0
24/07/2004,0.0,30.0,24.9,22.2
25/07/2004,10.7,30.5,25.0,21.5
26/07/2004,2.8,30.3,25.9,21.9
27/07/2004,0.0,31.9,25.8,21.0
28/07/2004,0.0,31.7,25.4,21.4
29/07/2004,0.5,31.1,24.9,21.5
30/07/2004,0.0,32.1,25.5,21.7
31/07/2004,0.0,31.8,26.1,22.4
01/08/2004,0.0,32.3,25.6,21.3
02/08/2004,0.0,31.3,25.4,21.7
03/08/2004,0.0,31.7,26.1,21.3
04/08/2004,0.8,31.5,25.4,22.5
05/08/2004,0.0,32.3,26.2,21.4
06/08/2004,0.0,31.7,25.5,21.5
07/08/2004,1.0,31.9,24.7,21.7
08/08/2004,2.0,30.0,24.7,22.0
09/08/2004,0.0,30.3,25.4,22.4
10/08/2004,0.0,31.1,26.1,22.5
11/08/2004,10.6,28.4,24.9,22.0
12/08/2004,23.9,30.1,24.9,21.7
13/08/2004,2.4,30.7,25.2,21.5
14/08/2004,0.0,32.2,26.6,22.6
15/08/2004,0.0,30.3,25.5,22.5
16/08/2004,0.0,31.1,25.6,22.1
17/08/2004,6.4,32.4,26.7,22.2
18/08/2004,1.0,31.3,25.9,23.0
19/08/2004,0.0,30.9,25.9,22.7
20/08/2004,0.0,31.4,26.5,21.8
21/08/2004,0.0,31.7,25.8,22.4
22/08/2004,0.0,31.1,25.3,21.7
23/08/2004,0.0,32.2,26.7,22.3
24/08/2004,0.0,32.1,26.6,22.5
25/08/2004,0.0,31.3,26.1,21.9
26/08/2004,0.0,31.3,25.2,22.0
27/08/2004,7.2,31.9,25.6,21.4
28/08/2004,0.0,32.1,25.5,21.5
29/08/2004,0.0,32.1,26.2,21.6
30/08/2004,0.0,32.4,27.1,22.6
31/08/2004,0.0,32.1,26.5,21.5
01/09/2004,4.0,31.6,26.3,22.4
02/09/2004,2.6,31.9,26.1,22.0
03/09/2004,0.0,32.1,25.8,21.9
04/09/2004,6.0,31.4,26.9,22.6
05/09/2004,0.0,31.7,26.1,22.4
06/09/2004,0.0,29.9,25.5,22.5
07/09/2004,0.0,32.3,26.4,22.4
08/09/2004,0.0,32.5,26.3,23.0
09/09/2004,0.0,32.1,25.9,22.9
10/09/2004,0.0,30.8,26.5,22.9
11/09/2004,1.0,33.1,26.6,22.4
12/09/2004,26.0,29.1,24.4,21.5
13/09/2004,0.0,30.6,26.0,22.2
14/09/2004,20.2,31.1,26.2,21.9
15/09/2004,1.5,32.1,26.0,22.1
16/09/2004,0.0,32.7,26.7,22.5
17/09/2004,0.0,32.4,26.2,19.8
18/09/2004,0.6,32.5,26.7,21.8
19/09/2004,0.0,33.1,26.5,22.5
20/09/2004,0.0,32.1,26.5,22.5
21/09/2004,0.0,33.4,27.2,22.4
22/09/2004,0.0,33.4,27.5,23.3
23/09/2004,0.0,31.9,27.3,24.2
24/09/2004,0.0,32.1,27.0,23.6
25/09/2004,0.0,31.7,26.9,23.8
26/09/2004,0.0,30.7,26.3,23.4
27/09/2004,0.0,32.5,27.8,23.5
28/09/2004,0.0,32.5,27.1,23.5
29/09/2004,0.0,32.9,27.7,23.5
30/09/2004,0.0,33.9,28.2,23.9
01/10/2004,0.0,33.1,26.8,23.3
02/10/2004,0.0,33.1,27.1,24.2
03/10/2004,0.0,32.7,26.0,22.9
04/10/2004,0.0,31.8,26.7,22.6
05/10/2004,11.0,31.1,25.5,22.9
06/10/2004,0.0,31.1,26.6,22.9
07/10/2004,0.5,30.8,26.2,23.4
08/10/2004,0.0,31.6,27.2,23.4
09/10/2004,0.0,32.1,27.3,22.5
10/10/2004,0.0,32.3,27.1,23.1
11/10/2004,0.0,31.4,27.3,23.8
12/10/2004,0.0,32.7,27.3,23.3
13/10/2004,0.0,34.5,27.8,21.8
14/10/2004,0.0,32.5,27.4,23.1
15/10/2004,0.0,33.1,27.2,23.0
16/10/2004,0.0,33.2,27.3,23.1
17/10/2004,0.0,32.1,27.4,23.9
18/10/2004,0.0,33.5,27.4,23.5
19/10/2004,0.0,33.1,27.2,23.5
20/10/2004,0.0,34.3,28.3,23.7
21/10/2004,0.0,32.7,27.7,24.1
22/10/2004,0.0,32.1,27.0,23.5
23/10/2004,0.0,33.1,26.8,23.1
24/10/2004,0.0,34.1,27.4,22.0
25/10/2004,0.0,33.3,27.1,23.1
26/10/2004,0.0,31.5,26.0,23.6
27/10/2004,0.0,33.7,26.6,22.2
28/10/2004,0.0,32.1,25.9,21.5
29/10/2004,0.0,34.5,27.1,22.9
30/10/2004,0.0,28.9,24.9,22.3
31/10/2004,0.0,33.1,26.1,22.1
01/11/2004,0.0,31.9,27.2,22.4
02/11/2004,0.0,33.3,27.5,23.3
03/11/2004,0.0,32.1,27.2,21.9
04/11/2004,0.0,33.4,27.8,22.1
05/11/2004,0.0,33.5,27.6,23.2
06/11/2004,0.0,33.4,27.6,22.5
07/11/2004,0.0,34.4,27.9,23.5
08/11/2004,0.0,33.5,27.7,23.4
09/11/2004,0.0,32.3,27.1,23.5
10/11/2004,0.0,32.1,27.1,23.0
11/11/2004,0.0,33.5,27.7,23.3
12/11/2004,0.0,33.1,27.4,23.5
13/11/2004,0.0,32.9,28.0,23.8
14/11/2004,0.0,33.3,27.9,24.3
15/11/2004,0.0,33.1,27.5,22.5
16/11/2004,0.0,32.3,27.2,22.5
17/11/2004,0.0,33.5,27.4,23.1
18/11/2004,0.0,33.1,27.6,22.9
19/11/2004,0.0,33.4,27.6,22.5
20/11/2004,0.0,33.7,27.9,23.5
21/11/2004,0.0,33.3,27.7,22.5
22/11/2004,0.0,34.4,28.5,23.9
23/11/2004,0.0,33.7,27.1,22.4
24/11/2004,0.0,32.3,27.1,22.9
25/11/2004,0.0,34.4,28.1,23.3
26/11/2004,0.0,34.3,27.6,23.6
27/11/2004,0.0,33.1,27.4,23.5
28/11/2004,0.0,34.1,27.5,24.0
29/11/2004,0.0,34.5,27.8,23.5
30/11/2004,0.0,34.6,28.0,22.6
01/12/2004,0.0,33.4,27.4,23.5
02/12/2004,0.0,35.1,28.5,23.6
03/12/2004,0.0,34.6,28.5,23.5
04/12/2004,0.0,33.6,28.3,23.9
05/12/2004,0.0,33.1,27.0,22.3
06/12/2004,0.0,33.1,27.8,21.7
07/12/2004,0.0,34.5,28.3,23.3
08/12/2004,0.0,34.1,28.3,23.4
09/12/2004,0.0,34.1,28.0,23.5
10/12/2004,0.0,34.4,28.5,23.9
11/12/2004,0.0,34.1,28.3,23.6
12/12/2004,0.0,33.1,27.5,23.5
13/12/2004,0.0,34.7,28.0,23.0
14/12/2004,0.0,34.8,28.3,22.8
15/12/2004,0.0,34.1,28.6,23.1
16/12/2004,0.0,35.2,28.5,23.6
17/12/2004,0.0,35.1,28.3,23.8
18/12/2004,0.0,32.5,26.6,22.5
19/12/2004,0.0,32.9,27.2,22.8
20/12/2004,0.0,33.5,27.5,23.7
21/12/2004,0.0,34.1,27.5,21.5
22/12/2004,0.0,34.9,28.5,23.6
23/12/2004,0.0,31.7,26.6,22.5
24/12/2004,4.3,28.1,24.3,21.5
25/12/2004,0.0,33.6,26.5,22.0
26/12/2004,0.0,33.1,26.5,20.9
27/12/2004,39.6,28.1,24.5,22.5
28/12/2004,12.6,33.6,26.9,22.1
29/12/2004,0.0,33.7,27.2,22.9
30/12/2004,0.0,32.1,27.1,22.7
31/12/2004,0.0,32.5,27.3,23.4
01/01/2005,0.0,34.7,27.3,22.7
02/01/2005,0.0,33.6,27.5,23.4
03/01/2005,0.0,33.4,27.6,23.1
04/01/2005,0.0,34.3,27.9,23.3
05/01/2005,0.0,33.2,26.4,23.3
06/01/2005,0.0,33.4,28.6,23.9
07/01/2005,0.0,33.1,28.0,23.1
08/01/2005,0.0,33.1,26.8,21.9
09/01/2005,0.0,32.9,27.8,23.2
10/01/2005,0.0,33.5,27.6,22.4
11/01/2005,0.0,33.1,28.6,24.7
12/01/2005,0.0,33.6,28.4,23.6
13/01/2005,0.0,34.5,27.8,22.1
14/01/2005,0.0,33.1,27.5,21.7
15/01/2005,0.0,33.4,27.8,22.0
16/01/2005,0.0,33.3,27.5,22.0
17/01/2005,1.3,33.3,27.4,22.5
18/01/2005,74.2,28.0,24.0,22.2
19/01/2005,2.2,30.7,25.9,21.9
20/01/2005,0.0,31.1,26.5,22.5
21/01/2005,43.6,28.1,23.3,21.0
22/01/2005,11.2,30.7,25.4,22.4
23/01/2005,0.0,30.6,24.7,21.5
24/01/2005,0.0,32.3,26.6,22.6
25/01/2005,0.0,32.5,26.8,22.9
26/01/2005,1.5,32.1,25.9,22.5
27/01/2005,1.6,31.9,26.9,22.6
28/01/2005,0.0,33.1,27.1,23.2
29/01/2005,0.0,31.4,27.0,23.5
30/01/2005,31.0,30.5,26.2,22.9
31/01/2005,28.2,28.3,24.0,21.2
01/02/2005,0.4,30.3,25.9,21.5
02/02/2005,1.3,30.9,26.3,22.3
03/02/2005,32.2,28.4,23.7,21.0
04/02/2005,31.9,30.8,25.0,21.3
05/02/2005,4.6,27.9,25.2,21.8
06/02/2005,7.4,30.3,25.5,21.5
07/02/2005,7.2,27.1,24.4,21.7
08/02/2005,1.5,31.4,27.0,22.8
09/02/2005,0.0,30.7,26.2,21.9
10/02/2005,0.0,31.1,26.0,21.5
11/02/2005,0.0,32.6,27.0,22.6
12/02/2005,24.0,30.5,25.9,22.0
13/02/2005,67.9,29.8,25.1,21.7
14/02/2005,9.1,29.4,25.8,22.7
15/02/2005,14.3,30.1,25.1,20.9
16/02/2005,11.6,33.3,26.9,22.5
17/02/2005,12.7,30.4,25.6,22.8
18/02/2005,0.0,31.5,26.0,22.3
19/02/2005,0.0,31.3,26.0,22.7
20/02/2005,0.3,31.9,26.9,23.0
21/02/2005,12.3,30.1,25.6,22.5
22/02/2005,0.0,30.7,25.7,22.7
23/02/2005,14.5,27.4,24.9,22.3
24/02/2005,17.9,29.3,25.2,21.3
25/02/2005,28.6,31.1,25.7,22.5
26/02/2005,0.0,31.9,27.0,23.2
27/02/2005,0.0,30.7,26.6,23.5
28/02/2005,0.0,31.1,26.1,22.5
01/03/2005,38.8,28.9,25.5,22.7
02/03/2005,1.9,30.7,26.1,22.9
03/03/2005,0.0,30.9,26.6,22.7
04/03/2005,0.0,29.9,26.5,22.9
05/03/2005,4.7,30.3,25.9,22.4
06/03/2005,11.8,32.1,26.5,22.5
07/03/2005,0.0,32.7,26.6,21.9
08/03/2005,0.0,31.7,26.4,22.6
09/03/2005,1.5,30.3,25.6,22.5
10/03/2005,7.7,30.6,26.2,22.6
11/03/2005,3.8,31.3,26.2,22.4
12/03/2005,28.2,29.1,25.3,22.5
13/03/2005,22.8,30.6,26.2,22.6
14/03/2005,28.6,30.5,25.3,22.2
15/03/2005,1.2,30.1,26.1,22.5
16/03/2005,56.1,29.3,24.9,22.7
17/03/2005,23.4,31.3,27.4,22.6
18/03/2005,0.3,29.7,25.5,22.5
19/03/2005,4.3,29.9,25.5,22.4
20/03/2005,0.0,30.1,25.3,22.4
21/03/2005,0.0,32.2,25.5,22.5
22/03/2005,2.4,30.4,24.8,22.4
23/03/2005,1.7,30.7,26.1,22.3
24/03/2005,14.0,32.3,25.4,22.3
25/03/2005,0.0,30.0,26.5,22.9
26/03/2005,12.0,30.7,26.0,22.3
27/03/2005,0.0,31.1,26.6,22.5
28/03/2005,15.6,30.4,26.4,22.8
29/03/2005,31.4,30.7,25.6,21.8
30/03/2005,8.8,31.3,26.2,22.7
31/03/2005,1.1,27.0,25.0,22.9
01/04/2005,44.8,30.3,25.3,22.3
02/04/2005,12.9,31.3,26.4,22.5
03/04/2005,3.5,31.5,25.8,22.9
04/04/2005,0.0,29.5,25.3,22.9
05/04/2005,13.0,32.1,26.3,22.5
06/04/2005,1.1,30.3,26.2,22.8
07/04/2005,6.0,30.7,26.2,22.4
08/04/2005,3.6,30.3,25.9,22.9
09/04/2005,0.0,30.7,25.7,23.3
10/04/2005,0.8,29.9,25.2,22.1
11/04/2005,18.7,31.1,26.8,22.7
12/04/2005,5.3,27.6,23.8,21.7
13/04/2005,6.7,31.5,25.6,22.3
14/04/2005,0.0,30.1,26.1,22.7
15/04/2005,0.0,31.2,26.1,22.6
16/04/2005,9.3,30.7,25.7,23.0
17/04/2005,6.8,30.3,25.6,22.9
18/04/2005,3.0,30.4,26.0,22.6
19/04/2005,0.5,29.7,25.2,22.4
20/04/2005,0.0,31.1,26.4,22.7
21/04/2005,13.1,30.5,26.7,23.0
22/04/2005,5.4,31.3,26.3,23.3
23/04/2005,2.0,31.1,26.4,22.9
24/04/2005,48.6,26.9,24.1,22.8
25/04/2005,1.3,32.2,26.5,22.0
26/04/2005,0.0,31.1,25.9,22.7
27/04/2005,5.1,30.3,26.0,22.6
28/04/2005,0.6,27.4,24.3,22.7
29/04/2005,23.6,30.7,25.5,22.0
30/04/2005,0.0,28.5,25.4,22.6
01/05/2005,18.0,29.7,24.9,21.3
02/05/2005,0.0,29.8,26.0,22.5
03/05/2005,39.8,28.3,24.6,21.4
04/05/2005,34.4,30.1,25.5,21.6
05/05/2005,20.8,30.4,25.4,21.5
06/05/2005,37.8,30.5,25.4,22.3
07/05/2005,1.5,30.1,25.9,22.5
08/05/2005,10.6,29.3,25.8,22.5
09/05/2005,6.5,30.7,25.4,22.7
10/05/2005,3.6,29.7,25.5,22.1
11/05/2005,5.7,30.4,26.8,22.5
12/05/2005,0.0,30.4,26.0,22.6
13/05/2005,1.2,29.9,25.5,22.3
14/05/2005,3.9,32.1,26.8,22.5
15/05/2005,0.7,30.3,25.9,22.8
16/05/2005,1.9,31.7,25.9,22.7
17/05/2005,17.4,28.8,25.6,22.5
18/05/2005,1.1,31.5,25.9,23.0
19/05/2005,0.5,31.3,25.9,22.5
20/05/2005,2.6,30.0,25.7,22.5
21/05/2005,82.0,27.4,24.8,22.3
22/05/2005,35.7,29.3,24.9,21.5
23/05/2005,0.6,31.5,26.2,22.5
24/05/2005,0.0,30.7,26.2,22.8
25/05/2005,0.0,31.3,26.0,22.7
26/05/2005,0.0,31.7,26.6,22.9
27/05/2005,0.0,30.6,25.5,21.8
28/05/2005,0.0,30.5,25.5,23.0
29/05/2005,17.3,30.1,25.0,22.5
30/05/2005,32.0,28.9,24.5,21.8
31/05/2005,28.6,29.3,25.1,22.0
01/06/2005,0.3,29.1,24.9,21.9
02/06/2005,0.0,30.9,25.4,22.5
03/06/2005,9.5,29.5,25.2,21.9
04/06/2005,4.5,31.1,25.4,22.1
05/06/2005,0.0,31.7,26.4,23.2
06/06/2005,0.0,30.7,26.1,23.0
07/06/2005,0.3,30.8,25.1,22.9
08/06/2005,2.7,31.4,25.7,22.6
09/06/2005,2.1,30.7,25.8,23.0
10/06/2005,5.3,29.1,25.0,22.5
11/06/2005,5.2,30.3,26.2,22.2
12/06/2005,0.0,31.3,25.8,21.9
13/06/2005,0.0,32.1,25.9,21.7
14/06/2005,0.0,30.2,26.0,22.6
15/06/2005,0.0,30.5,25.7,22.4
16/06/2005,0.0,30.1,25.6,22.5
17/06/2005,0.8,32.4,26.2,21.8
18/06/2005,0.0,31.3,25.7,22.0
19/06/2005,0.0,31.3,26.1,22.5
20/06/2005,0.0,30.0,26.0,22.9
21/06/2005,1.0,31.0,25.8,21.7
22/06/2005,0.0,31.3,25.7,21.7
23/06/2005,0.3,31.7,25.6,21.6
24/06/2005,5.4,30.2,25.7,21.6
25/06/2005,0.0,30.2,25.5,21.8
26/06/2005,0.6,30.7,25.5,22.0
27/06/2005,6.3,29.3,25.1,21.6
28/06/2005,0.0,31.6,26.7,22.0
29/06/2005,0.0,31.6,26.7,22.3
30/06/2005,0.0,32.5,26.4,22.8
01/07/2005,0.4,32.7,26.3,21.5
02/07/2005,0.0,30.9,24.9,19.9
03/07/2005,9.4,32.1,25.7,20.7
04/07/2005,0.0,31.7,25.2,21.3
05/07/2005,6.4,30.6,25.8,21.3
06/07/2005,0.0,31.3,25.5,22.5
07/07/2005,6.8,31.3,25.5,21.7
08/07/2005,2.2,31.9,26.3,21.4
09/07/2005,0.0,29.4,25.2,22.7
10/07/2005,42.4,29.3,23.6,20.9
11/07/2005,24.7,29.4,24.8,19.7
12/07/2005,2.7,30.1,25.9,22.5
13/07/2005,0.0,31.3,26.1,21.7
14/07/2005,0.0,30.0,25.9,21.8
15/07/2005,0.3,31.1,26.1,22.5
16/07/2005,0.0,31.3,25.8,22.1
17/07/2005,0.0,31.5,25.6,21.8
18/07/2005,0.8,31.1,26.3,22.1
19/07/2005,0.0,31.7,25.9,21.6
20/07/2005,0.0,31.4,26.5,21.6
21/07/2005,0.0,31.1,25.9,21.5
22/07/2005,3.6,30.8,25.5,22.1
23/07/2005,35.5,31.7,26.1,21.6
24/07/2005,0.0,32.1,26.1,20.7
25/07/2005,0.0,33.1,26.8,21.3
26/07/2005,0.0,32.5,26.5,21.2
27/07/2005,0.4,31.2,25.6,22.1
28/07/2005,3.5,31.1,25.9,21.7
29/07/2005,0.0,32.5,26.9,21.8
30/07/2005,0.0,31.1,25.9,21.5
31/07/2005,0.0,32.5,26.1,21.4
01/08/2005,0.0,32.4,27.0,22.1
02/08/2005,0.0,31.1,26.5,22.5
03/08/2005,0.0,33.1,26.2,21.7
04/08/2005,0.0,33.1,26.8,22.3
05/08/2005,0.0,32.2,26.8,22.5
06/08/2005,0.0,33.3,27.0,22.9
07/08/2005,0.0,32.4,27.1,23.4
08/08/2005,0.0,33.1,27.4,23.1
09/08/2005,0.0,32.3,26.2,23.3
10/08/2005,0.0,33.4,27.4,23.3
11/08/2005,8.4,31.3,26.2,22.7
12/08/2005,18.4,30.3,25.3,21.3
13/08/2005,1.2,32.3,25.6,22.3
14/08/2005,6.8,31.7,25.8,21.5
15/08/2005,0.0,32.4,25.8,22.7
16/08/2005,4.3,31.7,26.4,22.6
17/08/2005,0.0,31.4,26.2,22.0
18/08/2005,0.0,31.7,26.5,22.0
19/08/2005,6.3,32.3,27.0,22.3
20/08/2005,0.0,32.2,25.9,22.4
21/08/2005,0.0,32.7,25.3,21.4
22/08/2005,2.5,32.3,26.3,21.5
23/08/2005,0.0,32.5,26.6,21.4
24/08/2005,0.0,32.8,26.3,21.7
25/08/2005,0.0,33.1,26.2,21.9
26/08/2005,0.0,33.3,26.3,21.8
27/08/2005,0.0,32.7,26.8,22.3
28/08/2005,0.0,32.7,26.9,21.9
29/08/2005,0.0,31.8,26.6,22.3
30/08/2005,0.0,32.1,26.5,23.1
31/08/2005,0.0,32.5,25.9,22.7
01/09/2005,3.1,33.1,26.5,21.9
02/09/2005,0.0,32.0,26.3,21.5
03/09/2005,0.0,32.3,26.5,22.5
04/09/2005,0.0,33.1,27.2,23.0
05/09/2005,0.0,31.1,26.1,22.7
06/09/2005,0.0,31.3,26.3,22.5
07/09/2005,0.0,31.3,26.6,22.7
08/09/2005,0.0,32.0,27.1,22.7
09/09/2005,0.0,32.1,27.0,23.5
10/09/2005,0.0,32.3,27.0,23.3
11/09/2005,0.0,32.5,26.5,22.7
12/09/2005,0.0,32.3,26.9,22.8
13/09/2005,0.0,32.3,26.8,22.4
14/09/2005,0.0,34.0,28.0,23.4
15/09/2005,17.6,32.1,26.4,22.9
16/09/2005,0.0,31.3,26.6,23.2
17/09/2005,0.0,32.3,26.3,23.6
18/09/2005,0.0,33.4,26.7,22.5
19/09/2005,0.0,32.7,26.4,23.5
20/09/2005,0.0,32.1,26.9,22.6
21/09/2005,0.0,33.1,27.6,23.9
22/09/2005,0.0,33.1,27.5,23.9
23/09/2005,0.0,33.5,27.9,23.8
24/09/2005,0.0,33.5,27.6,24.0
25/09/2005,0.0,33.4,28.1,23.4
26/09/2005,0.0,33.1,27.6,23.5
27/09/2005,0.0,34.0,27.5,23.0
28/09/2005,0.0,33.1,27.1,23.5
29/09/2005,0.0,34.4,27.6,23.9
30/09/2005,0.0,33.1,26.6,22.1
01/10/2005,0.0,33.8,27.6,22.2
02/10/2005,0.0,33.6,27.2,22.7
03/10/2005,0.0,34.9,27.6,22.8
04/10/2005,0.0,33.1,27.2,23.1
05/10/2005,0.0,33.5,27.8,23.9
06/10/2005,0.0,33.3,28.1,23.5
07/10/2005,0.0,32.1,27.6,23.6
08/10/2005,0.0,32.2,26.9,22.9
09/10/2005,0.0,35.6,28.6,22.4
10/10/2005,0.0,33.1,27.5,23.5
11/10/2005,24.6,27.6,24.3,22.7
12/10/2005,2.0,31.1,25.7,21.5
13/10/2005,0.0,32.4,26.7,22.4
14/10/2005,0.0,32.4,27.6,23.5
15/10/2005,0.0,33.4,27.5,23.3
16/10/2005,0.0,33.1,27.3,23.5
17/10/2005,0.0,33.3,27.2,22.8
18/10/2005,0.0,33.7,27.8,23.7
19/10/2005,0.0,34.1,27.4,23.4
20/10/2005,0.0,34.2,28.6,23.5
21/10/2005,0.0,33.7,28.6,24.5
22/10/2005,0.0,32.9,28.1,24.0
23/10/2005,0.0,33.3,27.8,23.2
24/10/2005,0.0,33.3,27.8,23.5
25/10/2005,0.0,33.7,28.2,23.4
26/10/2005,0.0,32.9,27.3,23.8
27/10/2005,4.6,33.8,26.6,22.5
28/10/2005,0.0,34.7,28.3,24.0
29/10/2005,0.0,34.3,28.2,23.2
30/10/2005,0.0,32.6,27.1,23.5
31/10/2005,0.0,35.7,29.0,23.6
01/11/2005,0.0,31.1,26.6,23.4
02/11/2005,0.0,32.8,27.0,23.5
03/11/2005,0.0,34.3,28.1,23.5
04/11/2005,0.0,34.8,28.0,22.3
05/11/2005,0.0,30.1,26.4,22.5
06/11/2005,16.1,30.7,25.1,21.3
07/11/2005,0.0,34.0,27.7,21.9
08/11/2005,0.0,33.6,28.2,23.5
09/11/2005,0.0,33.6,27.1,23.5
10/11/2005,0.0,34.3,27.8,23.6
11/11/2005,0.0,33.7,27.8,23.4
12/11/2005,0.0,33.4,27.8,23.5
13/11/2005,0.0,33.1,27.7,23.5
14/11/2005,0.0,33.5,27.7,23.1
15/11/2005,0.0,33.8,28.0,23.3
16/11/2005,0.0,32.4,27.0,23.5
17/11/2005,0.0,33.9,27.8,23.1
18/11/2005,0.0,34.1,28.0,24.3
19/11/2005,0.0,33.7,28.4,24.4
20/11/2005,0.0,33.1,28.2,23.7
21/11/2005,0.0,33.4,27.4,23.5
22/11/2005,0.0,33.7,27.7,23.2
23/11/2005,0.0,33.4,27.8,22.4
24/11/2005,0.0,32.8,27.1,22.7
25/11/2005,0.0,33.5,27.0,23.8
26/11/2005,0.0,34.5,27.9,24.1
27/11/2005,0.0,31.7,26.3,22.3
28/11/2005,0.0,33.1,27.3,22.7
29/11/2005,0.0,33.4,27.8,23.5
30/11/2005,0.0,32.4,27.0,23.1
01/12/2005,0.0,33.1,27.5,22.5
02/12/2005,0.3,30.5,25.4,22.0
03/12/2005,3.5,31.1,26.5,22.5
04/12/2005,18.3,28.1,24.4,21.6
05/12/2005,12.1,30.3,25.2,21.5
06/12/2005,0.6,31.1,26.2,21.3
07/12/2005,29.6,27.1,24.3,22.5
08/12/2005,8.4,31.4,26.1,22.7
09/12/2005,0.0,29.3,26.0,22.5
10/12/2005,28.0,30.3,25.7,20.5
11/12/2005,0.0,31.5,26.1,20.4
12/12/2005,0.0,31.3,25.4,22.0
13/12/2005,0.0,32.6,27.2,21.5
14/12/2005,0.0,31.9,27.3,23.4
15/12/2005,27.3,30.3,25.2,22.9
16/12/2005,4.3,32.3,26.5,22.1
17/12/2005,0.0,32.7,26.4,23.2
18/12/2005,0.0,29.7,24.2,22.3
19/12/2005,1.2,32.3,26.1,22.5
20/12/2005,6.1,27.6,25.1,22.8
21/12/2005,8.0,27.7,24.3,21.9
22/12/2005,7.6,30.1,26.1,22.5
23/12/2005,8.8,32.0,26.4,23.1
24/12/2005,0.0,28.7,24.8,22.5
25/12/2005,13.4,29.7,25.4,22.5
26/12/2005,0.0,31.6,27.0,22.8
27/12/2005,15.4,27.9,23.5,21.9
28/12/2005,44.7,31.3,25.9,21.5
29/12/2005,29.0,31.3,24.3,21.5
30/12/2005,12.2,30.3,25.1,21.4
31/12/2005,0.0,30.4,25.1,21.5
01/01/2006,0.0,30.9,26.4,22.4
02/01/2006,3.8,30.4,25.3,22.3
03/01/2006,2.0,30.7,25.4,22.0
04/01/2006,55.8,27.5,23.4,21.7
05/01/2006,5.2,30.3,25.1,21.5
06/01/2006,0.0,31.7,26.6,21.9
07/01/2006,0.0,29.7,25.7,22.0
08/01/2006,33.6,27.9,24.6,21.8
09/01/2006,1.4,28.3,24.2,22.1
10/01/2006,6.4,30.3,25.6,22.0
11/01/2006,0.0,30.5,25.6,22.1
12/01/2006,0.0,27.4,24.6,21.8
13/01/2006,6.3,30.3,25.2,22.0
14/01/2006,0.0,31.3,26.4,22.2
15/01/2006,0.0,31.7,26.9,22.7
16/01/2006,0.0,31.3,26.0,22.9
17/01/2006,0.0,30.3,25.5,22.2
18/01/2006,0.0,30.9,26.6,22.8
19/01/2006,3.8,26.8,23.9,21.8
20/01/2006,42.4,28.7,24.1,21.8
21/01/2006,21.9,31.7,25.6,21.3
22/01/2006,7.4,29.3,24.8,21.7
23/01/2006,0.7,30.7,25.9,21.4
24/01/2006,3.1,30.9,26.2,21.2
25/01/2006,8.0,30.8,26.2,22.3
26/01/2006,0.0,31.1,26.8,22.9
27/01/2006,0.0,31.3,27.0,23.1
28/01/2006,0.0,31.5,26.9,22.9
29/01/2006,0.8,31.3,27.1,23.2
30/01/2006,16.8,31.3,26.4,23.0
31/01/2006,0.0,29.1,25.6,23.0
01/02/2006,6.6,30.9,26.4,23.2
02/02/2006,0.0,33.3,26.4,22.3
03/02/2006,0.0,31.7,26.1,22.0
04/02/2006,0.0,33.5,26.3,23.1
05/02/2006,6.4,28.9,25.2,22.0
06/02/2006,9.2,30.2,26.0,21.9
07/02/2006,0.0,29.7,25.5,22.6
08/02/2006,0.0,31.3,26.3,22.5
09/02/2006,0.0,30.7,26.1,22.4
10/02/2006,0.0,31.5,26.7,22.7
11/02/2006,0.0,31.8,27.3,22.7
12/02/2006,6.0,29.3,25.9,23.3
13/02/2006,2.5,29.4,25.6,22.7
14/02/2006,17.2,27.7,24.2,21.3
15/02/2006,12.2,28.1,24.8,21.9
16/02/2006,0.0,28.4,24.6,22.5
17/02/2006,94.0,29.7,24.5,21.3
18/02/2006,3.4,29.2,25.3,22.0
19/02/2006,0.0,30.3,25.9,22.9
20/02/2006,0.6,29.1,24.9,22.3
21/02/2006,7.0,27.9,24.6,21.7
22/02/2006,30.7,30.1,25.5,22.5
23/02/2006,5.3,31.3,25.5,22.3
24/02/2006,0.0,31.2,26.4,22.0
25/02/2006,0.0,31.9,26.9,23.5
26/02/2006,5.6,30.3,25.7,23.2
27/02/2006,2.6,30.3,25.6,22.8
28/02/2006,4.4,29.2,25.3,22.7
01/03/2006,28.6,30.5,25.0,21.3
02/03/2006,20.6,29.4,25.4,21.8
03/03/2006,0.0,30.2,25.1,23.3
04/03/2006,19.4,29.7,25.7,22.1
05/03/2006,0.9,30.9,26.0,22.3
06/03/2006,0.0,31.1,26.4,23.1
07/03/2006,0.0,31.2,26.6,22.7
08/03/2006,0.7,31.3,26.3,22.9
09/03/2006,0.9,31.1,26.1,22.7
10/03/2006,11.2,29.7,25.0,21.3
11/03/2006,36.4,28.9,24.7,21.8
12/03/2006,56.2,28.1,24.3,21.5
13/03/2006,20.3,30.7,25.8,21.8
14/03/2006,0.5,31.2,26.3,22.0
15/03/2006,0.0,31.1,25.8,22.9
16/03/2006,0.0,32.1,25.9,22.4
17/03/2006,2.7,29.1,24.3,22.0
18/03/2006,71.1,29.7,25.1,22.5
19/03/2006,0.0,31.3,25.7,22.0
20/03/2006,0.0,29.4,25.6,22.0
21/03/2006,2.0,30.1,25.3,22.7
22/03/2006,22.3,30.7,25.5,21.9
23/03/2006,29.1,29.8,25.6,21.4
24/03/2006,10.5,29.5,25.3,21.5
25/03/2006,25.3,29.7,25.3,21.3
26/03/2006,7.0,29.2,24.5,22.5
27/03/2006,1.5,30.3,26.1,22.5
28/03/2006,10.3,28.7,24.8,21.9
29/03/2006,66.6,28.1,24.5,21.7
30/03/2006,12.4,28.5,24.5,22.1
31/03/2006,1.1,30.5,25.5,22.3
01/04/2006,0.0,29.0,25.6,22.5
02/04/2006,0.4,30.5,25.9,22.9
03/04/2006,18.4,29.7,24.9,21.4
04/04/2006,3.6,30.4,25.4,21.0
05/04/2006,0.6,30.3,25.9,23.1
06/04/2006,0.0,30.4,25.5,22.3
07/04/2006,35.3,30.5,26.1,22.4
08/04/2006,17.0,30.7,25.3,22.5
09/04/2006,48.3,29.7,25.4,21.3
10/04/2006,1.7,27.4,24.9,22.8
11/04/2006,8.0,29.1,24.9,22.8
12/04/2006,44.3,30.1,25.3,21.4
13/04/2006,0.0,30.6,25.9,22.5
14/04/2006,0.0,30.3,26.1,23.1
15/04/2006,0.0,29.7,25.6,22.6
16/04/2006,21.2,26.8,24.4,23.1
17/04/2006,2.6,29.2,24.6,21.5
18/04/2006,3.6,32.3,26.9,22.4
19/04/2006,31.3,31.2,26.8,22.8
20/04/2006,18.4,29.7,25.1,22.9
21/04/2006,0.5,30.7,25.9,22.9
22/04/2006,1.5,30.9,26.3,22.2
23/04/2006,4.2,31.3,25.8,22.7
24/04/2006,0.0,28.8,25.2,22.6
25/04/2006,4.2,26.4,24.4,22.5
26/04/2006,62.8,31.7,25.6,22.2
27/04/2006,3.0,30.1,25.5,22.3
28/04/2006,96.6,25.9,23.8,21.3
29/04/2006,3.1,31.5,25.8,22.5
30/04/2006,0.0,28.7,24.4,21.9
01/05/2006,56.4,30.4,26.0,22.5
02/05/2006,0.7,30.7,26.0,22.5
03/05/2006,8.4,29.7,25.2,21.3
04/05/2006,32.3,31.7,25.9,22.6
05/05/2006,7.8,31.1,26.1,22.7
06/05/2006,43.1,27.3,23.7,21.8
07/05/2006,11.0,29.7,24.6,21.7
08/05/2006,1.7,32.1,26.3,22.5
09/05/2006,50.1,29.7,25.0,21.7
10/05/2006,31.3,31.4,25.7,22.3
11/05/2006,0.6,27.1,24.1,21.9
12/05/2006,10.7,31.7,25.9,21.4
13/05/2006,0.0,30.4,25.8,21.6
14/05/2006,8.0,28.7,25.0,22.5
15/05/2006,26.6,31.3,25.3,21.9
16/05/2006,1.1,28.9,26.0,22.2
17/05/2006,17.8,29.9,25.0,22.0
18/05/2006,23.3,30.3,25.2,21.9
19/05/2006,1.0,30.9,25.8,22.5
20/05/2006,1.2,30.1,25.1,22.5
21/05/2006,24.2,30.3,25.6,22.4
22/05/2006,0.5,30.2,26.1,22.3
23/05/2006,14.7,29.3,24.6,21.9
24/05/2006,12.2,30.9,25.8,21.4
25/05/2006,0.7,29.0,25.8,21.6
26/05/2006,27.0,30.5,25.6,21.7
27/05/2006,3.9,29.7,25.0,21.5
28/05/2006,1.5,27.9,24.6,22.0
29/05/2006,23.0,30.7,26.0,22.0
30/05/2006,8.6,30.3,24.9,21.9
31/05/2006,4.2,28.9,25.5,21.7
01/06/2006,0.0,31.4,26.1,21.9
02/06/2006,0.0,30.9,26.1,22.5
03/06/2006,8.2,28.4,25.3,22.8
04/06/2006,0.5,32.1,26.0,22.4
05/06/2006,0.0,32.1,27.3,23.1
06/06/2006,0.0,31.7,25.8,22.8
07/06/2006,3.2,27.9,24.6,21.8
08/06/2006,10.4,31.4,25.8,21.7
09/06/2006,0.0,31.5,25.4,22.3
10/06/2006,27.9,28.9,25.3,21.9
11/06/2006,37.2,27.9,24.4,21.2
12/06/2006,0.0,28.9,24.6,21.1
13/06/2006,9.3,29.3,24.7,21.9
14/06/2006,20.8,31.3,26.4,21.5
15/06/2006,0.0,28.4,24.0,21.8
16/06/2006,42.2,30.3,23.8,20.4
17/06/2006,3.2,30.3,24.5,21.9
18/06/2006,1.2,29.3,24.7,21.5
19/06/2006,6.5,30.9,26.1,21.8
20/06/2006,0.0,30.5,26.5,22.4
21/06/2006,0.0,31.3,25.5,21.3
22/06/2006,0.0,32.3,26.4,21.4
23/06/2006,0.0,32.9,26.8,21.1
24/06/2006,0.0,31.9,27.0,22.9
25/06/2006,0.0,32.3,26.5,23.1
26/06/2006,0.0,32.3,26.6,23.1
27/06/2006,0.0,31.4,26.5,22.2
28/06/2006,1.3,29.9,25.1,22.6
29/06/2006,2.6,30.7,25.3,21.4
30/06/2006,0.0,31.7,26.0,21.8
01/07/2006,0.4,30.7,25.8,21.6
02/07/2006,2.1,30.4,25.8,23.0
03/07/2006,2.7,30.5,25.0,22.6
04/07/2006,4.6,29.3,24.3,21.9
05/07/2006,5.4,31.1,25.5,22.5
06/07/2006,0.0,31.4,26.5,22.3
07/07/2006,0.0,31.7,25.6,21.7
08/07/2006,0.0,29.1,24.2,21.5
09/07/2006,6.3,31.4,26.0,21.2
10/07/2006,0.0,32.4,27.2,23.1
11/07/2006,0.0,32.4,26.1,23.4
12/07/2006,2.0,31.3,26.1,22.2
13/07/2006,0.0,31.5,26.2,22.2
14/07/2006,0.0,32.1,26.7,22.5
15/07/2006,0.0,31.4,25.9,22.9
16/07/2006,0.0,32.3,25.7,21.7
17/07/2006,0.0,32.5,26.2,22.3
18/07/2006,0.0,31.3,26.6,22.7
19/07/2006,0.0,31.7,26.6,23.1
20/07/2006,0.0,30.7,25.9,22.5
21/07/2006,3.0,31.7,26.0,22.5
22/07/2006,0.0,30.1,25.7,22.7
23/07/2006,0.0,31.6,26.2,22.5
24/07/2006,0.0,31.7,26.5,22.4
25/07/2006,0.0,33.4,26.2,21.9
26/07/2006,0.0,31.1,25.6,21.9
27/07/2006,7.2,31.1,26.5,22.5
28/07/2006,6.3,31.8,26.0,21.9
29/07/2006,0.0,31.5,25.2,22.3
30/07/2006,15.4,30.4,24.3,21.1
31/07/2006,5.2,31.1,26.1,21.5
01/08/2006,0.0,31.3,25.8,21.7
02/08/2006,6.6,30.5,25.2,21.5
03/08/2006,0.0,31.7,26.0,22.1
04/08/2006,8.3,31.9,25.8,21.5
05/08/2006,0.0,32.7,26.4,22.3
06/08/2006,0.0,32.9,26.6,22.5
07/08/2006,0.0,31.4,26.0,21.7
08/08/2006,0.0,31.6,26.2,22.7
09/08/2006,0.0,32.3,26.2,21.9
10/08/2006,0.0,32.0,25.9,22.5
11/08/2006,2.6,32.5,26.8,22.8
12/08/2006,0.0,32.7,26.9,22.4
13/08/2006,0.0,30.5,26.0,22.7
14/08/2006,0.0,32.1,26.8,22.4
15/08/2006,0.0,32.3,27.2,22.3
16/08/2006,0.0,32.3,26.7,22.5
17/08/2006,0.3,32.2,25.5,21.5
18/08/2006,0.3,31.7,26.5,22.4
19/08/2006,0.0,32.5,26.8,22.5
20/08/2006,0.0,32.3,26.1,23.5
21/08/2006,0.0,33.9,27.6,22.3
22/08/2006,0.0,33.1,27.1,22.5
23/08/2006,0.0,31.5,26.7,23.5
24/08/2006,0.0,32.1,26.6,22.8
25/08/2006,0.0,32.4,26.7,23.9
26/08/2006,0.5,31.7,26.6,22.5
27/08/2006,0.0,32.5,26.7,22.3
28/08/2006,0.0,32.9,27.6,22.5
29/08/2006,0.0,33.4,27.6,22.1
30/08/2006,0.0,32.6,27.2,22.3
31/08/2006,0.0,33.7,27.4,21.6
01/09/2006,0.0,33.3,26.7,21.3
02/09/2006,0.0,33.9,27.2,22.5
03/09/2006,0.0,33.9,28.0,22.2
04/09/2006,0.0,31.1,25.6,22.1
05/09/2006,4.8,32.7,26.4,22.3
06/09/2006,0.0,32.1,27.3,22.6
07/09/2006,0.0,31.7,26.5,22.5
08/09/2006,0.0,32.7,26.9,22.0
09/09/2006,0.0,33.1,27.1,21.3
10/09/2006,0.0,33.1,26.4,22.6
11/09/2006,0.0,34.1,27.2,22.0
12/09/2006,0.0,34.2,27.9,22.0
13/09/2006,0.0,32.9,27.9,23.7
14/09/2006,0.0,32.1,26.1,22.5
15/09/2006,0.0,32.3,27.3,22.5
16/09/2006,0.0,32.9,27.8,22.7
17/09/2006,0.0,33.0,27.9,23.9
18/09/2006,0.0,32.1,27.1,23.5
19/09/2006,0.0,32.9,27.7,23.5
20/09/2006,0.0,35.4,28.7,23.8
21/09/2006,0.0,34.2,28.2,23.0
22/09/2006,0.0,33.2,27.5,22.2
23/09/2006,0.0,32.3,27.5,22.7
24/09/2006,0.0,33.2,28.0,23.6
25/09/2006,0.0,34.2,28.0,23.0
26/09/2006,0.0,32.3,26.5,22.5
27/09/2006,1.4,33.4,27.0,23.5
28/09/2006,1.5,32.5,26.7,22.1
29/09/2006,6.6,32.9,26.5,22.0
30/09/2006,1.0,32.4,26.8,22.5
01/10/2006,0.0,33.2,27.2,22.5
02/10/2006,0.0,33.4,27.7,23.5
03/10/2006,0.0,34.3,28.0,23.4
04/10/2006,0.0,34.4,28.3,23.5
05/10/2006,0.0,33.4,27.8,23.5
06/10/2006,0.0,33.5,27.5,23.8
07/10/2006,0.0,34.2,28.5,23.9
08/10/2006,0.0,33.7,27.9,23.5
09/10/2006,0.0,32.4,27.6,23.5
10/10/2006,0.0,33.5,27.5,23.7
11/10/2006,0.0,34.1,28.1,23.8
12/10/2006,0.0,33.2,27.7,23.5
13/10/2006,0.0,33.8,27.4,23.5
14/10/2006,0.0,34.7,28.5,23.7
15/10/2006,0.0,34.2,28.5,24.3
16/10/2006,0.0,34.3,28.0,23.5
17/10/2006,0.0,34.7,28.3,23.6
18/10/2006,0.0,29.3,25.2,22.0
19/10/2006,3.8,28.6,25.0,22.4
20/10/2006,4.7,31.7,26.2,22.6
21/10/2006,0.0,34.6,28.2,23.5
22/10/2006,0.0,34.4,28.5,23.5
23/10/2006,0.0,32.4,27.6,22.7
24/10/2006,0.0,33.1,27.3,23.5
25/10/2006,1.9,34.1,28.3,23.0
26/10/2006,0.0,32.3,27.1,23.5
27/10/2006,0.0,34.8,27.8,23.3
28/10/2006,0.0,35.1,28.4,22.3
29/10/2006,0.0,34.7,27.9,22.3
30/10/2006,0.0,33.5,27.7,22.5
31/10/2006,39.5,33.1,27.1,23.0
01/11/2006,0.0,33.2,27.3,23.5
02/11/2006,0.0,32.1,27.5,23.5
03/11/2006,0.0,32.8,27.0,23.0
04/11/2006,0.0,32.2,26.5,22.5
05/11/2006,0.0,32.7,27.6,23.5
06/11/2006,0.0,32.7,27.8,23.5
07/11/2006,0.0,33.4,27.7,23.7
08/11/2006,0.0,33.5,28.2,23.5
09/11/2006,0.0,36.4,28.7,21.6
10/11/2006,27.6,29.9,25.1,22.5
11/11/2006,1.6,27.3,24.7,22.5
12/11/2006,7.5,31.3,25.8,22.3
13/11/2006,0.0,32.7,27.3,22.7
14/11/2006,36.0,29.4,25.2,22.5
15/11/2006,2.1,31.3,26.4,22.4
16/11/2006,0.0,31.8,26.6,22.5
17/11/2006,0.0,30.1,25.4,22.6
18/11/2006,0.0,29.4,25.9,23.2
19/11/2006,0.0,31.5,25.8,21.9
20/11/2006,0.0,31.7,26.3,22.2
21/11/2006,0.0,30.6,25.9,22.0
22/11/2006,0.3,26.9,25.0,22.9
23/11/2006,27.0,31.7,25.9,22.0
24/11/2006,0.0,31.8,26.3,22.8
25/11/2006,0.0,32.0,26.9,22.8
26/11/2006,0.0,31.5,26.7,22.8
27/11/2006,0.0,32.3,26.9,22.5
28/11/2006,0.0,34.3,28.0,22.3
29/11/2006,0.0,33.7,27.6,23.0
30/11/2006,0.0,32.5,27.4,22.5
01/12/2006,0.0,33.3,27.9,22.6
02/12/2006,0.0,30.7,25.7,21.7
03/12/2006,0.0,32.4,27.4,22.5
04/12/2006,0.0,32.1,27.6,23.3
05/12/2006,0.0,32.7,27.3,22.5
06/12/2006,0.0,32.2,27.4,23.8
07/12/2006,0.0,32.2,27.8,23.2
08/12/2006,0.0,32.3,26.6,22.2
09/12/2006,0.0,31.6,26.6,22.5
10/12/2006,0.0,32.0,27.1,23.5
11/12/2006,0.0,32.7,26.8,23.3
12/12/2006,3.8,31.2,25.6,22.5
13/12/2006,0.0,31.6,26.7,22.7
14/12/2006,0.0,31.5,26.6,22.8
15/12/2006,0.0,31.3,26.5,22.5
16/12/2006,0.0,31.5,26.5,22.5
17/12/2006,0.0,31.9,26.6,22.4
18/12/2006,0.0,31.9,27.0,22.7
19/12/2006,2.2,32.5,26.1,22.3
20/12/2006,0.0,31.8,26.6,22.5
21/12/2006,0.0,32.6,27.0,22.4
22/12/2006,0.0,32.9,27.6,22.3
23/12/2006,0.0,33.0,27.7,23.7
24/12/2006,0.0,32.9,27.4,23.6
25/12/2006,0.0,32.5,27.5,23.5
26/12/2006,0.0,32.6,27.4,22.7
27/12/2006,0.0,33.1,27.1,23.3
28/12/2006,0.0,30.9,26.3,23.0
29/12/2006,0.0,33.6,27.4,22.7
30/12/2006,0.0,35.1,27.8,23.4
31/12/2006,0.0,33.4,28.0,23.3
01/01/2007,0.0,32.1,27.0,23.6
02/01/2007,0.0,33.6,27.5,23.1
03/01/2007,0.0,33.3,28.1,23.5
04/01/2007,0.0,32.1,27.3,23.5
05/01/2007,0.0,33.3,26.7,22.7
06/01/2007,0.5,33.7,27.3,22.8
07/01/2007,0.0,34.0,27.9,22.8
08/01/2007,0.0,33.4,27.8,23.3
09/01/2007,0.0,33.7,28.2,23.9
10/01/2007,0.0,34.1,27.7,23.3
11/01/2007,0.0,33.9,28.1,23.8
12/01/2007,0.0,34.2,28.4,23.8
13/01/2007,0.0,33.4,27.8,23.3
14/01/2007,0.0,32.3,26.3,22.4
15/01/2007,0.0,34.0,28.0,23.6
16/01/2007,0.0,32.8,27.2,23.3
17/01/2007,0.0,32.5,27.1,22.3
18/01/2007,0.0,34.1,27.9,22.4
19/01/2007,0.0,34.8,27.7,23.1
20/01/2007,0.0,30.4,25.6,22.2
21/01/2007,10.9,32.1,26.4,21.9
22/01/2007,0.0,32.7,27.1,22.2
23/01/2007,0.0,34.0,27.7,22.1
24/01/2007,0.0,32.7,27.6,23.0
25/01/2007,0.0,32.1,27.5,23.3
26/01/2007,0.0,33.5,27.6,23.6
27/01/2007,4.1,34.9,28.0,22.7
28/01/2007,0.0,34.4,28.2,23.6
29/01/2007,0.0,33.4,27.9,23.4
30/01/2007,0.0,32.9,27.6,23.6
31/01/2007,0.0,33.0,27.6,23.0
01/02/2007,84.2,30.3,25.7,22.4
02/02/2007,12.6,31.9,25.8,20.6
03/02/2007,14.2,31.1,25.1,20.5
04/02/2007,12.6,33.7,26.7,22.9
05/02/2007,13.9,31.3,26.0,21.8
06/02/2007,37.0,29.5,24.8,20.5
07/02/2007,12.6,27.5,24.6,22.3
08/02/2007,27.8,29.9,24.4,20.6
09/02/2007,0.0,29.5,24.8,20.5
10/02/2007,30.5,28.9,25.1,22.3
11/02/2007,1.6,31.5,26.1,21.7
12/02/2007,0.0,31.6,26.5,22.5
13/02/2007,0.0,31.6,26.5,22.7
14/02/2007,0.0,32.7,27.1,22.4
15/02/2007,0.0,31.7,26.6,22.5
16/02/2007,0.0,31.1,26.2,22.8
17/02/2007,0.0,30.9,25.8,22.3
18/02/2007,0.0,31.7,26.2,22.5
19/02/2007,0.0,26.9,24.4,22.5
20/02/2007,1.3,31.3,26.1,22.0
21/02/2007,30.5,29.3,24.0,21.7
22/02/2007,15.2,28.9,24.5,21.2
23/02/2007,15.5,30.3,25.4,21.8
24/02/2007,5.8,30.4,25.4,21.5
25/02/2007,10.0,31.6,26.7,22.5
26/02/2007,0.0,30.7,26.1,22.7
27/02/2007,36.2,32.1,25.5,21.5
28/02/2007,1.5,31.2,26.0,22.5
01/03/2007,0.8,31.4,26.2,22.3
02/03/2007,14.0,30.8,26.2,22.7
03/03/2007,3.7,30.4,25.8,22.9
04/03/2007,1.1,31.6,25.4,21.9
05/03/2007,0.6,31.1,25.5,22.5
06/03/2007,13.9,30.0,25.5,22.8
07/03/2007,2.4,31.5,25.9,22.4
08/03/2007,5.0,29.2,25.2,22.1
09/03/2007,0.0,30.9,26.1,22.6
10/03/2007,8.3,30.8,25.9,22.3
11/03/2007,9.8,31.7,25.9,22.5
12/03/2007,6.2,28.9,25.3,22.8
13/03/2007,8.2,29.3,25.5,21.9
14/03/2007,68.1,31.5,25.4,21.5
15/03/2007,6.2,25.9,23.7,21.6
16/03/2007,17.1,32.1,25.2,21.3
17/03/2007,0.0,31.8,26.2,22.5
18/03/2007,16.0,30.4,25.8,22.5
19/03/2007,49.9,28.9,24.7,21.1
20/03/2007,2.8,27.2,24.5,22.5
21/03/2007,47.6,30.6,25.9,22.0
22/03/2007,53.0,28.5,24.0,21.0
23/03/2007,0.0,31.4,25.6,22.1
24/03/2007,0.0,30.9,26.4,22.5
25/03/2007,0.0,32.3,25.7,22.3
26/03/2007,18.3,31.6,25.8,22.5
27/03/2007,0.4,30.9,26.5,22.8
28/03/2007,4.3,31.3,25.9,22.1
29/03/2007,20.0,30.3,25.1,22.5
30/03/2007,13.5,30.8,25.8,22.6
31/03/2007,21.1,30.9,25.9,21.4
01/04/2007,8.1,30.7,25.3,21.5
02/04/2007,0.4,30.2,26.4,22.2
03/04/2007,93.6,28.8,24.7,21.0
04/04/2007,0.9,30.1,25.4,22.5
05/04/2007,16.9,30.6,26.1,22.4
06/04/2007,1.2,31.5,26.3,21.9
07/04/2007,0.0,28.7,24.9,22.5
08/04/2007,37.2,30.9,26.5,22.8
09/04/2007,0.0,31.3,26.6,22.3
10/04/2007,87.0,30.7,25.2,22.5
11/04/2007,27.1,29.9,26.1,22.7
12/04/2007,3.3,29.9,25.0,22.0
13/04/2007,19.8,30.9,25.7,21.5
14/04/2007,3.6,30.9,26.6,22.9
15/04/2007,0.0,30.3,25.6,22.4
16/04/2007,1.3,31.7,26.3,22.7
17/04/2007,4.1,31.4,26.3,22.7
18/04/2007,0.0,30.6,26.4,22.6
19/04/2007,0.0,29.9,26.3,22.7
20/04/2007,4.8,27.9,25.2,22.5
21/04/2007,22.7,29.5,24.8,21.3
22/04/2007,46.1,27.3,23.8,21.8
23/04/2007,13.3,31.4,25.4,21.2
24/04/2007,0.0,31.7,25.9,22.3
25/04/2007,0.0,31.5,26.3,22.5
26/04/2007,4.9,31.3,25.4,21.9
27/04/2007,0.0,29.9,25.3,22.5
28/04/2007,3.3,30.4,25.2,22.9
29/04/2007,16.0,30.1,25.9,22.6
30/04/2007,0.0,31.3,26.1,22.9
01/05/2007,6.0,30.4,25.4,22.6
02/05/2007,0.0,31.7,26.2,22.4
03/05/2007,0.0,30.9,26.2,22.4
04/05/2007,0.0,31.9,27.0,22.5
05/05/2007,1.1,30.4,26.7,23.2
06/05/2007,0.3,30.3,25.1,22.4
07/05/2007,32.4,29.7,25.1,22.5
08/05/2007,73.7,30.2,25.9,22.1
09/05/2007,0.4,31.5,26.4,22.4
10/05/2007,21.4,29.5,25.2,22.5
11/05/2007,6.5,31.9,26.6,22.7
12/05/2007,13.8,31.3,25.6,22.3
13/05/2007,0.0,31.6,26.1,22.5
14/05/2007,0.0,30.4,26.7,23.2
15/05/2007,12.4,31.5,25.5,22.7
16/05/2007,4.0,31.4,25.8,21.7
17/05/2007,1.5,31.5,26.9,22.7
18/05/2007,0.0,31.9,26.8,23.0
19/05/2007,0.0,31.7,27.1,22.4
20/05/2007,0.0,30.0,26.1,23.5
21/05/2007,17.7,31.9,26.1,22.2
22/05/2007,15.0,28.3,24.1,21.5
23/05/2007,7.1,32.2,26.6,22.0
24/05/2007,0.0,31.5,25.8,22.6
25/05/2007,15.4,31.6,25.7,22.5
26/05/2007,16.6,31.9,26.4,22.4
27/05/2007,21.8,29.9,25.6,21.9
28/05/2007,12.2,31.5,26.0,22.5
29/05/2007,37.7,31.3,26.3,22.7
30/05/2007,2.4,32.1,26.6,22.7
31/05/2007,27.4,30.8,25.8,21.3
01/06/2007,5.2,30.2,25.3,22.4
02/06/2007,18.0,31.3,25.2,22.0
03/06/2007,1.9,31.3,25.9,22.5
04/06/2007,24.8,31.9,26.5,22.2
05/06/2007,2.1,32.5,26.5,22.1
06/06/2007,0.0,28.4,25.1,21.5
07/06/2007,0.0,30.9,26.3,21.4
08/06/2007,0.0,31.3,25.9,22.3
09/06/2007,0.3,31.1,25.3,21.5
10/06/2007,13.3,29.8,25.1,21.3
11/06/2007,0.0,30.6,25.3,21.3
12/06/2007,0.0,30.2,25.6,21.5
13/06/2007,0.0,30.9,26.6,22.4
14/06/2007,3.9,29.8,25.4,22.5
15/06/2007,3.2,28.3,25.2,22.4
16/06/2007,7.2,30.4,26.1,21.3
17/06/2007,0.0,30.3,26.1,22.4
18/06/2007,21.8,30.4,25.6,21.5
19/06/2007,12.5,31.0,25.8,21.3
20/06/2007,7.0,31.5,25.5,22.3
21/06/2007,0.8,31.4,26.1,21.5
22/06/2007,0.0,30.5,26.3,22.2
23/06/2007,0.0,31.7,26.0,21.4
24/06/2007,0.0,32.8,26.5,21.3
25/06/2007,0.0,32.9,26.9,21.2
26/06/2007,0.0,32.1,25.7,21.7
27/06/2007,0.0,32.4,26.1,21.0
28/06/2007,0.0,32.4,26.5,21.6
29/06/2007,0.0,32.3,25.4,21.4
30/06/2007,0.0,32.5,25.9,21.0
01/07/2007,5.7,31.0,26.1,21.3
02/07/2007,0.0,31.3,25.9,21.7
03/07/2007,0.0,31.2,25.6,21.1
04/07/2007,5.7,31.6,25.7,21.9
05/07/2007,0.0,30.3,24.5,21.8
06/07/2007,1.2,30.2,25.5,21.6
07/07/2007,1.3,31.5,26.0,21.7
08/07/2007,2.1,31.5,26.7,22.3
09/07/2007,0.0,32.1,25.9,22.4
10/07/2007,25.3,28.5,24.8,21.3
11/07/2007,0.5,29.4,25.3,21.8
12/07/2007,0.0,30.3,25.6,21.5
13/07/2007,0.0,30.5,25.4,21.3
14/07/2007,0.0,31.1,26.0,22.0
15/07/2007,0.0,31.7,26.0,21.8
16/07/2007,0.0,31.9,26.1,21.7
17/07/2007,0.0,32.1,26.1,21.5
18/07/2007,2.6,31.7,26.0,21.7
19/07/2007,1.8,31.7,25.8,21.7
20/07/2007,0.0,31.4,26.1,21.5
21/07/2007,0.0,31.5,26.7,21.7
22/07/2007,0.0,31.3,26.2,22.2
23/07/2007,0.0,32.2,25.9,22.3
24/07/2007,0.0,32.5,26.6,21.5
25/07/2007,0.0,31.5,26.0,21.5
26/07/2007,0.0,32.3,25.9,21.7
27/07/2007,0.0,31.7,25.9,21.9
28/07/2007,10.1,29.5,25.3,21.6
29/07/2007,0.0,29.3,25.0,21.5
30/07/2007,10.4,30.7,25.4,21.3
31/07/2007,0.0,31.9,25.2,21.5
01/08/2007,0.4,31.1,25.3,21.5
02/08/2007,0.0,31.6,26.0,22.5
03/08/2007,0.0,32.9,26.3,21.6
04/08/2007,0.0,32.5,26.6,21.7
05/08/2007,0.0,32.1,26.3,21.5
06/08/2007,0.0,31.5,26.0,22.6
07/08/2007,0.0,32.3,26.1,23.1
08/08/2007,0.0,31.5,26.3,22.5
09/08/2007,0.0,31.5,25.9,22.5
10/08/2007,0.0,32.1,26.6,22.9
11/08/2007,0.0,32.1,27.2,22.4
12/08/2007,0.0,32.3,26.6,23.1
13/08/2007,0.0,32.4,26.2,22.5
14/08/2007,5.8,31.0,26.0,22.8
15/08/2007,0.0,30.3,25.4,22.5
16/08/2007,2.4,32.0,26.2,22.5
17/08/2007,0.0,33.0,26.7,22.5
18/08/2007,0.0,32.5,26.7,22.3
19/08/2007,0.0,33.4,27.0,22.5
20/08/2007,0.0,31.9,26.8,22.6
21/08/2007,0.0,32.5,27.0,22.3
22/08/2007,1.8,32.5,26.5,21.5
23/08/2007,0.0,31.4,26.6,22.5
24/08/2007,1.6,31.5,25.9,22.4
25/08/2007,0.0,31.5,26.1,22.5
26/08/2007,0.0,32.5,27.1,23.0
27/08/2007,0.0,33.1,27.1,22.8
28/08/2007,0.0,32.9,27.2,22.5
29/08/2007,0.0,33.5,27.7,22.2
30/08/2007,0.0,32.5,26.8,22.6
31/08/2007,0.0,32.2,26.4,21.5
01/09/2007,0.0,32.7,27.5,23.0
02/09/2007,1.4,32.6,26.2,21.8
03/09/2007,1.2,32.5,26.6,21.5
04/09/2007,0.0,33.0,27.3,22.7
05/09/2007,0.0,32.1,26.5,22.4
06/09/2007,0.0,31.7,26.5,22.5
07/09/2007,0.0,32.5,26.5,22.4
08/09/2007,7.1,29.9,25.7,22.1
09/09/2007,0.0,31.6,26.4,22.5
10/09/2007,0.0,31.5,26.1,22.5
11/09/2007,5.8,33.7,27.3,22.4
12/09/2007,0.0,32.0,27.1,22.8
13/09/2007,0.0,31.4,26.6,22.5
14/09/2007,0.0,31.5,26.6,22.5
15/09/2007,0.0,33.4,27.3,22.9
16/09/2007,0.0,32.8,27.2,22.4
17/09/2007,0.0,32.3,26.7,22.9
18/09/2007,0.0,32.3,27.5,22.9
19/09/2007,0.0,32.9,27.7,23.1
20/09/2007,0.0,33.1,27.7,23.0
21/09/2007,0.0,32.5,26.5,22.9
22/09/2007,0.0,32.5,26.4,22.6
23/09/2007,1.2,33.4,27.8,23.0
24/09/2007,0.0,34.4,28.2,23.5
25/09/2007,0.0,32.5,27.4,23.4
26/09/2007,0.0,34.1,27.7,23.5
27/09/2007,0.0,31.4,26.4,23.3
28/09/2007,0.0,33.4,27.3,21.8
29/09/2007,0.0,32.5,27.3,22.9
30/09/2007,0.0,32.3,27.2,22.7
01/10/2007,0.0,33.8,27.7,23.1
02/10/2007,0.0,33.9,28.1,23.4
03/10/2007,0.0,33.1,27.6,23.1
04/10/2007,0.0,30.6,25.8,22.5
05/10/2007,3.4,26.4,24.1,21.7
06/10/2007,1.7,32.1,26.3,20.8
07/10/2007,0.0,32.9,26.8,22.5
08/10/2007,0.0,32.1,26.6,22.9
09/10/2007,0.0,32.9,27.7,23.9
10/10/2007,0.0,33.9,28.2,23.5
11/10/2007,0.0,30.1,25.4,22.7
12/10/2007,19.4,29.1,24.6,22.5
13/10/2007,31.6,32.4,26.8,22.0
14/10/2007,0.0,31.7,26.7,22.9
15/10/2007,0.0,31.9,26.8,22.9
16/10/2007,0.0,32.9,27.4,23.2
17/10/2007,0.0,33.9,28.1,23.5
18/10/2007,0.0,32.4,27.7,23.5
19/10/2007,0.0,33.9,27.7,22.5
20/10/2007,0.0,34.1,27.9,23.5
21/10/2007,0.0,32.3,27.5,22.4
22/10/2007,7.8,28.5,24.4,21.2
23/10/2007,0.0,31.4,25.6,22.1
24/10/2007,4.0,32.3,26.5,21.7
25/10/2007,0.0,33.4,26.8,21.5
26/10/2007,0.0,34.3,27.8,21.9
27/10/2007,0.0,31.5,26.8,22.9
28/10/2007,0.0,31.7,26.7,22.9
29/10/2007,0.0,32.8,26.9,22.4
30/10/2007,0.0,33.0,27.9,23.0
31/10/2007,0.8,30.2,26.2,22.2
01/11/2007,0.0,27.7,25.4,22.6
02/11/2007,17.4,30.6,25.8,22.3
03/11/2007,0.0,30.3,26.0,21.7
04/11/2007,0.0,33.1,27.1,22.4
05/11/2007,0.0,33.5,27.2,22.8
06/11/2007,0.0,32.9,27.6,22.9
07/11/2007,0.0,31.9,27.7,23.9
08/11/2007,0.0,32.5,27.1,22.9
09/11/2007,0.0,33.7,27.9,23.2
10/11/2007,0.0,32.9,28.2,23.9
11/11/2007,0.0,33.7,27.5,23.4
12/11/2007,0.0,32.9,27.7,23.2
13/11/2007,0.0,34.4,28.3,23.0
14/11/2007,0.0,33.1,27.9,23.6
15/11/2007,0.0,32.7,27.8,23.3
16/11/2007,0.0,32.7,27.7,23.3
17/11/2007,0.0,32.4,27.9,23.7
18/11/2007,0.0,32.2,27.7,23.5
19/11/2007,0.0,32.9,27.8,22.9
20/11/2007,0.0,33.5,27.4,22.9
21/11/2007,0.0,33.4,27.8,23.5
22/11/2007,0.0,33.9,28.4,23.7
23/11/2007,0.0,33.7,27.8,23.5
24/11/2007,0.0,34.4,28.0,22.7
25/11/2007,0.0,33.9,28.1,23.1
26/11/2007,0.0,34.1,28.2,23.8
27/11/2007,0.0,28.1,25.0,22.5
28/11/2007,2.2,31.8,26.0,22.7
29/11/2007,2.4,31.9,26.3,22.0
30/11/2007,18.6,28.7,25.4,22.3
01/12/2007,6.3,29.2,25.7,22.7
02/12/2007,0.0,29.7,25.3,22.0
03/12/2007,5.0,30.9,26.2,22.5
04/12/2007,9.1,28.4,25.0,22.1
05/12/2007,0.0,31.4,26.0,21.3
06/12/2007,0.6,31.3,26.8,22.5
07/12/2007,0.0,32.2,27.0,23.4
08/12/2007,3.0,29.9,25.0,21.9
09/12/2007,1.2,30.9,25.9,21.5
10/12/2007,0.0,32.5,26.3,21.5
11/12/2007,0.0,31.9,26.5,22.0
12/12/2007,0.0,31.9,26.5,22.5
13/12/2007,0.4,31.4,26.4,22.3
14/12/2007,11.6,29.7,25.3,21.9
15/12/2007,0.0,31.4,26.2,22.5
16/12/2007,0.0,32.3,26.1,21.9
17/12/2007,0.0,32.7,26.1,22.7
18/12/2007,0.0,31.8,26.6,22.9
19/12/2007,0.0,33.1,27.3,23.0
20/12/2007,8.0,28.8,25.5,22.8
21/12/2007,29.6,31.4,27.0,22.9
22/12/2007,0.0,31.7,26.9,22.8
23/12/2007,0.0,31.9,27.0,23.2
24/12/2007,0.0,30.3,26.0,22.7
25/12/2007,2.5,29.3,24.9,21.3
26/12/2007,0.0,30.3,26.1,21.9
27/12/2007,0.0,31.4,26.5,21.5
28/12/2007,0.0,30.9,26.4,22.6
29/12/2007,27.3,28.7,24.4,21.3
30/12/2007,10.1,29.8,25.8,21.5
31/12/2007,0.0,30.4,26.1,22.5
01/01/2008,2.4,29.3,24.1,21.3
02/01/2008,3.1,29.4,25.2,21.7
03/01/2008,0.7,29.7,24.9,21.4
04/01/2008,1.3,31.3,26.0,22.0
05/01/2008,0.0,29.4,25.7,21.9
06/01/2008,3.9,29.3,24.9,22.3
07/01/2008,1.3,32.7,26.1,22.0
08/01/2008,0.0,31.5,26.7,22.4
09/01/2008,18.4,27.2,23.0,21.3
10/01/2008,7.4,30.9,25.4,21.2
11/01/2008,1.2,31.3,25.3,21.4
12/01/2008,0.0,31.4,26.4,21.4
13/01/2008,8.4,30.4,26.4,22.9
14/01/2008,5.5,29.7,25.1,22.3
15/01/2008,9.0,30.3,24.8,21.8
16/01/2008,3.4,28.0,24.7,22.2
17/01/2008,8.4,27.7,24.6,21.6
18/01/2008,3.3,28.3,23.7,21.1
19/01/2008,21.7,28.9,24.7,21.4
20/01/2008,0.4,27.9,24.1,21.5
21/01/2008,4.7,29.9,25.3,22.0
22/01/2008,3.1,29.1,24.9,21.9
23/01/2008,2.4,29.9,25.4,22.0
24/01/2008,1.3,30.5,26.3,22.5
25/01/2008,1.0,30.9,26.4,22.7
26/01/2008,0.0,31.3,25.9,22.4
27/01/2008,27.6,28.3,24.5,22.0
28/01/2008,4.1,30.9,25.9,21.4
29/01/2008,0.0,31.4,26.5,22.9
30/01/2008,25.3,31.3,25.5,22.3
31/01/2008,44.4,27.4,23.3,21.0
01/02/2008,25.7,29.5,24.7,20.9
02/02/2008,0.0,29.9,25.2,22.0
03/02/2008,0.0,30.4,26.1,22.5
04/02/2008,0.9,29.0,25.4,22.3
05/02/2008,11.2,29.9,25.1,21.4
06/02/2008,16.0,26.9,23.9,21.4
07/02/2008,2.6,29.4,25.3,21.7
08/02/2008,0.0,30.9,25.8,21.4
09/02/2008,0.0,30.7,26.1,21.5
10/02/2008,0.0,31.1,26.6,22.7
11/02/2008,0.0,30.8,25.9,22.3
12/02/2008,0.0,30.5,26.0,21.9
13/02/2008,3.3,29.4,25.6,22.2
14/02/2008,1.4,31.5,25.9,22.2
15/02/2008,0.0,30.4,25.2,21.7
16/02/2008,19.4,27.4,24.3,21.6
17/02/2008,11.8,29.3,24.8,21.3
18/02/2008,6.1,31.3,25.7,21.7
19/02/2008,0.5,30.4,25.1,22.1
20/02/2008,30.3,29.3,24.0,21.6
21/02/2008,17.1,27.6,24.5,21.7
22/02/2008,1.1,29.4,25.4,21.9
23/02/2008,2.3,33.0,25.7,22.5
24/02/2008,0.0,30.0,26.2,22.5
25/02/2008,14.0,30.1,25.4,21.8
26/02/2008,0.0,31.3,26.1,22.3
27/02/2008,1.2,31.4,26.3,21.5
28/02/2008,0.0,31.6,26.8,22.9
29/02/2008,0.0,31.3,26.2,22.7
01/03/2008,95.0,26.5,23.5,21.5
02/03/2008,5.7,30.8,25.0,21.3
03/03/2008,1.6,29.8,25.6,21.9
04/03/2008,12.6,30.3,25.3,21.7
05/03/2008,0.7,30.5,26.1,21.9
06/03/2008,32.4,29.3,24.4,21.7
07/03/2008,2.2,30.4,25.4,21.5
08/03/2008,0.0,31.7,25.7,21.8
09/03/2008,0.0,30.3,25.2,22.3
10/03/2008,0.0,31.1,25.5,21.5
11/03/2008,8.0,27.7,24.8,22.7
12/03/2008,72.9,26.3,22.9,21.6
13/03/2008,3.3,29.4,24.6,21.5
14/03/2008,11.5,30.4,24.8,22.0
15/03/2008,55.3,30.3,24.8,21.3
16/03/2008,0.0,30.1,25.1,21.5
17/03/2008,6.8,27.7,24.6,21.9
18/03/2008,23.2,27.8,24.2,21.3
19/03/2008,15.8,29.0,25.1,21.5
20/03/2008,15.5,30.4,25.7,21.9
21/03/2008,10.7,29.3,25.0,22.1
22/03/2008,59.7,29.8,24.4,21.0
23/03/2008,36.5,29.9,25.1,22.0
24/03/2008,103.6,27.7,24.1,21.9
25/03/2008,7.8,30.1,25.4,21.5
26/03/2008,11.0,30.0,25.5,22.3
27/03/2008,19.2,28.1,25.2,21.9
28/03/2008,6.3,29.9,25.5,22.3
29/03/2008,58.0,25.4,23.3,21.7
30/03/2008,21.0,31.3,26.1,22.3
31/03/2008,40.8,26.3,23.9,21.5
01/04/2008,17.0,26.3,23.8,21.3
02/04/2008,0.3,30.7,25.6,20.6
03/04/2008,0.0,31.8,25.4,20.5
04/04/2008,0.0,30.4,26.3,22.7
05/04/2008,107.2,29.1,23.4,20.5
06/04/2008,62.7,30.5,25.6,20.5
07/04/2008,0.0,32.9,26.7,21.8
08/04/2008,1.6,28.7,24.8,22.0
09/04/2008,0.5,31.4,26.4,22.5
10/04/2008,6.3,29.0,25.2,22.1
11/04/2008,1.3,29.8,25.5,22.1
12/04/2008,0.0,31.2,26.2,22.1
13/04/2008,9.0,31.1,25.7,21.9
14/04/2008,7.4,30.7,24.9,22.0
15/04/2008,0.0,30.3,25.4,21.7
16/04/2008,0.0,29.9,26.2,22.2
17/04/2008,0.0,29.9,24.9,22.0
18/04/2008,3.1,29.5,25.4,22.5
19/04/2008,3.0,29.5,25.2,22.1
20/04/2008,5.3,30.3,25.2,21.2
21/04/2008,31.6,29.6,24.8,20.5
22/04/2008,3.5,29.9,24.9,21.6
23/04/2008,9.0,29.9,24.9,21.9
24/04/2008,0.0,30.4,25.4,22.5
25/04/2008,0.0,27.4,24.5,21.9
26/04/2008,30.3,31.3,25.9,22.0
27/04/2008,0.0,31.0,26.3,22.5
28/04/2008,19.6,28.4,25.6,22.6
29/04/2008,0.0,31.5,25.4,22.4
30/04/2008,16.9,28.7,25.1,22.5
01/05/2008,3.2,31.6,26.7,22.5
02/05/2008,1.4,27.7,24.5,22.1
03/05/2008,44.2,27.4,24.5,21.5
04/05/2008,4.9,31.5,26.4,21.8
05/05/2008,0.0,31.3,26.0,21.8
06/05/2008,38.4,29.5,25.1,21.9
07/05/2008,3.3,31.0,26.7,22.8
08/05/2008,2.3,30.5,25.5,21.7
09/05/2008,0.0,26.5,24.3,21.7
10/05/2008,18.0,26.6,23.4,21.1
11/05/2008,0.0,31.3,25.6,22.3
12/05/2008,6.6,31.4,26.2,21.4
13/05/2008,83.7,30.4,25.2,21.6
14/05/2008,18.8,31.0,26.0,22.0
15/05/2008,7.6,31.2,25.8,22.7
16/05/2008,7.6,30.2,25.6,21.0
17/05/2008,8.3,30.3,25.1,22.4
18/05/2008,0.0,30.1,25.4,22.8
19/05/2008,0.0,29.9,25.9,22.5
20/05/2008,7.4,30.5,25.5,22.5
21/05/2008,20.6,30.4,25.7,22.6
22/05/2008,8.0,29.9,25.7,21.7
23/05/2008,1.7,30.3,25.0,21.9
24/05/2008,0.0,29.5,24.8,21.5
25/05/2008,0.0,28.4,24.7,21.6
26/05/2008,13.3,30.7,25.5,22.5
27/05/2008,0.0,31.1,25.5,22.5
28/05/2008,5.0,30.4,26.0,22.0
29/05/2008,1.6,29.9,25.4,21.6
30/05/2008,22.5,29.5,25.0,21.5
31/05/2008,19.0,28.7,23.9,19.8
01/06/2008,44.9,27.3,23.3,20.9
02/06/2008,10.4,28.8,24.9,21.5
03/06/2008,0.0,30.4,25.5,20.9
04/06/2008,0.0,30.1,25.0,22.4
05/06/2008,0.0,30.3,25.7,22.5
06/06/2008,0.0,30.9,25.3,21.8
07/06/2008,3.9,30.7,25.4,22.2
08/06/2008,3.0,30.4,25.2,21.5
09/06/2008,1.0,32.9,26.6,21.0
10/06/2008,0.0,32.9,26.2,22.3
11/06/2008,0.0,30.5,25.5,22.5
12/06/2008,3.5,27.9,25.0,22.0
13/06/2008,25.5,30.7,25.3,21.9
14/06/2008,0.0,30.5,25.9,22.5
15/06/2008,0.0,32.6,27.1,22.0
16/06/2008,0.0,30.3,25.6,22.9
17/06/2008,0.0,29.1,24.3,21.7
18/06/2008,28.8,31.4,26.3,22.1
19/06/2008,28.4,30.7,25.4,21.4
20/06/2008,7.0,31.5,25.6,21.5
21/06/2008,0.0,30.4,25.9,21.8
22/06/2008,4.5,33.5,26.9,22.6
23/06/2008,0.0,34.2,26.5,22.5
24/06/2008,0.0,31.5,26.8,21.6
25/06/2008,0.0,33.5,26.9,21.9
26/06/2008,0.0,31.7,25.6,21.5
27/06/2008,5.6,31.4,26.2,21.9
28/06/2008,1.3,34.1,26.7,22.2
29/06/2008,0.0,34.1,27.1,21.5
30/06/2008,0.0,32.9,27.0,21.9
01/07/2008,0.0,33.4,27.3,22.0
02/07/2008,0.0,33.8,27.3,21.5
03/07/2008,0.0,31.2,25.8,22.6
04/07/2008,13.1,31.3,25.0,21.4
05/07/2008,0.0,31.7,26.1,21.5
06/07/2008,0.0,33.0,26.8,21.0
07/07/2008,0.0,30.4,25.7,22.0
08/07/2008,4.3,31.1,25.5,21.5
09/07/2008,1.0,31.7,26.2,21.8
10/07/2008,5.2,31.7,25.8,21.4
11/07/2008,5.9,32.0,26.6,21.5
12/07/2008,0.0,33.3,26.6,21.7
13/07/2008,0.0,33.7,27.4,21.9
14/07/2008,0.0,32.1,26.8,21.5
15/07/2008,0.0,32.1,26.3,21.5
16/07/2008,0.0,33.1,25.6,21.4
17/07/2008,0.0,32.4,26.1,21.8
18/07/2008,0.0,31.5,26.4,22.5
19/07/2008,4.0,30.5,25.2,21.5
20/07/2008,0.0,31.7,25.7,22.0
21/07/2008,0.0,30.8,25.7,22.0
22/07/2008,13.2,31.5,25.8,21.5
23/07/2008,0.0,32.1,26.7,22.5
24/07/2008,0.0,31.7,26.6,22.4
25/07/2008,0.6,32.1,25.5,22.3
26/07/2008,1.5,31.2,26.6,22.5
27/07/2008,0.0,31.3,25.8,23.0
28/07/2008,7.6,31.1,25.5,21.5
29/07/2008,1.6,31.4,25.5,21.4
30/07/2008,0.0,31.9,25.8,21.5
31/07/2008,2.2,32.1,26.2,22.5
01/08/2008,0.0,34.3,27.4,21.8
02/08/2008,0.0,31.9,26.5,21.9
03/08/2008,0.0,31.7,26.3,22.5
04/08/2008,0.0,32.5,26.8,22.5
05/08/2008,0.6,31.7,26.3,22.4
06/08/2008,0.0,32.3,27.0,22.7
07/08/2008,1.3,32.7,26.3,22.6
08/08/2008,0.0,34.1,26.7,22.0
09/08/2008,0.0,33.5,27.1,22.5
10/08/2008,0.0,33.6,27.1,22.7
11/08/2008,0.0,33.1,27.4,22.5
12/08/2008,0.0,32.1,26.1,22.4
13/08/2008,1.2,34.9,27.1,20.6
14/08/2008,0.0,34.4,27.1,22.8
15/08/2008,0.0,33.7,26.7,23.3
16/08/2008,10.6,33.4,27.2,22.4
17/08/2008,0.0,32.5,27.4,23.4
18/08/2008,0.0,32.3,26.7,22.5
19/08/2008,0.0,35.3,27.4,23.0
20/08/2008,0.0,33.5,26.0,21.5
21/08/2008,0.0,34.5,26.8,21.2
22/08/2008,0.0,34.9,27.6,21.4
23/08/2008,0.0,34.4,27.3,23.3
24/08/2008,0.0,33.3,25.2,21.0
25/08/2008,6.8,33.7,26.9,21.0
26/08/2008,0.8,29.2,25.8,23.5
27/08/2008,14.3,32.7,26.1,21.3
28/08/2008,0.0,32.9,27.0,21.5
29/08/2008,0.0,33.1,27.0,21.5
30/08/2008,0.0,32.3,26.5,22.4
31/08/2008,0.0,32.5,26.7,21.9
01/09/2008,0.0,32.6,26.6,22.6
02/09/2008,2.4,32.7,26.3,21.9
03/09/2008,0.0,32.3,26.9,22.6
04/09/2008,0.0,32.7,26.7,22.5
05/09/2008,0.0,33.2,26.7,21.5
06/09/2008,0.0,33.4,27.3,22.5
07/09/2008,0.0,33.5,27.3,22.3
08/09/2008,0.0,32.2,26.8,22.9
09/09/2008,0.0,32.4,27.4,22.8
10/09/2008,0.0,34.5,27.5,22.4
11/09/2008,0.0,33.6,27.7,22.9
12/09/2008,0.0,33.4,27.9,22.7
13/09/2008,0.0,32.1,25.9,22.0
14/09/2008,1.3,32.4,26.7,22.5
15/09/2008,0.0,33.9,27.7,22.7
16/09/2008,0.0,33.9,27.8,22.9
17/09/2008,0.0,34.1,27.6,22.6
18/09/2008,0.0,34.1,26.8,22.2
19/09/2008,7.6,33.6,27.5,22.7
20/09/2008,0.0,33.7,27.8,22.7
21/09/2008,0.0,33.1,27.4,22.6
22/09/2008,3.4,35.0,26.9,23.0
23/09/2008,2.2,30.5,26.3,22.9
24/09/2008,0.0,31.6,26.2,21.9
25/09/2008,3.5,30.5,25.1,21.5
26/09/2008,0.0,33.9,27.1,21.5
27/09/2008,0.0,34.4,28.0,21.8
28/09/2008,0.0,34.4,27.8,22.5
29/09/2008,0.0,33.7,27.2,22.5
30/09/2008,0.0,34.4,27.7,22.9
01/10/2008,0.0,34.9,27.7,22.9
02/10/2008,0.0,33.7,27.3,22.9
03/10/2008,1.6,34.7,28.0,22.6
04/10/2008,0.0,35.4,27.1,21.7
05/10/2008,0.0,34.1,28.2,22.7
06/10/2008,0.0,33.5,26.8,22.7
07/10/2008,4.2,33.4,26.4,22.7
08/10/2008,12.8,33.9,26.7,22.0
09/10/2008,19.1,29.4,24.7,21.8
10/10/2008,15.4,33.3,25.7,21.3
11/10/2008,0.0,33.5,27.2,21.9
12/10/2008,0.3,33.4,27.5,22.8
13/10/2008,0.0,32.4,27.1,22.9
14/10/2008,0.0,33.1,27.0,22.2
15/10/2008,0.0,27.4,26.4,22.6
16/10/2008,0.0,33.0,27.9,22.8
17/10/2008,0.0,33.0,27.8,22.8
18/10/2008,0.0,34.4,28.0,22.5
19/10/2008,0.0,31.9,26.5,23.1
20/10/2008,0.0,32.1,26.9,22.5
21/10/2008,0.0,33.3,27.2,22.8
22/10/2008,0.0,33.2,27.9,23.0
23/10/2008,0.0,31.3,27.2,22.9
24/10/2008,15.2,32.3,27.2,22.9
25/10/2008,0.0,32.6,27.3,23.4
26/10/2008,0.0,34.0,27.4,22.9
27/10/2008,0.0,33.5,27.7,22.9
28/10/2008,0.0,34.8,28.1,23.0
29/10/2008,0.0,33.5,27.5,22.8
30/10/2008,0.0,34.7,28.4,23.1
31/10/2008,0.0,35.2,28.2,23.2
01/11/2008,0.0,33.7,27.8,23.3
02/11/2008,0.0,33.3,27.6,23.5
03/11/2008,0.0,34.5,28.3,23.6
04/11/2008,0.0,34.3,28.4,23.6
05/11/2008,0.0,31.7,27.4,23.0
06/11/2008,14.0,33.4,27.1,22.5
07/11/2008,0.0,31.7,25.6,21.7
08/11/2008,0.7,34.1,26.5,22.5
09/11/2008,0.0,33.4,27.5,23.2
10/11/2008,1.2,33.7,27.3,22.4
11/11/2008,0.0,32.1,27.1,23.5
12/11/2008,0.0,34.9,28.3,22.5
13/11/2008,0.0,34.9,27.2,22.8
14/11/2008,0.0,34.0,28.0,23.0
15/11/2008,0.0,34.2,27.7,23.2
16/11/2008,3.6,30.7,25.4,21.7
17/11/2008,56.6,28.3,24.5,21.3
18/11/2008,0.5,31.0,25.9,21.7
19/11/2008,0.0,33.5,26.2,21.9
20/11/2008,0.5,34.1,27.3,21.9
21/11/2008,5.6,31.8,26.3,21.8
22/11/2008,0.0,33.5,27.5,23.1
23/11/2008,0.0,34.1,27.8,22.3
24/11/2008,0.0,35.2,28.0,22.2
25/11/2008,0.0,34.6,27.5,22.5
26/11/2008,0.0,33.0,27.0,22.0
27/11/2008,0.0,34.0,27.9,23.2
28/11/2008,0.0,33.9,27.7,23.5
29/11/2008,0.0,34.6,27.7,22.8
30/11/2008,0.0,34.4,27.9,23.0
01/12/2008,0.0,35.1,28.1,23.1
02/12/2008,0.0,30.2,26.5,23.5
03/12/2008,0.6,31.6,26.0,21.9
04/12/2008,0.0,31.9,26.0,21.9
05/12/2008,0.2,31.5,26.0,22.5
06/12/2008,5.8,31.9,26.7,21.9
07/12/2008,0.0,34.3,27.1,22.3
08/12/2008,30.2,29.7,25.0,21.0
09/12/2008,9.4,30.4,26.1,21.5
10/12/2008,2.6,32.3,26.5,21.9
11/12/2008,0.0,32.1,26.7,22.5
12/12/2008,0.0,31.9,26.7,22.1
13/12/2008,2.4,30.1,25.6,21.9
14/12/2008,0.0,32.6,26.9,22.7
15/12/2008,0.0,31.3,26.3,22.3
16/12/2008,16.4,27.8,24.4,21.6
17/12/2008,2.6,29.9,25.2,22.5
18/12/2008,0.0,31.6,26.0,22.5
19/12/2008,8.6,28.1,24.1,21.3
20/12/2008,21.5,32.1,25.7,21.5
21/12/2008,0.5,30.7,25.6,22.1
22/12/2008,0.0,31.3,25.4,22.3
23/12/2008,0.0,30.6,26.2,21.5
24/12/2008,0.0,31.9,26.8,22.7
25/12/2008,19.1,28.3,24.2,21.0
26/12/2008,7.6,28.5,25.4,22.5
27/12/2008,1.0,29.9,25.9,22.8
28/12/2008,3.0,30.3,25.6,22.0
29/12/2008,1.0,31.5,26.2,22.5
30/12/2008,13.3,30.9,26.1,22.6
31/12/2008,26.1,29.9,25.0,21.4
01/01/2009,13.3,30.3,25.5,21.8
02/01/2009,0.0,31.2,26.5,22.0
03/01/2009,0.0,31.3,26.2,21.9
04/01/2009,3.0,30.9,26.1,21.9
05/01/2009,0.0,31.2,26.4,22.2
06/01/2009,0.0,32.0,27.1,22.3
07/01/2009,4.1,31.3,26.3,22.1
08/01/2009,10.1,30.3,25.0,22.1
09/01/2009,0.0,31.5,25.9,21.9
10/01/2009,0.0,31.6,26.2,21.8
11/01/2009,1.0,29.7,25.1,21.9
12/01/2009,0.0,31.3,25.9,22.3
13/01/2009,1.6,30.4,26.0,22.7
14/01/2009,0.0,32.4,26.8,22.6
15/01/2009,0.0,32.3,26.6,22.4
16/01/2009,26.3,29.9,25.4,21.9
17/01/2009,4.5,30.9,25.7,22.1
18/01/2009,3.3,31.4,25.7,21.8
19/01/2009,1.9,30.3,25.3,21.5
20/01/2009,0.0,30.9,26.0,21.9
21/01/2009,27.2,28.9,24.6,21.8
22/01/2009,27.9,30.1,25.0,21.6
23/01/2009,11.3,29.9,25.2,21.2
24/01/2009,0.0,30.7,25.4,21.6
25/01/2009,0.0,27.5,24.1,22.0
26/01/2009,6.2,29.9,24.8,21.5
27/01/2009,0.6,30.7,25.3,21.3
28/01/2009,10.2,30.3,25.5,21.9
29/01/2009,0.0,29.9,25.2,21.8
30/01/2009,5.5,30.0,25.7,21.9
31/01/2009,19.6,30.5,25.5,22.9
01/02/2009,1.2,30.9,25.5,21.9
02/02/2009,1.0,29.4,25.3,21.7
03/02/2009,0.0,31.1,26.0,22.9
04/02/2009,5.9,31.7,26.2,21.6
05/02/2009,0.0,30.4,26.0,21.8
06/02/2009,12.8,30.2,26.2,22.9
07/02/2009,0.0,30.7,25.7,22.0
08/02/2009,2.4,31.0,25.7,21.7
09/02/2009,4.8,32.3,26.4,22.5
10/02/2009,18.4,31.5,25.6,21.8
11/02/2009,0.0,28.5,25.2,21.7
12/02/2009,2.8,30.1,25.8,22.9
13/02/2009,13.9,31.3,25.6,22.1
14/02/2009,24.6,31.1,25.9,21.9
15/02/2009,3.2,29.4,24.7,21.7
16/02/2009,16.2,31.3,25.2,21.9
17/02/2009,0.0,29.8,25.5,21.7
18/02/2009,30.0,29.2,24.3,22.5
19/02/2009,39.8,30.8,25.3,21.5
20/02/2009,4.8,31.9,26.4,22.0
21/02/2009,78.9,28.1,24.2,22.7
22/02/2009,78.8,29.1,25.2,21.6
23/02/2009,33.5,29.9,25.0,21.0
24/02/2009,50.2,29.3,24.8,21.5
25/02/2009,8.4,26.7,24.3,21.8
26/02/2009,53.7,27.0,24.1,21.6
27/02/2009,4.3,32.5,26.1,21.9
28/02/2009,1.2,30.3,25.3,21.7
01/03/2009,0.3,30.7,25.9,21.7
02/03/2009,5.4,27.4,24.0,22.0
03/03/2009,6.6,30.9,25.9,21.4
04/03/2009,3.8,31.4,26.4,22.0
05/03/2009,30.1,27.1,24.1,22.7
06/03/2009,29.6,26.7,23.7,21.0
07/03/2009,32.4,29.9,25.2,21.4
08/03/2009,4.7,27.7,24.0,21.6
09/03/2009,8.4,29.3,25.2,21.9
10/03/2009,7.9,30.4,25.8,22.0
11/03/2009,0.0,30.9,26.1,22.6
12/03/2009,5.8,31.4,26.0,21.8
13/03/2009,68.7,30.2,25.8,22.0
14/03/2009,4.0,30.4,25.5,21.9
15/03/2009,1.3,31.5,26.0,22.1
16/03/2009,16.3,30.0,25.5,21.8
17/03/2009,7.3,30.4,25.7,21.5
18/03/2009,0.0,30.9,25.8,22.3
19/03/2009,1.2,30.6,26.0,22.0
20/03/2009,1.3,31.2,26.0,22.9
21/03/2009,5.5,30.7,25.8,22.1
22/03/2009,53.6,31.4,25.9,21.9
23/03/2009,88.0,31.1,25.9,21.7
24/03/2009,6.8,30.3,25.7,22.4
25/03/2009,2.3,30.5,25.6,22.4
26/03/2009,14.6,27.1,23.5,22.0
27/03/2009,23.7,28.6,24.8,21.7
28/03/2009,0.0,31.4,25.9,21.8
29/03/2009,2.0,31.7,25.7,22.5
30/03/2009,6.8,27.1,23.8,21.3
31/03/2009,30.4,32.4,26.2,21.2
01/04/2009,0.0,32.8,26.3,22.7
02/04/2009,0.0,29.4,25.3,22.1
03/04/2009,11.8,31.4,26.2,22.0
04/04/2009,25.1,31.1,25.7,22.5
05/04/2009,0.0,30.3,25.7,21.9
06/04/2009,0.0,31.5,26.6,21.8
07/04/2009,0.0,31.2,26.4,22.9
08/04/2009,0.4,30.9,25.8,22.3
09/04/2009,0.0,30.9,26.2,22.3
10/04/2009,0.6,31.1,26.6,22.7
11/04/2009,0.5,29.3,24.8,21.9
12/04/2009,4.1,26.0,23.8,22.0
13/04/2009,1.2,30.7,25.6,21.9
14/04/2009,0.0,30.3,25.5,22.0
15/04/2009,17.4,26.4,24.7,22.2
16/04/2009,40.3,30.5,25.6,22.5
17/04/2009,0.0,28.8,25.0,21.9
18/04/2009,29.3,31.3,25.7,22.0
19/04/2009,14.1,29.7,25.7,22.5
20/04/2009,0.7,30.7,25.6,22.1
21/04/2009,21.5,30.5,25.4,21.9
22/04/2009,3.7,30.5,25.7,22.5
23/04/2009,0.0,30.7,25.8,22.0
24/04/2009,0.0,32.4,26.6,22.4
25/04/2009,48.9,29.4,25.2,21.9
26/04/2009,12.9,30.1,25.7,21.8
27/04/2009,0.0,30.7,26.3,22.5
28/04/2009,0.0,30.5,26.4,22.6
29/04/2009,19.0,31.3,26.3,22.3
30/04/2009,0.0,31.2,26.6,22.9
01/05/2009,90.2,27.3,23.7,21.7
02/05/2009,5.2,31.7,25.7,21.5
03/05/2009,0.0,27.8,24.4,21.6
04/05/2009,33.5,31.7,25.5,21.5
05/05/2009,0.0,31.7,26.4,22.5
06/05/2009,0.0,31.4,26.6,23.0
07/05/2009,13.7,30.3,25.8,22.5
08/05/2009,0.0,29.3,25.4,21.9
09/05/2009,5.3,30.9,26.4,22.6
10/05/2009,0.0,30.5,26.4,22.7
11/05/2009,6.8,29.5,25.5,22.3
12/05/2009,1.5,31.1,26.2,22.3
13/05/2009,14.7,30.1,25.4,22.5
14/05/2009,29.2,31.3,25.6,22.0
15/05/2009,0.3,31.2,26.1,22.3
16/05/2009,8.6,30.1,26.3,22.9
17/05/2009,11.2,29.5,24.9,21.3
18/05/2009,0.0,29.9,25.8,22.0
19/05/2009,4.6,30.5,25.3,21.7
20/05/2009,0.0,30.7,25.5,21.9
21/05/2009,0.0,30.7,25.6,22.0
22/05/2009,1.0,28.7,25.4,22.5
23/05/2009,23.9,26.3,24.0,21.3
24/05/2009,1.2,29.3,25.2,22.4
25/05/2009,3.5,27.7,24.1,22.5
26/05/2009,0.6,30.7,26.1,22.0
27/05/2009,0.0,31.6,26.5,22.3
28/05/2009,41.3,28.8,24.5,22.5
29/05/2009,18.9,29.5,24.7,21.5
30/05/2009,63.1,30.0,25.3,21.6
31/05/2009,29.2,28.2,24.6,22.5
01/06/2009,4.5,32.3,26.3,21.7
02/06/2009,0.0,29.0,25.3,22.0
03/06/2009,1.9,29.1,25.2,22.5
04/06/2009,9.1,30.9,25.5,21.7
05/06/2009,0.0,28.6,25.2,22.0
06/06/2009,16.6,30.1,25.3,22.5
07/06/2009,23.3,30.7,25.5,21.9
08/06/2009,0.0,30.2,25.9,22.3
09/06/2009,10.6,30.1,25.2,22.9
10/06/2009,45.1,30.3,24.9,21.8
11/06/2009,1.8,31.3,25.8,21.9
12/06/2009,25.0,29.8,25.1,22.5
13/06/2009,1.4,30.3,25.4,21.9
14/06/2009,1.0,29.9,25.4,21.7
15/06/2009,0.0,28.5,24.5,21.9
16/06/2009,12.2,31.3,25.7,21.8
17/06/2009,9.5,31.4,26.0,21.8
18/06/2009,0.0,30.3,26.2,21.7
19/06/2009,0.0,31.6,25.9,22.0
20/06/2009,0.0,30.9,26.0,21.9
21/06/2009,1.7,28.6,25.7,22.8
22/06/2009,44.4,31.5,26.0,21.8
23/06/2009,0.0,29.0,24.7,21.3
24/06/2009,5.1,30.1,25.5,22.5
25/06/2009,1.6,29.9,25.6,22.3
26/06/2009,0.0,30.9,25.9,22.0
27/06/2009,0.0,32.0,25.2,21.7
28/06/2009,0.0,30.9,25.7,21.9
29/06/2009,0.0,31.2,26.1,21.6
30/06/2009,0.0,30.3,25.0,20.7
01/07/2009,0.0,30.7,26.3,22.2
02/07/2009,0.0,31.5,26.7,21.4
03/07/2009,0.0,30.5,26.5,21.9
04/07/2009,2.8,30.7,25.6,22.3
05/07/2009,15.0,29.2,25.3,19.9
06/07/2009,22.6,30.1,25.8,21.5
07/07/2009,0.0,31.3,26.3,22.1
08/07/2009,0.0,30.4,26.2,22.0
09/07/2009,6.6,30.1,25.0,22.5
10/07/2009,5.6,29.7,24.5,21.9
11/07/2009,0.7,32.4,26.2,19.1
12/07/2009,0.0,31.6,25.6,21.5
13/07/2009,0.0,31.7,25.8,22.3
14/07/2009,13.5,28.4,25.1,21.6
15/07/2009,0.0,30.3,25.7,21.5
16/07/2009,0.0,30.1,25.4,21.3
17/07/2009,0.0,31.3,25.3,21.3
18/07/2009,10.2,29.3,25.5,21.5
19/07/2009,8.0,31.1,25.9,22.5
20/07/2009,0.0,31.8,26.3,22.6
21/07/2009,0.0,31.4,25.9,22.7
22/07/2009,0.0,32.1,25.9,21.5
23/07/2009,0.0,30.2,25.3,22.7
24/07/2009,0.0,31.9,26.3,22.7
25/07/2009,0.0,30.3,24.9,21.3
26/07/2009,0.4,32.3,25.6,21.7
27/07/2009,0.0,33.1,26.7,21.7
28/07/2009,0.0,33.9,27.1,21.2
29/07/2009,0.4,33.1,26.0,22.8
30/07/2009,1.3,32.2,26.8,21.9
31/07/2009,0.0,31.5,26.1,22.5
01/08/2009,0.0,32.3,26.7,22.3
02/08/2009,0.0,31.9,26.0,22.0
03/08/2009,1.3,32.4,26.6,22.5
04/08/2009,0.0,34.4,27.6,22.5
05/08/2009,0.0,31.5,26.4,23.0
06/08/2009,0.0,30.9,26.0,22.4
07/08/2009,1.6,32.2,26.1,21.5
08/08/2009,0.0,32.5,27.3,22.5
09/08/2009,0.0,30.9,25.8,21.9
10/08/2009,0.0,32.7,26.1,21.5
11/08/2009,2.5,31.4,25.5,21.5
12/08/2009,4.3,31.5,26.0,21.5
13/08/2009,0.0,31.9,26.5,21.8
14/08/2009,0.0,31.5,26.4,22.3
15/08/2009,13.8,32.5,26.4,21.6
16/08/2009,0.0,32.6,27.1,22.5
17/08/2009,0.0,33.9,27.3,22.3
18/08/2009,0.0,32.8,27.2,22.3
19/08/2009,0.0,31.5,27.1,22.6
20/08/2009,0.0,32.3,26.7,21.9
21/08/2009,0.0,33.4,26.5,21.5
22/08/2009,0.0,33.2,27.3,22.9
23/08/2009,0.0,32.7,26.9,22.6
24/08/2009,0.0,31.9,27.1,23.5
25/08/2009,0.0,32.6,27.1,23.2
26/08/2009,0.0,34.5,26.9,21.9
27/08/2009,2.3,32.4,27.1,21.9
28/08/2009,0.0,30.8,26.5,22.0
29/08/2009,7.2,32.3,26.3,21.9
30/08/2009,0.0,33.0,27.3,22.0
31/08/2009,0.0,32.4,26.8,22.6
01/09/2009,0.0,32.4,26.9,22.5
02/09/2009,0.0,33.0,27.6,22.8
03/09/2009,0.0,32.3,27.1,22.9
04/09/2009,0.0,32.4,26.8,22.4
05/09/2009,0.0,34.4,27.7,21.5
06/09/2009,0.0,34.0,27.8,22.8
07/09/2009,0.0,33.8,27.9,22.9
08/09/2009,2.5,31.7,26.5,21.9
09/09/2009,0.0,33.1,27.3,21.9
10/09/2009,0.0,35.2,27.9,21.0
11/09/2009,0.0,32.3,27.4,22.6
12/09/2009,0.0,32.3,27.6,22.7
13/09/2009,0.0,32.9,26.8,22.1
14/09/2009,0.0,33.9,27.8,22.6
15/09/2009,0.0,32.3,27.1,22.9
16/09/2009,0.0,32.5,27.5,22.9
17/09/2009,0.0,33.9,27.9,23.0
18/09/2009,0.0,34.0,27.6,22.4
19/09/2009,0.0,33.3,27.7,22.7
20/09/2009,0.0,33.5,27.8,22.7
21/09/2009,0.0,32.4,27.2,23.1
22/09/2009,0.0,33.2,27.6,22.5
23/09/2009,0.0,32.4,27.4,22.7
24/09/2009,0.0,33.2,27.5,22.6
25/09/2009,0.0,33.4,27.5,23.0
26/09/2009,0.0,34.4,28.1,23.2
27/09/2009,0.0,33.4,27.8,23.2
28/09/2009,0.0,33.9,27.7,23.2
29/09/2009,0.0,35.2,28.4,22.6
30/09/2009,0.0,35.4,28.0,22.3
01/10/2009,0.0,33.8,27.7,23.2
02/10/2009,0.0,32.4,27.5,23.2
03/10/2009,0.0,34.4,28.2,23.1
04/10/2009,0.0,35.8,28.9,22.2
05/10/2009,0.0,35.6,28.8,22.5
06/10/2009,0.0,33.6,28.1,22.9
07/10/2009,0.0,34.9,28.3,22.8
08/10/2009,0.0,35.4,28.9,23.5
09/10/2009,0.0,35.0,28.8,23.3
10/10/2009,0.0,35.3,28.7,23.3
11/10/2009,0.0,35.4,28.4,23.4
12/10/2009,0.0,33.8,28.3,23.8
13/10/2009,0.0,32.5,27.4,23.5
14/10/2009,0.0,35.8,28.4,23.6
15/10/2009,0.0,35.7,28.2,23.6
16/10/2009,0.0,33.5,27.2,23.1
17/10/2009,0.0,37.1,28.8,22.2
18/10/2009,0.0,33.1,26.8,23.5
19/10/2009,0.5,33.9,27.3,22.9
20/10/2009,0.0,34.4,27.7,22.8
21/10/2009,0.0,34.5,27.5,22.7
22/10/2009,0.0,35.4,28.0,22.4
23/10/2009,0.0,35.5,28.1,22.2
24/10/2009,0.0,35.5,28.2,22.9
25/10/2009,0.0,35.3,28.1,22.8
26/10/2009,0.0,36.5,28.6,23.3
27/10/2009,0.0,34.6,28.0,22.9
28/10/2009,0.0,30.6,26.6,23.0
29/10/2009,4.0,33.9,27.5,22.8
30/10/2009,125.6,29.2,25.3,22.5
31/10/2009,4.1,30.9,25.6,21.9
01/11/2009,51.3,31.5,25.8,22.5
02/11/2009,0.0,32.6,26.7,22.9
03/11/2009,0.0,33.2,27.3,22.3
04/11/2009,0.0,32.2,27.3,22.0
05/11/2009,1.0,29.1,26.3,22.5
06/11/2009,0.0,31.9,26.9,22.8
07/11/2009,0.0,33.0,27.5,22.9
08/11/2009,0.0,32.8,27.2,22.9
09/11/2009,0.0,32.0,27.2,22.6
10/11/2009,0.0,33.6,27.0,22.6
11/11/2009,0.0,33.8,27.6,22.9
12/11/2009,0.0,34.3,27.6,22.8
13/11/2009,2.7,32.9,27.2,22.3
14/11/2009,0.0,32.6,27.3,22.9
15/11/2009,0.0,33.7,27.5,23.3
16/11/2009,0.0,34.4,27.7,23.0
17/11/2009,0.0,33.7,27.5,23.2
18/11/2009,0.0,34.7,28.1,23.7
19/11/2009,0.0,33.4,27.8,23.6
20/11/2009,0.0,33.2,28.2,23.9
21/11/2009,0.0,33.7,27.4,23.8
22/11/2009,0.0,32.7,27.1,21.7
23/11/2009,0.0,32.5,27.7,22.5
24/11/2009,0.0,33.9,27.9,23.0
25/11/2009,0.0,34.0,28.1,23.6
26/11/2009,0.0,33.1,27.8,22.6
27/11/2009,60.0,32.9,27.2,23.0
28/11/2009,0.0,32.4,27.5,23.3
29/11/2009,0.0,33.5,27.9,23.7
30/11/2009,0.0,34.1,28.1,23.5
01/12/2009,0.0,33.4,28.0,22.8
02/12/2009,0.0,33.3,27.6,22.9
03/12/2009,0.0,34.1,27.7,22.3
04/12/2009,0.0,32.4,27.8,23.7
05/12/2009,0.0,32.5,27.7,23.3
06/12/2009,0.0,32.7,27.5,22.8
07/12/2009,0.0,31.6,26.8,22.3
08/12/2009,0.0,31.1,25.8,22.5
09/12/2009,0.0,32.5,27.0,22.3
10/12/2009,0.0,31.4,26.8,22.8
11/12/2009,0.0,31.5,27.3,22.9
12/12/2009,0.0,31.5,26.5,22.1
13/12/2009,0.8,32.7,26.7,22.8
14/12/2009,0.0,32.3,27.3,22.9
15/12/2009,0.0,31.9,27.3,23.0
16/12/2009,25.1,29.8,25.5,22.5
17/12/2009,0.0,31.1,26.6,22.5
18/12/2009,0.0,32.5,26.8,22.0
19/12/2009,0.0,31.4,26.5,22.8
20/12/2009,1.6,32.6,27.0,22.0
21/12/2009,9.3,29.3,25.2,21.9
22/12/2009,5.7,31.5,25.0,21.3
23/12/2009,0.0,30.5,26.2,22.5
24/12/2009,0.0,31.6,25.7,22.7
25/12/2009,0.0,32.5,27.0,22.1
26/12/2009,0.0,32.1,27.5,22.9
27/12/2009,0.0,33.3,27.7,23.0
28/12/2009,0.0,31.9,26.7,22.9
29/12/2009,0.0,31.5,27.0,21.5
30/12/2009,8.1,29.5,25.4,21.7
31/12/2009,2.3,32.6,26.9,21.5
01/01/2010,12.0,28.5,25.1,21.5
02/01/2010,12.2,28.7,25.1,21.3
03/01/2010,0.0,29.9,26.2,22.9
04/01/2010,1.3,30.8,26.6,22.8
05/01/2010,1.9,31.3,26.0,21.9
06/01/2010,0.0,32.9,26.9,22.3
07/01/2010,0.0,32.8,27.4,21.6
08/01/2010,0.0,30.9,26.7,23.0
09/01/2010,1.3,29.3,25.3,22.0
10/01/2010,0.0,30.7,26.4,22.4
11/01/2010,2.1,31.3,25.9,21.9
12/01/2010,2.2,30.9,26.4,22.7
13/01/2010,8.4,31.2,26.0,21.4
14/01/2010,0.0,31.7,26.5,22.6
15/01/2010,0.0,31.2,26.3,22.3
16/01/2010,0.0,31.7,26.4,22.3
17/01/2010,9.8,30.6,26.2,22.5
18/01/2010,1.8,31.5,26.5,22.5
19/01/2010,0.0,33.1,27.1,22.8
20/01/2010,0.0,32.5,27.2,23.4
21/01/2010,0.0,31.8,26.8,23.4
22/01/2010,0.0,31.9,27.1,23.1
23/01/2010,0.0,31.3,26.6,22.7
24/01/2010,0.0,28.8,24.9,21.9
25/01/2010,42.3,30.7,25.4,21.0
26/01/2010,3.8,30.5,25.5,22.0
27/01/2010,0.0,30.9,26.1,21.9
28/01/2010,13.8,29.9,25.2,21.3
29/01/2010,15.2,29.7,25.8,22.6
30/01/2010,2.1,27.9,25.1,22.9
31/01/2010,4.0,30.7,26.1,22.4
01/02/2010,1.6,30.7,25.8,21.3
02/02/2010,4.3,30.8,26.3,22.9
03/02/2010,3.6,31.1,26.3,22.4
04/02/2010,1.2,30.9,26.3,21.9
05/02/2010,0.0,32.1,27.6,22.7
06/02/2010,1.4,31.3,26.8,22.7
07/02/2010,0.0,29.7,25.9,22.8
08/02/2010,8.2,30.7,26.7,22.7
09/02/2010,1.1,28.1,25.0,22.8
10/02/2010,24.2,28.6,24.5,21.6
11/02/2010,2.6,30.2,25.7,22.5
12/02/2010,1.7,27.4,24.0,22.6
13/02/2010,15.3,29.9,25.6,21.9
14/02/2010,22.6,29.8,24.6,22.5
15/02/2010,2.6,30.6,25.4,21.8
16/02/2010,11.3,30.9,25.7,21.7
17/02/2010,3.1,31.8,26.0,21.6
18/02/2010,0.0,31.4,26.3,22.4
19/02/2010,0.0,31.3,26.6,22.1
20/02/2010,0.0,32.2,27.6,22.6
21/02/2010,1.2,28.7,24.5,21.5
22/02/2010,10.8,29.8,25.0,21.6
23/02/2010,2.5,30.5,26.2,21.9
24/02/2010,0.0,31.6,26.7,22.5
25/02/2010,0.0,32.1,26.9,22.3
26/02/2010,0.0,32.9,26.9,22.9
27/02/2010,0.0,30.5,25.7,22.0
28/02/2010,0.0,28.3,24.9,21.9
01/03/2010,13.2,32.3,26.3,22.9
02/03/2010,0.0,32.3,27.1,22.6
03/03/2010,0.0,32.1,26.9,22.3
04/03/2010,0.0,32.3,26.7,22.9
05/03/2010,0.5,30.2,25.8,22.6
06/03/2010,5.7,31.9,26.7,22.0
07/03/2010,0.0,32.4,27.1,22.9
08/03/2010,0.0,33.5,27.6,23.0
09/03/2010,0.0,32.1,27.2,22.9
10/03/2010,0.0,32.4,27.6,22.9
11/03/2010,3.4,32.0,27.6,23.0
12/03/2010,0.0,32.9,27.5,22.7
13/03/2010,0.0,33.6,27.9,22.9
14/03/2010,0.0,32.0,27.4,23.3
15/03/2010,6.6,31.3,26.5,21.8
16/03/2010,0.0,30.1,26.9,22.9
17/03/2010,35.9,28.8,24.9,22.2
18/03/2010,1.6,31.3,26.7,22.0
19/03/2010,0.0,31.5,26.5,22.7
20/03/2010,0.0,31.9,27.3,23.2
21/03/2010,0.0,31.3,26.2,22.0
22/03/2010,0.0,32.1,26.8,22.9
23/03/2010,0.0,29.0,25.2,21.8
24/03/2010,15.8,30.3,25.5,21.8
25/03/2010,0.0,30.1,26.3,22.9
26/03/2010,0.0,30.6,26.3,23.0
27/03/2010,13.0,30.1,26.0,21.6
28/03/2010,36.2,30.7,25.1,21.5
29/03/2010,0.0,31.1,25.9,21.8
30/03/2010,0.0,29.3,25.2,21.9
31/03/2010,3.6,30.3,26.4,21.9
01/04/2010,41.5,28.7,25.1,22.3
02/04/2010,23.0,29.1,24.4,21.0
03/04/2010,20.3,31.3,25.7,21.5
04/04/2010,0.0,31.4,26.4,22.1
05/04/2010,0.0,29.3,25.8,22.5
06/04/2010,24.7,30.3,25.7,22.3
07/04/2010,27.6,29.1,25.2,22.8
08/04/2010,0.3,29.7,25.3,21.9
09/04/2010,9.9,30.1,25.5,22.5
10/04/2010,0.0,28.9,26.1,23.0
11/04/2010,26.5,29.3,25.0,22.0
12/04/2010,86.8,28.7,24.2,21.5
13/04/2010,0.0,30.1,26.2,22.5
14/04/2010,19.4,30.3,25.9,22.8
15/04/2010,1.4,29.5,25.7,22.8
16/04/2010,16.6,28.1,24.5,21.7
17/04/2010,13.1,30.5,25.6,21.8
18/04/2010,1.8,30.8,25.9,22.5
19/04/2010,0.0,31.8,26.6,22.3
20/04/2010,0.4,29.1,26.0,22.0
21/04/2010,13.7,31.8,26.5,22.9
22/04/2010,2.2,31.2,26.3,22.5
23/04/2010,3.3,31.6,26.6,22.1
24/04/2010,7.6,31.1,26.6,22.9
25/04/2010,16.9,30.4,26.1,23.0
26/04/2010,2.4,30.9,26.0,22.1
27/04/2010,0.0,30.5,26.4,22.9
28/04/2010,7.8,27.4,24.9,22.8
29/04/2010,1.7,31.3,25.3,21.9
30/04/2010,23.0,28.5,25.2,22.5
01/05/2010,3.6,31.4,26.2,22.6
02/05/2010,6.7,30.3,26.0,22.3
03/05/2010,28.6,29.1,24.7,21.5
04/05/2010,21.9,27.4,24.0,21.0
05/05/2010,6.0,30.3,26.0,22.0
06/05/2010,2.6,30.1,25.5,22.5
07/05/2010,0.0,31.2,26.2,22.7
08/05/2010,0.0,31.7,26.7,22.7
09/05/2010,2.3,30.2,26.0,22.9
10/05/2010,8.6,32.0,26.9,22.8
11/05/2010,3.0,30.1,26.1,21.5
12/05/2010,12.6,29.4,25.6,22.5
13/05/2010,37.5,29.8,25.8,22.7
14/05/2010,7.8,31.3,26.2,22.4
15/05/2010,20.8,30.3,25.3,22.5
16/05/2010,32.8,31.3,26.0,22.9
17/05/2010,11.4,32.3,26.3,22.3
18/05/2010,0.0,31.5,26.5,22.9
19/05/2010,28.3,33.4,27.3,22.4
20/05/2010,0.0,31.9,26.9,22.5
21/05/2010,0.0,31.7,27.4,22.9
22/05/2010,0.0,31.9,27.3,23.1
23/05/2010,0.0,30.3,25.7,22.2
24/05/2010,11.6,31.1,27.2,22.9
25/05/2010,0.0,31.3,27.0,23.3
26/05/2010,2.7,30.7,26.2,22.5
27/05/2010,7.6,31.9,27.6,22.9
28/05/2010,0.0,31.1,26.9,22.6
29/05/2010,0.0,29.7,25.7,22.5
30/05/2010,20.1,29.7,26.3,22.7
31/05/2010,4.0,28.4,24.9,22.6
01/06/2010,0.4,30.7,25.9,22.0
02/06/2010,0.0,32.1,27.0,22.9
03/06/2010,0.0,31.9,25.7,22.4
04/06/2010,10.3,31.5,26.1,22.1
05/06/2010,7.0,30.5,25.7,22.5
06/06/2010,2.3,31.2,26.2,22.4
07/06/2010,0.0,31.7,26.3,22.0
08/06/2010,0.0,30.8,26.6,22.9
09/06/2010,30.6,30.4,25.4,22.0
10/06/2010,10.8,30.5,25.4,22.3
11/06/2010,0.0,31.9,26.1,21.9
12/06/2010,0.0,31.9,26.5,22.3
13/06/2010,0.0,31.3,26.1,22.7
14/06/2010,7.3,32.1,26.1,22.5
15/06/2010,11.2,30.6,25.5,22.7
16/06/2010,9.6,32.1,26.7,22.4
17/06/2010,4.6,30.1,25.5,21.9
18/06/2010,4.6,32.0,26.0,22.2
19/06/2010,16.8,29.7,25.2,21.3
20/06/2010,41.3,31.2,26.1,22.5
21/06/2010,0.0,34.3,27.8,22.5
22/06/2010,17.1,30.5,25.2,21.3
23/06/2010,10.0,31.1,25.6,22.6
24/06/2010,0.0,32.4,25.8,22.6
25/06/2010,22.7,29.5,25.4,22.8
26/06/2010,1.7,30.6,26.5,22.5
27/06/2010,0.0,32.9,27.2,22.6
28/06/2010,0.0,31.7,26.8,22.7
29/06/2010,0.0,32.1,27.2,22.5
30/06/2010,0.0,32.1,26.1,22.8
01/07/2010,8.2,29.9,25.3,21.9
02/07/2010,3.7,32.1,26.1,22.5
03/07/2010,0.0,32.0,26.9,22.7
04/07/2010,0.0,29.7,25.8,22.3
05/07/2010,4.1,29.5,25.2,22.5
06/07/2010,115.0,30.1,25.2,21.0
07/07/2010,0.5,30.7,26.1,21.9
08/07/2010,0.0,31.5,26.5,21.9
09/07/2010,0.0,31.4,26.5,22.9
10/07/2010,5.8,29.5,25.8,22.3
11/07/2010,2.8,31.0,25.7,22.9
12/07/2010,0.0,30.3,25.8,22.4
13/07/2010,2.4,30.5,25.7,22.4
14/07/2010,0.0,31.4,26.0,22.9
15/07/2010,0.0,31.4,26.1,22.8
16/07/2010,0.0,31.3,26.0,22.6
17/07/2010,0.0,31.3,26.5,22.9
18/07/2010,2.6,30.3,25.3,21.3
19/07/2010,21.7,30.1,25.4,21.5
20/07/2010,0.0,31.1,25.5,21.5
21/07/2010,2.9,30.7,25.8,21.9
22/07/2010,2.6,29.7,25.4,22.2
23/07/2010,3.1,30.5,25.0,21.7
24/07/2010,0.7,30.5,25.9,21.9
25/07/2010,2.7,31.5,26.5,22.3
26/07/2010,0.0,33.5,27.0,22.6
27/07/2010,0.0,32.1,26.8,22.9
28/07/2010,11.8,32.1,26.5,21.9
29/07/2010,26.8,31.5,25.9,21.5
30/07/2010,1.1,30.7,24.8,21.4
31/07/2010,0.0,29.9,26.1,21.9
01/08/2010,3.0,32.1,26.4,22.0
02/08/2010,0.0,33.5,26.6,22.4
03/08/2010,6.9,31.6,26.6,21.6
04/08/2010,0.0,30.4,25.8,21.9
05/08/2010,10.0,31.5,25.7,21.5
06/08/2010,14.8,30.4,25.4,21.5
07/08/2010,0.0,29.4,25.8,22.3
08/08/2010,8.6,29.7,25.8,22.0
09/08/2010,7.5,31.9,26.4,22.1
10/08/2010,0.0,31.5,26.9,22.6
11/08/2010,0.0,31.3,26.0,21.6
12/08/2010,0.0,31.7,26.6,22.7
13/08/2010,0.0,31.9,26.9,22.9
14/08/2010,0.0,31.1,26.3,21.7
15/08/2010,0.0,31.3,26.6,22.5
16/08/2010,0.0,32.6,26.8,21.3
17/08/2010,1.2,30.3,25.5,21.8
18/08/2010,0.0,28.3,24.9,22.5
19/08/2010,5.2,33.3,25.6,22.1
20/08/2010,34.1,31.1,26.0,22.0
21/08/2010,12.3,,26.5,
22/08/2010,0.0,32.6,27.1,22.0
23/08/2010,0.0,32.5,27.0,22.4
24/08/2010,0.0,32.1,26.1,22.9
25/08/2010,0.0,32.2,27.4,23.0
26/08/2010,0.0,32.5,27.3,23.2
27/08/2010,0.0,32.3,27.4,22.9
28/08/2010,0.0,31.8,27.1,23.0
29/08/2010,0.0,33.5,27.2,22.3
30/08/2010,0.0,31.9,27.1,23.1
31/08/2010,0.0,32.4,27.5,23.4
01/09/2010,0.0,32.1,27.2,23.3
02/09/2010,0.0,33.5,27.3,22.5
03/09/2010,0.0,33.3,27.7,22.7
04/09/2010,0.0,33.1,27.0,22.4
05/09/2010,1.3,33.4,27.6,23.2
06/09/2010,0.0,33.4,26.8,22.1
07/09/2010,0.0,30.2,26.1,22.9
08/09/2010,5.8,31.8,26.3,22.9
09/09/2010,4.8,30.6,26.1,22.8
10/09/2010,6.9,31.4,25.9,22.4
11/09/2010,13.8,32.1,26.7,22.5
12/09/2010,0.0,32.5,27.2,22.4
13/09/2010,0.0,32.9,27.7,22.9
14/09/2010,0.0,33.6,27.9,22.7
15/09/2010,0.0,33.1,27.7,22.9
16/09/2010,0.0,32.5,27.7,22.9
17/09/2010,0.0,33.0,27.8,23.1
18/09/2010,0.0,32.9,27.8,23.3
19/09/2010,0.0,33.5,27.8,22.9
20/09/2010,0.0,32.5,27.6,22.9
21/09/2010,0.0,32.6,27.5,23.3
22/09/2010,0.0,32.9,27.6,23.5
23/09/2010,0.0,33.3,27.8,23.5
24/09/2010,0.0,33.7,27.2,22.9
25/09/2010,0.0,33.9,27.9,23.5
26/09/2010,0.0,33.5,28.1,23.6
27/09/2010,0.0,32.5,27.9,23.5
28/09/2010,0.0,32.5,27.7,23.5
29/09/2010,0.0,34.4,28.4,23.8
30/09/2010,0.0,35.4,28.9,23.8
01/10/2010,0.0,34.1,28.5,23.5
02/10/2010,0.0,34.1,28.6,23.6
03/10/2010,0.0,34.4,28.7,23.6
04/10/2010,0.0,35.5,28.9,23.6
05/10/2010,0.0,33.3,28.1,23.5
06/10/2010,0.0,33.6,28.1,23.5
07/10/2010,0.0,34.5,27.9,22.6
08/10/2010,0.0,33.5,27.8,22.9
09/10/2010,0.0,34.9,28.4,23.5
10/10/2010,0.0,34.3,28.1,23.2
11/10/2010,0.0,35.1,28.5,23.7
12/10/2010,0.0,31.5,27.3,23.5
13/10/2010,0.0,33.5,27.7,23.3
14/10/2010,0.0,34.4,28.3,23.8
15/10/2010,0.0,33.7,28.1,23.6
16/10/2010,0.0,35.8,28.8,24.0
17/10/2010,0.0,35.6,28.8,24.2
18/10/2010,0.0,32.6,26.3,22.9
19/10/2010,0.0,29.4,25.6,22.5
20/10/2010,0.0,33.7,27.0,22.2
21/10/2010,6.8,30.5,27.2,22.9
22/10/2010,0.0,34.3,27.8,23.0
23/10/2010,0.0,33.8,27.2,22.9
24/10/2010,0.0,31.2,27.3,22.9
25/10/2010,1.0,27.6,24.7,21.3
26/10/2010,148.6,31.5,25.6,20.8
27/10/2010,0.0,33.5,27.6,22.9
28/10/2010,5.2,32.6,27.2,22.8
29/10/2010,0.0,33.2,27.3,21.9
30/10/2010,0.0,32.9,27.2,22.9
31/10/2010,0.0,33.5,27.4,23.2
01/11/2010,0.0,32.2,27.1,22.8
02/11/2010,0.0,33.5,27.4,22.5
03/11/2010,0.0,33.1,27.5,23.1
04/11/2010,0.0,33.0,27.7,22.5
05/11/2010,0.0,31.9,27.2,22.9
06/11/2010,0.0,32.5,27.8,23.3
07/11/2010,0.0,33.3,27.8,21.8
08/11/2010,0.0,32.3,27.1,22.9
09/11/2010,0.0,33.5,27.4,23.0
10/11/2010,1.4,31.6,26.7,22.9
11/11/2010,4.2,31.5,26.0,22.9
12/11/2010,0.0,30.3,25.6,21.3
13/11/2010,0.0,30.9,26.2,21.8
14/11/2010,3.0,31.7,25.2,21.5
15/11/2010,0.0,31.3,25.9,22.3
16/11/2010,4.0,31.8,26.5,22.2
17/11/2010,0.0,32.1,26.6,22.9
18/11/2010,0.0,29.4,25.2,21.9
19/11/2010,6.0,33.4,26.7,22.8
20/11/2010,2.6,29.5,25.0,22.5
21/11/2010,0.6,30.7,25.2,21.8
22/11/2010,8.6,30.0,25.3,22.6
23/11/2010,3.5,31.5,27.0,22.6
24/11/2010,0.0,30.6,25.7,22.3
25/11/2010,0.0,31.8,26.7,22.8
26/11/2010,0.0,32.4,27.5,22.9
27/11/2010,0.0,32.3,27.2,23.2
28/11/2010,0.0,32.2,27.0,23.0
29/11/2010,0.5,31.6,27.5,22.9
30/11/2010,0.0,32.4,27.0,22.7
01/12/2010,0.0,33.0,27.6,23.1
02/12/2010,0.0,33.2,27.4,23.4
03/12/2010,0.0,30.5,26.4,22.9
04/12/2010,0.0,32.4,26.1,23.3
05/12/2010,11.2,32.7,26.4,21.3
06/12/2010,0.0,31.3,25.7,22.1
07/12/2010,11.6,32.6,26.5,22.1
08/12/2010,6.5,32.3,27.1,22.9
09/12/2010,6.6,30.5,25.6,21.9
10/12/2010,0.0,32.9,27.4,22.6
11/12/2010,0.0,32.5,27.4,22.7
12/12/2010,0.0,33.3,27.6,23.3
13/12/2010,0.0,32.9,27.7,22.7
14/12/2010,0.0,31.2,26.4,22.9
15/12/2010,1.2,28.7,25.2,22.5
16/12/2010,40.6,25.5,22.8,20.5
17/12/2010,2.3,28.5,24.5,21.5
18/12/2010,28.7,30.3,25.4,21.7
19/12/2010,0.0,31.2,25.9,21.9
20/12/2010,20.6,29.1,25.0,21.5
21/12/2010,1.6,29.9,25.0,21.9
22/12/2010,18.6,30.4,25.7,21.7
23/12/2010,0.0,30.1,25.3,21.7
24/12/2010,10.3,29.9,24.5,21.4
25/12/2010,21.7,30.9,25.4,21.6
26/12/2010,0.0,30.4,26.4,22.5
27/12/2010,0.0,30.7,26.0,22.3
28/12/2010,1.3,31.9,26.5,22.6
29/12/2010,0.0,31.4,26.3,22.9
30/12/2010,0.0,31.7,26.2,22.0
31/12/2010,20.0,29.8,24.8,21.9
01/01/2011,6.3,27.5,25.0,22.5
02/01/2011,36.3,29.3,25.1,22.2
03/01/2011,8.6,27.8,24.5,22.3
04/01/2011,4.0,31.0,25.5,21.5
05/01/2011,0.0,30.5,26.0,22.6
06/01/2011,1.3,30.7,25.7,21.8
07/01/2011,16.0,31.4,25.5,21.9
08/01/2011,0.8,30.4,25.6,22.6
09/01/2011,0.0,30.5,26.2,22.3
10/01/2011,0.0,30.7,26.5,22.4
11/01/2011,0.0,31.3,26.5,22.3
12/01/2011,0.0,30.4,26.3,22.6
13/01/2011,0.0,31.3,26.6,22.5
14/01/2011,0.0,31.5,26.4,22.1
15/01/2011,0.0,30.4,25.8,22.6
16/01/2011,15.8,29.8,25.6,22.6
17/01/2011,0.0,30.5,25.8,22.5
18/01/2011,25.3,29.7,25.2,21.9
19/01/2011,1.3,27.9,23.9,22.3
20/01/2011,48.0,30.6,25.1,21.8
21/01/2011,88.1,28.6,24.3,21.3
22/01/2011,5.3,28.3,24.5,21.7
23/01/2011,28.3,27.9,24.3,21.6
24/01/2011,3.4,32.4,26.2,22.0
25/01/2011,2.6,29.6,24.8,21.6
26/01/2011,7.2,29.7,25.3,21.7
27/01/2011,0.7,26.8,23.0,21.6
28/01/2011,19.8,26.7,23.2,21.1
29/01/2011,13.5,28.3,24.3,21.3
30/01/2011,2.7,29.7,25.5,21.5
31/01/2011,0.0,31.4,26.2,21.2
01/02/2011,5.4,28.5,24.6,22.6
02/02/2011,5.4,30.5,25.6,21.9
03/02/2011,0.0,31.1,26.3,21.5
04/02/2011,10.8,29.6,25.3,22.5
05/02/2011,73.5,30.3,25.4,22.0
06/02/2011,0.0,29.1,25.2,22.7
07/02/2011,9.1,29.3,25.0,22.4
08/02/2011,0.4,30.3,25.7,22.2
09/02/2011,0.0,27.7,24.4,22.9
10/02/2011,7.0,26.6,23.8,21.9
11/02/2011,36.7,30.7,25.6,21.7
12/02/2011,0.0,30.9,26.4,22.7
13/02/2011,6.3,30.4,26.4,22.6
14/02/2011,0.0,28.9,25.1,21.9
15/02/2011,14.4,28.1,25.7,22.5
16/02/2011,0.0,29.7,26.2,22.9
17/02/2011,0.0,30.5,25.7,22.1
18/02/2011,2.3,28.8,24.8,21.5
19/02/2011,0.0,28.9,24.8,21.2
20/02/2011,15.5,30.3,25.4,21.6
21/02/2011,4.7,27.2,23.8,21.5
22/02/2011,9.4,30.0,25.5,22.0
23/02/2011,8.9,30.7,25.8,23.1
24/02/2011,0.0,30.9,26.0,22.5
25/02/2011,0.0,31.3,26.4,22.4
26/02/2011,14.4,29.5,24.8,21.3
27/02/2011,20.6,30.5,25.5,22.5
28/02/2011,18.3,30.9,26.0,22.2
01/03/2011,1.0,31.3,25.7,21.9
02/03/2011,0.0,30.9,26.3,22.5
03/03/2011,8.8,30.5,26.1,22.5
04/03/2011,5.0,30.3,25.4,22.2
05/03/2011,6.2,29.1,25.1,22.5
06/03/2011,3.9,29.4,25.6,22.6
07/03/2011,0.0,30.7,25.5,22.3
08/03/2011,1.0,30.5,25.1,21.5
09/03/2011,8.2,30.6,25.9,22.5
10/03/2011,4.1,30.5,25.5,21.9
11/03/2011,29.1,28.1,24.4,21.5
12/03/2011,70.4,28.9,24.9,21.3
13/03/2011,0.0,30.1,25.2,21.4
14/03/2011,0.0,30.1,26.3,22.5
15/03/2011,20.4,27.4,23.4,21.9
16/03/2011,10.1,29.9,25.1,21.7
17/03/2011,0.0,31.1,26.0,21.9
18/03/2011,0.0,30.4,25.9,22.3
19/03/2011,0.0,30.1,25.8,22.1
20/03/2011,28.2,28.3,24.7,21.9
21/03/2011,5.8,31.8,26.5,21.5
22/03/2011,0.0,30.7,25.6,22.3
23/03/2011,21.2,26.6,23.6,21.9
24/03/2011,96.4,29.8,25.1,20.9
25/03/2011,11.3,30.5,25.3,21.9
26/03/2011,40.2,27.3,24.4,21.9
27/03/2011,24.8,29.9,25.5,21.6
28/03/2011,3.3,30.3,25.4,21.9
29/03/2011,7.1,30.7,26.3,22.9
30/03/2011,14.6,28.7,24.9,21.8
31/03/2011,18.6,30.5,25.8,21.9
01/04/2011,1.0,30.7,25.4,21.5
02/04/2011,38.4,29.4,25.1,21.7
03/04/2011,8.6,30.5,25.5,22.0
04/04/2011,0.0,30.1,25.7,22.5
05/04/2011,17.2,29.9,25.6,22.3
06/04/2011,0.0,30.9,25.8,22.1
07/04/2011,10.1,26.7,24.5,22.5
08/04/2011,54.0,29.4,24.7,21.7
09/04/2011,6.3,30.4,25.5,21.8
10/04/2011,0.0,30.7,25.9,22.5
11/04/2011,7.6,28.4,24.9,21.3
12/04/2011,1.1,30.3,25.3,21.9
13/04/2011,7.1,29.3,25.2,22.5
14/04/2011,10.9,27.0,23.9,21.9
15/04/2011,24.3,30.3,25.3,21.6
16/04/2011,2.7,30.5,26.6,22.9
17/04/2011,5.8,29.4,25.0,21.9
18/04/2011,49.6,30.3,25.1,21.3
19/04/2011,68.8,29.1,24.2,21.5
20/04/2011,9.2,29.9,25.0,21.8
21/04/2011,0.0,30.5,25.7,22.0
22/04/2011,2.7,30.7,25.0,21.5
23/04/2011,41.4,30.5,25.6,21.8
24/04/2011,9.2,29.4,24.6,21.5
25/04/2011,4.3,31.4,25.4,21.5
26/04/2011,0.0,31.9,26.5,23.1
27/04/2011,2.9,29.7,25.2,21.9
28/04/2011,1.2,27.1,24.6,22.5
29/04/2011,33.6,30.1,25.3,22.4
30/04/2011,0.5,28.9,24.7,21.6
01/05/2011,13.5,30.6,25.8,22.9
02/05/2011,0.0,31.4,26.5,22.6
03/05/2011,0.0,30.8,25.9,21.9
04/05/2011,1.8,29.3,25.0,21.7
05/05/2011,13.7,29.2,25.5,22.8
06/05/2011,12.1,28.8,25.1,22.0
07/05/2011,11.5,30.4,26.6,22.5
08/05/2011,20.2,30.1,25.9,22.0
09/05/2011,1.0,30.3,26.2,22.4
10/05/2011,0.0,30.3,26.5,22.5
11/05/2011,0.0,30.9,26.7,22.6
12/05/2011,1.4,30.5,25.4,21.5
13/05/2011,5.6,28.9,25.0,21.5
14/05/2011,0.0,32.6,27.0,22.3
15/05/2011,1.3,29.9,25.4,21.9
16/05/2011,0.0,30.1,25.1,22.9
17/05/2011,0.0,32.3,26.4,22.5
18/05/2011,0.0,29.4,25.3,22.0
19/05/2011,5.7,30.1,25.3,21.9
20/05/2011,0.0,29.9,25.6,21.6
21/05/2011,2.0,29.9,25.0,21.9
22/05/2011,0.0,30.4,25.6,22.6
23/05/2011,5.7,30.6,25.9,22.0
24/05/2011,0.0,32.3,26.5,22.2
25/05/2011,0.0,30.2,26.6,22.9
26/05/2011,0.0,28.9,25.2,23.0
27/05/2011,2.4,30.3,25.5,21.8
28/05/2011,10.6,30.5,25.7,21.9
29/05/2011,6.4,28.9,25.1,21.9
30/05/2011,3.9,30.5,25.5,21.7
31/05/2011,3.8,28.2,24.9,21.5
01/06/2011,0.0,31.8,27.0,22.5
02/06/2011,0.0,31.5,25.9,22.0
03/06/2011,0.0,31.7,26.4,22.5
04/06/2011,0.0,33.6,27.2,22.6
05/06/2011,0.0,30.5,26.0,22.9
06/06/2011,23.3,32.1,25.9,21.5
07/06/2011,0.0,31.3,26.1,21.9
08/06/2011,0.0,30.3,25.8,22.5
09/06/2011,10.3,31.7,26.3,21.5
10/06/2011,0.0,31.9,27.0,22.8
11/06/2011,11.4,31.5,26.3,22.1
12/06/2011,0.0,28.6,25.6,22.5
13/06/2011,7.8,30.9,26.7,23.0
14/06/2011,0.0,30.3,25.7,22.0
15/06/2011,5.5,29.1,25.4,22.8
16/06/2011,1.0,31.2,26.7,22.2
17/06/2011,0.0,31.7,26.8,22.6
18/06/2011,0.0,30.9,26.1,22.9
19/06/2011,0.0,30.7,26.5,23.0
20/06/2011,0.0,32.3,25.6,22.8
21/06/2011,0.0,28.3,25.3,21.5
22/06/2011,0.0,31.0,26.3,21.8
23/06/2011,0.0,31.3,26.0,22.1
24/06/2011,1.9,30.6,25.6,21.5
25/06/2011,2.0,29.9,25.8,22.7
26/06/2011,8.8,31.6,26.2,21.9
27/06/2011,0.0,31.1,26.7,22.5
28/06/2011,7.8,29.3,24.6,22.3
29/06/2011,42.4,29.4,25.0,21.8
30/06/2011,8.6,30.5,25.4,21.9
01/07/2011,0.0,29.4,25.3,22.1
02/07/2011,11.3,29.7,25.2,21.9
03/07/2011,0.0,31.5,26.0,21.7
04/07/2011,0.0,33.6,27.1,21.6
05/07/2011,0.0,31.3,26.1,21.9
06/07/2011,0.0,30.7,25.4,21.5
07/07/2011,0.0,30.0,25.6,22.4
08/07/2011,2.3,29.7,25.2,21.9
09/07/2011,27.0,32.1,25.3,21.3
10/07/2011,0.0,30.4,25.4,21.7
11/07/2011,1.8,31.4,26.2,21.9
12/07/2011,0.0,32.7,26.6,22.1
13/07/2011,0.0,29.9,25.1,21.5
14/07/2011,0.0,29.2,25.2,21.9
15/07/2011,3.6,29.7,25.0,21.5
16/07/2011,10.6,29.7,25.4,21.4
17/07/2011,0.0,30.3,25.7,21.9
18/07/2011,6.2,30.1,25.7,22.5
19/07/2011,0.0,31.9,26.5,22.3
20/07/2011,0.0,31.7,26.3,22.3
21/07/2011,2.0,31.1,26.3,22.5
22/07/2011,0.0,30.7,25.4,22.9
23/07/2011,3.7,32.5,26.7,22.3
24/07/2011,0.0,30.5,25.9,22.7
25/07/2011,6.3,30.1,25.1,21.5
26/07/2011,0.0,30.3,25.5,21.9
27/07/2011,0.0,33.3,27.2,22.6
28/07/2011,0.0,33.5,27.3,23.2
29/07/2011,0.0,31.7,27.0,22.9
30/07/2011,0.0,33.1,26.0,22.5
31/07/2011,0.0,33.3,26.7,22.2
01/08/2011,0.0,33.4,25.7,20.8
02/08/2011,17.1,31.7,26.2,21.5
03/08/2011,0.0,31.7,26.3,22.9
04/08/2011,0.0,33.5,26.9,22.7
05/08/2011,0.0,33.3,27.4,23.3
06/08/2011,0.0,31.3,26.2,21.9
07/08/2011,0.0,30.5,25.4,21.9
08/08/2011,2.6,31.7,26.2,21.9
09/08/2011,0.0,32.7,26.4,22.3
10/08/2011,3.7,31.5,25.8,21.5
11/08/2011,0.0,33.7,27.1,23.0
12/08/2011,0.0,32.3,26.1,22.2
13/08/2011,5.2,33.1,26.9,22.5
14/08/2011,0.0,32.3,26.2,22.0
15/08/2011,0.0,32.5,26.7,22.1
16/08/2011,0.0,32.6,27.1,22.9
17/08/2011,0.0,31.9,26.9,22.2
18/08/2011,0.0,33.0,27.5,22.6
19/08/2011,0.0,34.1,27.5,22.9
20/08/2011,0.0,33.9,27.5,23.3
21/08/2011,0.0,32.6,27.3,22.9
22/08/2011,1.8,32.5,27.3,22.9
23/08/2011,0.0,30.5,25.3,21.9
24/08/2011,3.7,31.9,25.9,22.6
25/08/2011,0.0,30.7,26.0,22.9
26/08/2011,0.0,30.3,25.7,22.5
27/08/2011,5.9,31.5,26.7,21.6
28/08/2011,0.0,31.3,26.6,22.9
29/08/2011,0.0,31.6,26.5,22.8
30/08/2011,0.0,32.9,27.2,22.0
31/08/2011,0.0,33.6,27.0,22.5
01/09/2011,5.3,31.9,26.2,21.9
02/09/2011,0.0,32.2,26.8,22.1
03/09/2011,0.0,32.5,26.8,22.9
04/09/2011,0.0,33.3,26.8,22.3
05/09/2011,0.0,32.9,26.6,21.8
06/09/2011,0.0,31.3,26.5,22.9
07/09/2011,0.0,31.3,26.8,22.5
08/09/2011,0.0,32.6,27.3,22.8
09/09/2011,0.0,32.5,26.8,22.9
10/09/2011,12.6,30.7,25.9,22.1
11/09/2011,1.3,32.2,26.7,22.5
12/09/2011,0.0,32.7,27.3,22.9
13/09/2011,0.0,33.1,27.0,23.1
14/09/2011,0.0,32.9,27.0,22.9
15/09/2011,0.0,31.9,26.6,21.9
16/09/2011,0.0,32.8,26.5,22.5
17/09/2011,0.0,33.0,26.7,22.9
18/09/2011,4.8,32.9,26.6,22.7
19/09/2011,3.0,33.6,26.7,21.9
20/09/2011,4.5,32.5,27.6,22.9
21/09/2011,0.0,31.3,26.9,22.9
22/09/2011,0.0,33.4,27.5,21.9
23/09/2011,0.0,34.6,28.1,22.3
24/09/2011,0.0,33.5,27.8,22.9
25/09/2011,0.0,32.5,27.6,22.9
26/09/2011,0.0,33.9,28.1,23.0
27/09/2011,0.0,32.9,27.7,23.1
28/09/2011,0.0,32.5,27.5,22.9
29/09/2011,0.0,32.5,27.6,22.9
30/09/2011,0.0,33.6,28.1,23.3
01/10/2011,0.0,33.5,27.8,23.4
02/10/2011,0.0,32.7,27.6,23.2
03/10/2011,0.0,30.7,27.1,23.3
04/10/2011,2.6,31.9,25.8,21.4
05/10/2011,1.6,32.9,27.1,22.7
06/10/2011,0.0,32.5,27.1,22.9
07/10/2011,0.0,32.5,27.5,22.9
08/10/2011,0.0,33.9,28.1,23.0
09/10/2011,0.0,34.7,28.5,23.5
10/10/2011,0.0,33.5,27.9,22.9
11/10/2011,0.0,33.3,27.7,23.1
12/10/2011,0.0,34.8,28.6,23.3
13/10/2011,0.0,34.7,28.3,23.3
14/10/2011,0.0,33.5,27.7,23.6
15/10/2011,0.0,33.7,27.8,23.6
16/10/2011,0.0,33.7,28.0,23.5
17/10/2011,0.5,31.3,26.0,23.0
18/10/2011,8.3,32.9,26.3,21.5
19/10/2011,0.0,35.4,28.1,23.3
20/10/2011,0.0,30.7,25.8,22.5
21/10/2011,0.0,28.8,24.8,21.5
22/10/2011,56.2,29.3,25.4,22.5
23/10/2011,0.0,31.7,26.2,22.1
24/10/2011,0.0,34.9,,
25/10/2011,3.0,33.1,27.3,22.0
26/10/2011,1.3,31.9,25.5,21.9
27/10/2011,0.0,33.0,27.0,22.5
28/10/2011,0.0,33.0,27.6,23.0
29/10/2011,0.0,33.2,27.4,23.3
30/10/2011,0.0,31.5,26.5,23.0
31/10/2011,8.5,27.9,23.9,21.8
01/11/2011,1.3,31.9,25.7,21.4
02/11/2011,0.0,32.5,26.4,22.3
03/11/2011,34.9,29.3,24.8,21.3
04/11/2011,17.1,28.0,24.8,22.0
05/11/2011,0.7,31.4,26.3,22.7
06/11/2011,0.0,31.7,26.4,22.4
07/11/2011,0.0,30.3,25.4,21.9
08/11/2011,0.0,34.0,27.3,22.3
09/11/2011,0.0,32.2,27.1,22.5
10/11/2011,0.0,31.9,26.5,22.4
11/11/2011,0.0,31.7,25.9,21.9
12/11/2011,0.0,31.9,26.8,22.7
13/11/2011,52.0,30.0,25.0,21.5
14/11/2011,97.0,26.6,23.6,20.9
15/11/2011,24.7,29.9,25.4,21.9
16/11/2011,0.0,31.9,26.9,21.8
17/11/2011,0.0,32.0,26.8,22.6
18/11/2011,0.0,30.7,25.9,22.0
19/11/2011,0.0,31.7,26.2,22.4
20/11/2011,0.0,31.4,26.5,22.4
21/11/2011,0.0,31.7,26.5,22.5
22/11/2011,0.0,32.2,26.8,22.4
23/11/2011,0.0,33.3,27.5,23.3
24/11/2011,0.0,32.3,27.0,21.7
25/11/2011,0.0,33.4,27.6,22.0
26/11/2011,0.0,31.7,26.7,21.8
27/11/2011,0.0,31.5,26.5,22.1
28/11/2011,1.1,31.5,26.6,22.5
29/11/2011,0.0,32.7,27.2,22.8
30/11/2011,0.0,32.3,27.0,22.7
01/12/2011,0.0,32.5,27.1,22.4
02/12/2011,0.0,31.9,27.1,22.8
03/12/2011,0.0,31.5,26.6,22.3
04/12/2011,0.0,30.3,26.2,22.5
05/12/2011,0.0,31.9,26.9,22.8
06/12/2011,0.0,32.5,27.0,22.4
07/12/2011,0.0,33.3,27.4,22.9
08/12/2011,0.0,32.9,27.2,23.0
09/12/2011,0.0,32.7,27.2,22.9
10/12/2011,0.0,34.1,27.7,22.9
11/12/2011,0.0,32.8,27.6,23.0
12/12/2011,0.0,32.5,27.1,23.1
13/12/2011,0.0,33.3,27.2,22.9
14/12/2011,0.0,33.4,27.6,23.2
15/12/2011,0.0,31.7,26.6,22.9
16/12/2011,0.0,32.8,27.1,23.2
17/12/2011,5.4,31.8,26.8,22.8
18/12/2011,0.0,32.8,26.8,22.8
19/12/2011,0.0,32.0,27.2,22.9
20/12/2011,0.0,32.4,27.1,23.2
21/12/2011,0.0,32.7,26.9,22.8
22/12/2011,0.0,32.9,27.1,22.0
23/12/2011,0.0,32.0,27.2,23.2
24/12/2011,46.3,29.7,25.3,21.9
25/12/2011,1.3,30.4,25.7,22.1
26/12/2011,0.0,31.8,26.3,22.0
27/12/2011,1.6,31.3,25.9,21.8
28/12/2011,0.0,30.3,25.7,21.7
29/12/2011,0.0,31.9,26.6,23.0
30/12/2011,0.0,32.5,26.6,22.4
31/12/2011,0.0,32.9,27.3,23.2
01/01/2012,0.0,32.6,27.3,23.1
02/01/2012,0.0,31.9,27.1,23.3
03/01/2012,1.3,32.4,26.6,22.0
04/01/2012,1.5,30.7,26.3,22.2
05/01/2012,0.0,30.4,25.9,22.9
06/01/2012,38.5,30.2,25.7,22.8
07/01/2012,0.0,30.3,25.4,21.8
08/01/2012,0.0,32.0,26.2,22.9
09/01/2012,13.1,31.5,26.0,22.8
10/01/2012,15.3,29.9,24.9,21.3
11/01/2012,0.0,30.6,25.9,22.5
12/01/2012,0.0,30.2,26.0,22.8
13/01/2012,0.0,30.5,26.1,22.6
14/01/2012,0.0,30.9,26.3,22.0
15/01/2012,0.0,28.9,25.4,22.9
16/01/2012,3.3,28.3,24.8,21.9
17/01/2012,25.3,28.9,25.3,21.9
18/01/2012,0.0,27.8,24.1,22.7
19/01/2012,14.9,29.4,25.2,21.8
20/01/2012,0.0,30.7,26.0,21.6
21/01/2012,0.0,29.9,25.8,22.2
22/01/2012,4.4,28.8,24.8,21.9
23/01/2012,15.4,28.8,24.1,21.5
24/01/2012,0.6,31.1,25.5,22.0
25/01/2012,3.8,29.9,25.1,22.0
26/01/2012,21.8,28.9,25.0,21.5
27/01/2012,0.0,29.2,25.4,22.6
28/01/2012,0.0,29.7,25.1,22.0
29/01/2012,46.6,30.4,25.8,22.9
30/01/2012,1.4,31.3,25.7,22.0
31/01/2012,35.5,29.7,25.2,21.9
01/02/2012,0.0,30.4,25.8,21.6
02/02/2012,0.0,28.4,25.4,22.7
03/02/2012,0.0,30.3,25.7,21.9
04/02/2012,0.0,28.8,25.4,22.3
05/02/2012,0.0,28.7,24.9,22.2
06/02/2012,2.3,30.5,25.7,22.1
07/02/2012,17.6,29.3,24.8,21.5
08/02/2012,3.0,30.2,25.9,22.4
09/02/2012,0.0,29.7,25.3,22.3
10/02/2012,3.3,28.8,24.5,21.5
11/02/2012,2.4,29.9,25.1,21.6
12/02/2012,0.0,27.8,24.5,21.8
13/02/2012,34.0,28.4,25.0,21.5
14/02/2012,4.1,25.9,22.8,21.9
15/02/2012,35.7,28.8,24.4,21.3
16/02/2012,0.0,29.9,25.2,21.9
17/02/2012,0.0,30.2,23.6,21.6
18/02/2012,2.3,30.2,25.2,21.7
19/02/2012,0.0,30.7,25.3,21.5
20/02/2012,0.0,28.4,25.2,22.6
21/02/2012,15.5,30.5,25.0,21.5
22/02/2012,16.3,30.1,24.7,21.5
23/02/2012,3.2,27.9,24.9,22.0
24/02/2012,6.7,29.7,25.2,21.9
25/02/2012,11.2,28.4,24.6,21.6
26/02/2012,6.5,29.4,24.9,22.2
27/02/2012,0.0,29.6,24.8,21.9
28/02/2012,23.5,28.1,23.8,21.5
29/02/2012,10.2,28.8,25.1,21.9
01/03/2012,3.1,29.5,25.1,21.8
02/03/2012,33.5,28.9,25.1,21.7
03/03/2012,1.0,30.0,25.9,22.6
04/03/2012,0.0,30.4,25.8,22.3
05/03/2012,0.0,30.7,25.4,22.5
06/03/2012,21.8,28.6,24.4,22.5
07/03/2012,4.4,29.1,24.7,21.5
08/03/2012,12.8,29.7,25.1,21.5
09/03/2012,11.3,25.8,23.1,21.5
10/03/2012,2.3,30.3,25.1,21.9
11/03/2012,32.5,29.7,24.8,21.9
12/03/2012,1.7,29.5,25.4,22.2
13/03/2012,0.0,30.3,25.7,22.1
14/03/2012,0.5,30.1,25.7,21.9
15/03/2012,0.0,31.4,26.1,22.6
16/03/2012,0.0,31.3,26.2,22.8
17/03/2012,4.7,31.1,26.1,22.9
18/03/2012,22.9,31.8,26.1,22.9
19/03/2012,0.0,27.5,24.5,21.9
20/03/2012,39.1,29.8,25.4,22.0
21/03/2012,0.0,31.1,26.1,22.9
22/03/2012,0.5,30.5,25.9,22.6
23/03/2012,0.0,29.8,26.0,22.8
24/03/2012,0.3,30.0,26.1,22.9
25/03/2012,5.2,28.9,24.7,21.7
26/03/2012,0.0,31.2,25.9,22.5
27/03/2012,0.0,28.4,25.3,22.6
28/03/2012,6.6,28.4,24.7,21.9
29/03/2012,12.1,30.3,25.4,21.9
30/03/2012,0.0,28.4,24.8,22.2
31/03/2012,11.6,29.7,25.1,21.8
01/04/2012,0.0,30.4,26.5,22.9
02/04/2012,4.0,30.4,25.8,22.8
03/04/2012,1.3,30.7,25.7,22.1
04/04/2012,4.9,30.2,25.6,22.5
05/04/2012,2.6,30.5,26.1,22.8
06/04/2012,7.6,30.7,25.6,22.1
07/04/2012,18.3,29.9,25.5,21.5
08/04/2012,30.0,29.2,23.9,22.3
09/04/2012,41.1,30.3,25.4,22.1
10/04/2012,0.0,30.1,25.6,21.5
11/04/2012,1.4,30.3,25.6,22.8
12/04/2012,2.5,30.5,26.0,22.9
13/04/2012,6.2,29.9,25.4,21.5
14/04/2012,0.0,29.9,25.8,22.6
15/04/2012,1.1,30.7,25.1,21.9
16/04/2012,7.4,31.2,26.4,22.5
17/04/2012,0.0,29.9,26.2,22.4
18/04/2012,0.0,30.1,25.8,22.3
19/04/2012,0.0,30.8,26.3,22.9
20/04/2012,0.0,29.4,25.8,22.7
21/04/2012,1.8,30.7,25.8,22.4
22/04/2012,0.0,30.5,26.3,22.9
23/04/2012,0.8,30.9,26.5,23.0
24/04/2012,5.4,29.7,25.2,21.4
25/04/2012,10.4,31.2,26.2,22.7
26/04/2012,0.0,31.0,26.6,22.7
27/04/2012,0.0,31.3,26.1,21.9
28/04/2012,0.4,29.4,26.1,22.9
29/04/2012,13.3,29.3,26.1,22.8
30/04/2012,8.4,31.5,27.9,22.1
01/05/2012,1.3,30.9,26.4,22.9
02/05/2012,0.0,31.4,25.7,22.8
03/05/2012,7.3,30.5,25.6,22.4
04/05/2012,27.7,28.1,24.8,21.9
05/05/2012,0.0,28.9,24.1,22.1
06/05/2012,27.5,29.3,24.9,21.9
07/05/2012,12.7,30.4,24.6,21.9
08/05/2012,9.0,29.5,25.2,21.7
09/05/2012,6.7,30.7,25.7,21.9
10/05/2012,0.0,30.6,26.2,22.9
11/05/2012,0.0,30.0,25.2,22.3
12/05/2012,16.0,30.1,25.4,21.9
13/05/2012,2.4,30.3,25.8,22.7
14/05/2012,0.0,29.2,26.1,22.9
15/05/2012,1.7,30.5,25.7,22.0
16/05/2012,0.0,31.3,26.4,22.9
17/05/2012,0.0,30.8,26.6,22.9
18/05/2012,1.1,31.3,26.3,22.3
19/05/2012,0.0,31.5,26.2,22.5
20/05/2012,1.5,29.2,25.1,22.5
21/05/2012,1.3,30.7,25.8,22.2
22/05/2012,0.0,31.1,27.1,22.9
23/05/2012,0.0,30.4,26.6,22.8
24/05/2012,0.0,31.5,26.4,22.6
25/05/2012,0.0,28.6,25.2,22.5
26/05/2012,0.7,30.7,26.6,22.6
27/05/2012,0.0,31.7,26.6,22.3
28/05/2012,0.0,31.3,26.3,22.5
29/05/2012,0.0,31.0,25.7,22.1
30/05/2012,0.5,31.5,26.2,21.9
31/05/2012,0.0,31.1,26.4,22.5
01/06/2012,0.0,31.6,26.7,21.9
02/06/2012,0.0,32.1,26.6,22.0
03/06/2012,0.0,30.1,25.9,21.9
04/06/2012,1.5,29.4,25.5,22.2
05/06/2012,0.5,31.3,26.2,22.5
06/06/2012,0.0,30.1,26.0,21.6
07/06/2012,0.0,31.2,26.9,22.6
08/06/2012,0.0,31.5,26.3,22.5
09/06/2012,11.5,,,
10/06/2012,2.7,27.2,24.7,22.6
11/06/2012,5.8,29.9,25.0,21.8
12/06/2012,1.0,30.5,26.0,22.6
13/06/2012,1.6,29.0,25.5,22.4
14/06/2012,7.6,29.6,25.3,21.8
15/06/2012,2.6,30.1,25.6,21.6
16/06/2012,11.8,28.4,24.7,21.0
17/06/2012,0.0,30.7,25.4,21.4
18/06/2012,0.0,31.3,26.1,22.2
19/06/2012,0.0,30.4,26.0,21.5
20/06/2012,0.0,31.7,26.3,22.0
21/06/2012,0.0,32.1,26.3,21.5
22/06/2012,0.0,32.0,26.9,22.2
23/06/2012,0.0,31.3,26.2,22.0
24/06/2012,0.0,30.5,25.7,21.9
25/06/2012,6.0,31.4,26.1,22.1
26/06/2012,2.8,30.4,25.4,21.9
27/06/2012,1.4,29.9,25.0,21.5
28/06/2012,0.8,27.9,24.0,21.2
29/06/2012,29.6,30.6,25.3,21.6
30/06/2012,0.0,30.3,25.7,21.5
01/07/2012,0.0,30.8,25.7,21.3
02/07/2012,0.0,30.7,25.2,21.8
03/07/2012,10.7,31.3,24.7,21.7
04/07/2012,1.5,30.0,25.8,22.1
05/07/2012,16.0,28.6,24.4,21.6
06/07/2012,2.0,31.1,25.8,21.9
07/07/2012,0.0,31.4,26.4,22.2
08/07/2012,0.0,31.7,26.0,21.9
09/07/2012,0.0,31.9,25.1,21.5
10/07/2012,1.2,31.5,25.4,21.8
11/07/2012,5.5,28.6,24.5,21.7
12/07/2012,9.8,29.3,25.1,21.9
13/07/2012,11.5,30.7,25.7,21.5
14/07/2012,0.0,29.3,25.2,22.3
15/07/2012,9.2,29.3,24.7,21.9
16/07/2012,2.6,30.3,25.3,21.5
17/07/2012,6.7,30.1,25.3,21.5
18/07/2012,0.0,30.9,24.8,21.5
19/07/2012,9.8,30.3,25.5,21.3
20/07/2012,11.4,30.0,25.3,21.5
21/07/2012,0.0,30.3,25.9,22.7
22/07/2012,13.4,30.7,26.0,22.5
23/07/2012,0.0,31.3,26.0,22.1
24/07/2012,0.0,32.1,26.9,21.5
25/07/2012,1.2,28.3,25.1,21.7
26/07/2012,0.0,32.3,26.2,22.2
27/07/2012,0.0,32.7,26.4,22.3
28/07/2012,0.0,31.9,26.4,21.9
29/07/2012,0.0,31.9,26.1,22.5
30/07/2012,5.9,31.7,26.5,22.4
31/07/2012,0.0,31.9,26.8,23.6
01/08/2012,0.0,33.9,27.1,22.7
02/08/2012,0.0,31.7,26.8,22.5
03/08/2012,0.0,34.9,27.5,22.1
04/08/2012,0.0,34.7,27.4,22.2
05/08/2012,0.0,32.3,27.4,21.9
06/08/2012,0.0,32.9,26.7,22.2
07/08/2012,8.3,30.9,26.1,22.0
08/08/2012,2.0,30.3,25.6,22.7
09/08/2012,5.0,30.9,26.2,22.1
10/08/2012,6.4,30.3,25.1,22.0
11/08/2012,1.3,31.4,25.7,21.5
12/08/2012,0.0,30.5,26.0,22.8
13/08/2012,4.0,31.4,26.1,22.8
14/08/2012,0.0,32.1,26.7,22.7
15/08/2012,0.0,31.8,26.6,23.0
16/08/2012,2.3,30.7,26.0,22.9
17/08/2012,0.0,32.1,26.7,21.9
18/08/2012,0.0,32.7,26.5,21.8
19/08/2012,0.0,32.5,26.8,21.9
20/08/2012,0.0,32.1,26.5,21.9
21/08/2012,0.0,32.3,26.8,21.9
22/08/2012,0.0,32.6,27.0,22.9
23/08/2012,0.0,32.3,26.8,22.4
24/08/2012,0.0,32.1,26.5,22.5
25/08/2012,2.6,32.4,26.9,22.1
26/08/2012,0.0,32.7,26.6,21.9
27/08/2012,0.0,32.1,26.3,21.5
28/08/2012,0.0,31.4,27.0,22.8
29/08/2012,0.0,32.5,26.7,22.3
30/08/2012,0.0,32.4,26.5,21.4
31/08/2012,0.0,33.0,27.2,22.9
01/09/2012,0.0,31.6,26.2,22.7
02/09/2012,0.0,33.7,27.4,22.7
03/09/2012,0.0,33.0,27.5,23.1
04/09/2012,0.0,31.9,27.2,22.8
05/09/2012,0.0,31.6,26.6,22.9
06/09/2012,0.0,33.5,27.8,22.6
07/09/2012,0.0,32.9,26.9,22.9
08/09/2012,0.0,32.1,26.8,22.5
09/09/2012,0.0,33.6,27.8,22.8
10/09/2012,0.0,31.5,26.5,22.9
11/09/2012,0.0,31.1,27.2,22.9
12/09/2012,0.0,32.4,27.8,23.2
13/09/2012,0.0,32.9,27.3,22.5
14/09/2012,0.0,34.0,28.1,22.9
15/09/2012,0.0,34.1,28.0,22.9
16/09/2012,0.0,32.8,27.7,23.1
17/09/2012,0.0,32.9,27.4,23.2
18/09/2012,0.0,32.5,27.5,22.9
19/09/2012,0.0,33.1,27.5,22.7
20/09/2012,0.0,35.2,28.5,23.1
21/09/2012,0.0,33.7,27.9,23.6
22/09/2012,0.0,35.1,28.3,23.5
23/09/2012,0.0,31.9,26.8,23.3
24/09/2012,4.0,32.9,27.8,23.3
25/09/2012,0.0,32.6,26.7,23.5
26/09/2012,0.7,31.5,26.8,22.5
27/09/2012,0.0,31.7,26.6,22.9
28/09/2012,2.6,33.4,26.9,22.8
29/09/2012,18.9,32.6,26.6,22.1
30/09/2012,0.0,32.5,27.5,22.9
01/10/2012,0.0,35.2,28.3,22.9
02/10/2012,0.0,35.4,28.6,23.1
03/10/2012,0.0,33.5,27.7,23.2
04/10/2012,0.0,32.1,27.1,22.9
05/10/2012,0.0,32.9,27.8,
06/10/2012,0.0,32.9,27.8,23.1
07/10/2012,0.0,33.0,27.6,23.4
08/10/2012,0.0,34.9,27.9,22.9
09/10/2012,0.0,35.0,27.8,22.9
10/10/2012,20.8,28.9,24.3,21.6
11/10/2012,17.1,30.5,25.8,22.2
12/10/2012,0.0,31.5,26.4,22.7
13/10/2012,0.0,33.4,27.3,22.7
14/10/2012,0.0,32.4,27.3,22.5
15/10/2012,21.7,31.0,25.7,22.0
16/10/2012,4.0,31.9,26.3,22.2
17/10/2012,0.0,33.4,27.2,21.8
18/10/2012,0.0,32.7,27.3,22.9
19/10/2012,0.0,33.1,27.1,22.7
20/10/2012,0.0,31.9,26.9,22.8
21/10/2012,0.0,32.9,27.6,22.9
22/10/2012,0.0,33.4,27.5,23.1
23/10/2012,0.0,33.1,27.1,23.3
24/10/2012,0.0,33.5,27.6,23.0
25/10/2012,0.0,33.3,27.9,23.1
26/10/2012,0.0,33.5,27.4,23.4
27/10/2012,0.0,33.4,27.6,23.3
28/10/2012,0.0,33.3,26.9,23.2
29/10/2012,3.6,33.1,27.1,22.9
30/10/2012,0.0,33.9,27.7,23.2
31/10/2012,0.0,33.5,27.5,23.0
01/11/2012,0.0,35.3,28.2,23.3
02/11/2012,0.0,29.9,25.9,22.8
03/11/2012,3.6,32.6,27.0,22.8
04/11/2012,0.0,33.5,27.2,22.8
05/11/2012,0.0,34.7,27.9,23.0
06/11/2012,0.0,35.1,28.0,21.8
07/11/2012,0.0,34.4,27.9,23.1
08/11/2012,0.0,34.7,27.7,23.0
09/11/2012,0.0,34.4,28.0,23.4
10/11/2012,0.0,35.6,28.7,23.7
11/11/2012,0.0,34.4,28.3,23.6
12/11/2012,0.0,33.9,27.6,22.0
13/11/2012,0.0,34.4,28.2,23.0
14/11/2012,0.0,35.5,28.8,23.4
15/11/2012,0.0,31.3,26.1,23.3
16/11/2012,0.0,34.4,27.0,22.0
17/11/2012,0.0,34.8,28.0,22.4
18/11/2012,0.0,34.9,28.2,23.0
19/11/2012,0.0,35.0,28.6,23.6
20/11/2012,0.0,34.9,28.4,23.4
21/11/2012,0.0,34.7,28.1,23.0
22/11/2012,0.0,35.5,28.9,23.7
23/11/2012,0.0,36.5,29.4,23.8
24/11/2012,0.0,35.5,28.9,23.7
25/11/2012,0.0,35.1,28.9,23.8
26/11/2012,0.0,35.9,29.2,23.9
27/11/2012,0.0,36.6,29.6,24.2
28/11/2012,0.0,35.7,29.0,24.0
29/11/2012,0.0,30.6,26.1,22.0
30/11/2012,0.0,30.9,25.6,22.6
01/12/2012,72.8,27.7,24.7,22.1
02/12/2012,3.2,27.6,24.2,21.9
03/12/2012,43.0,28.8,24.5,21.4
04/12/2012,0.0,31.9,26.3,21.7
05/12/2012,0.0,32.6,27.2,22.9
06/12/2012,0.0,31.7,26.7,22.1
07/12/2012,0.0,31.3,25.8,21.9
08/12/2012,0.0,32.2,27.0,22.8
09/12/2012,0.0,32.9,27.6,23.0
10/12/2012,0.0,33.3,27.5,22.5
11/12/2012,0.0,33.1,27.3,23.0
12/12/2012,0.0,32.4,26.8,22.9
13/12/2012,0.0,31.4,26.8,22.3
14/12/2012,0.0,32.2,27.2,23.0
15/12/2012,2.1,28.8,24.8,21.7
16/12/2012,1.9,28.8,24.8,22.0
17/12/2012,0.0,29.5,25.8,22.9
18/12/2012,1.5,28.3,24.9,22.0
19/12/2012,30.9,31.9,25.9,21.3
20/12/2012,16.8,28.3,24.3,21.8
21/12/2012,34.0,31.4,25.8,21.9
22/12/2012,0.0,31.4,26.1,22.0
23/12/2012,0.0,30.6,25.6,21.6
24/12/2012,5.0,29.4,25.0,21.9
25/12/2012,16.6,30.0,25.2,21.7
26/12/2012,2.1,30.9,25.9,22.1
27/12/2012,12.4,29.1,24.3,21.3
28/12/2012,7.7,30.8,26.0,21.6
29/12/2012,0.0,30.9,26.5,22.8
30/12/2012,0.0,29.5,25.2,21.6
31/12/2012,0.0,26.7,24.1,21.6
01/01/2013,33.4,30.7,25.6,21.8
02/01/2013,1.3,29.6,25.6,21.9
03/01/2013,4.9,30.6,25.9,22.2
04/01/2013,16.1,30.3,25.9,21.8
05/01/2013,17.0,30.7,25.9,22.0
06/01/2013,0.0,30.4,26.4,22.8
07/01/2013,0.0,30.6,26.3,22.4
08/01/2013,0.0,30.3,26.0,22.2
09/01/2013,0.0,30.7,25.9,22.1
10/01/2013,1.2,30.5,25.5,22.9
11/01/2013,12.6,30.5,25.5,22.3
12/01/2013,1.4,29.9,25.4,21.9
13/01/2013,28.4,29.3,25.0,21.3
14/01/2013,5.2,29.0,25.2,22.0
15/01/2013,18.6,28.7,25.0,22.1
16/01/2013,14.2,28.9,24.0,21.3
17/01/2013,2.9,30.6,25.6,21.9
18/01/2013,0.0,31.4,26.5,22.2
19/01/2013,1.4,28.9,25.3,23.1
20/01/2013,3.4,31.3,25.8,21.8
21/01/2013,0.0,31.9,26.7,22.3
22/01/2013,0.0,31.6,26.7,22.3
23/01/2013,0.0,31.4,26.6,22.8
24/01/2013,13.7,30.6,25.4,21.3
25/01/2013,1.0,30.1,25.5,21.7
26/01/2013,0.0,30.2,26.3,22.6
27/01/2013,2.0,29.8,26.0,22.9
28/01/2013,2.1,30.6,26.2,22.4
29/01/2013,20.6,28.3,24.3,21.5
30/01/2013,50.4,30.9,25.8,21.9
31/01/2013,0.0,31.0,26.5,22.8
01/02/2013,0.0,30.6,26.3,22.5
02/02/2013,8.8,29.7,24.8,21.7
03/02/2013,1.3,27.8,24.0,22.3
04/02/2013,18.0,31.0,25.3,21.8
05/02/2013,1.4,30.5,25.5,21.7
06/02/2013,7.6,31.7,26.5,22.0
07/02/2013,40.0,26.7,23.2,21.4
08/02/2013,8.8,28.4,24.8,21.7
09/02/2013,1.4,31.3,27.0,21.9
10/02/2013,0.0,29.9,25.3,21.8
11/02/2013,2.1,29.2,24.7,22.4
12/02/2013,14.8,26.4,23.7,21.0
13/02/2013,8.8,29.9,24.8,21.5
14/02/2013,1.4,30.7,25.3,21.4
15/02/2013,0.0,30.5,25.9,21.6
16/02/2013,0.0,28.4,24.1,22.3
17/02/2013,2.8,30.7,25.7,21.6
18/02/2013,0.0,30.7,25.7,22.2
19/02/2013,2.4,31.2,25.9,21.5
20/02/2013,0.0,31.9,26.5,22.8
21/02/2013,23.3,30.6,25.6,21.9
22/02/2013,10.2,30.3,25.3,21.4
23/02/2013,0.0,31.4,26.4,22.2
24/02/2013,0.0,32.0,26.2,22.5
25/02/2013,9.0,30.5,25.6,22.4
26/02/2013,14.4,30.7,26.0,21.8
27/02/2013,0.0,31.4,26.3,21.6
28/02/2013,5.6,29.6,25.8,22.8
01/03/2013,7.1,30.7,25.8,21.8
02/03/2013,13.5,31.3,25.9,21.9
03/03/2013,36.2,29.3,25.1,22.2
04/03/2013,9.6,30.4,25.9,22.3
05/03/2013,2.9,30.7,26.0,22.0
06/03/2013,0.0,31.3,26.6,22.3
07/03/2013,15.7,31.0,26.1,22.4
08/03/2013,2.8,30.0,25.9,22.9
09/03/2013,0.6,30.6,26.0,22.4
10/03/2013,2.8,32.1,26.4,22.0
11/03/2013,0.0,30.6,26.3,22.8
12/03/2013,0.0,32.2,26.7,22.7
13/03/2013,0.0,32.5,27.1,22.9
14/03/2013,1.8,30.5,26.2,23.0
15/03/2013,0.0,30.2,25.7,22.8
16/03/2013,2.6,31.3,26.5,22.7
17/03/2013,1.6,31.2,26.0,22.5
18/03/2013,7.9,28.6,25.1,21.9
19/03/2013,95.4,28.7,24.3,21.3
20/03/2013,6.4,28.9,24.6,22.5
21/03/2013,12.8,30.4,25.4,22.1
22/03/2013,15.0,30.1,25.7,22.9
23/03/2013,2.9,28.5,24.8,22.4
24/03/2013,31.9,26.6,23.7,21.8
25/03/2013,91.8,29.9,25.5,22.1
26/03/2013,1.5,30.4,25.6,22.4
27/03/2013,6.6,30.6,25.4,22.2
28/03/2013,2.4,31.7,26.8,22.7
29/03/2013,13.6,27.4,24.2,22.8
30/03/2013,5.2,30.7,25.6,22.1
31/03/2013,0.0,31.7,26.7,22.5
01/04/2013,0.0,31.4,26.7,22.8
02/04/2013,12.1,30.3,25.2,22.3
03/04/2013,0.0,31.1,26.9,22.9
04/04/2013,0.0,31.1,26.8,22.8
05/04/2013,5.4,31.7,26.7,22.9
06/04/2013,0.0,32.0,26.8,22.5
07/04/2013,1.0,31.2,26.5,22.7
08/04/2013,0.0,32.2,26.9,22.7
09/04/2013,0.0,29.6,25.3,22.8
10/04/2013,50.4,25.9,23.0,21.3
11/04/2013,24.3,29.6,24.9,21.9
12/04/2013,9.1,30.1,25.6,22.5
13/04/2013,11.2,29.9,25.9,22.8
14/04/2013,1.1,,26.2,
15/04/2013,0.0,31.1,26.7,22.5
16/04/2013,0.0,30.8,26.8,22.9
17/04/2013,0.0,31.7,26.5,23.1
18/04/2013,0.0,30.1,25.8,22.9
19/04/2013,0.0,30.6,25.9,22.2
20/04/2013,1.2,31.7,26.6,22.4
21/04/2013,49.2,28.5,24.7,22.5
22/04/2013,10.0,31.5,25.7,22.4
23/04/2013,2.0,29.4,25.2,21.9
24/04/2013,35.7,26.7,24.7,22.5
25/04/2013,8.8,31.0,25.8,22.1
26/04/2013,37.2,29.9,24.9,21.8
27/04/2013,24.0,30.1,25.9,22.5
28/04/2013,9.9,30.4,26.2,22.8
29/04/2013,7.3,31.7,26.0,21.8
30/04/2013,15.0,30.5,25.8,22.5
01/05/2013,10.4,29.4,26.1,22.5
02/05/2013,26.3,30.3,25.1,21.7
03/05/2013,0.0,28.1,25.3,22.5
04/05/2013,11.6,29.9,25.4,22.1
05/05/2013,0.0,30.5,26.0,22.2
06/05/2013,16.8,31.1,25.5,21.9
07/05/2013,0.0,29.8,25.7,22.0
08/05/2013,22.4,29.3,25.1,22.5
09/05/2013,9.8,31.4,26.2,22.9
10/05/2013,22.6,30.0,25.0,21.4
11/05/2013,4.8,31.3,25.9,21.9
12/05/2013,0.0,31.1,26.7,21.9
13/05/2013,0.0,30.9,26.3,22.6
14/05/2013,0.0,30.7,26.1,22.5
15/05/2013,0.0,31.1,26.6,22.9
16/05/2013,0.0,30.5,25.9,22.5
17/05/2013,1.3,29.4,25.4,22.1
18/05/2013,20.6,31.1,26.0,22.9
19/05/2013,44.0,30.8,26.3,22.2
20/05/2013,0.0,31.5,26.1,22.0
21/05/2013,0.0,29.5,25.3,22.5
22/05/2013,0.0,30.8,25.8,22.8
23/05/2013,19.6,30.3,25.7,21.9
24/05/2013,6.9,30.1,25.8,22.5
25/05/2013,29.1,31.4,25.3,22.2
26/05/2013,21.4,30.3,25.4,21.8
27/05/2013,13.8,29.9,25.2,21.5
28/05/2013,0.0,31.0,26.2,22.2
29/05/2013,0.0,31.7,26.2,22.6
30/05/2013,0.0,32.1,26.8,22.9
31/05/2013,0.0,32.3,27.4,22.9
01/06/2013,0.0,31.7,26.6,22.8
02/06/2013,0.0,30.1,25.7,22.9
03/06/2013,20.0,31.4,26.3,20.9
04/06/2013,0.0,30.5,26.1,22.9
05/06/2013,1.2,28.5,25.1,21.5
06/06/2013,15.3,29.9,25.2,22.2
07/06/2013,24.8,31.3,25.2,21.9
08/06/2013,0.0,31.1,26.0,22.5
09/06/2013,11.4,30.3,26.3,22.7
10/06/2013,1.0,31.7,25.9,21.8
11/06/2013,0.0,30.1,26.0,22.9
12/06/2013,1.3,30.9,25.5,22.1
13/06/2013,7.4,29.9,25.5,21.9
14/06/2013,0.0,31.1,26.0,22.9
15/06/2013,10.7,30.3,25.9,22.5
16/06/2013,0.0,31.3,26.4,22.4
17/06/2013,0.0,31.1,26.1,22.5
18/06/2013,1.6,30.0,26.3,22.8
19/06/2013,4.3,30.5,25.7,22.0
20/06/2013,0.0,30.7,25.7,22.5
21/06/2013,2.4,31.4,26.9,22.7
22/06/2013,0.0,30.7,26.0,22.1
23/06/2013,0.0,31.6,26.6,22.5
24/06/2013,0.0,31.9,27.0,22.7
25/06/2013,0.0,31.8,26.4,22.5
26/06/2013,0.0,31.1,26.0,22.9
27/06/2013,0.0,33.0,26.9,22.0
28/06/2013,0.0,33.3,27.0,22.2
29/06/2013,2.6,29.7,25.3,22.5
30/06/2013,3.4,29.0,24.5,22.0
01/07/2013,23.7,30.5,25.4,22.0
02/07/2013,24.1,29.7,24.8,21.9
03/07/2013,6.3,31.8,25.2,21.4
04/07/2013,7.5,29.7,24.6,21.8
05/07/2013,48.8,29.5,24.7,21.7
06/07/2013,5.1,28.9,26.5,21.8
07/07/2013,6.4,29.7,24.5,19.9
08/07/2013,1.3,31.5,26.2,21.5
09/07/2013,0.0,31.9,26.4,22.1
10/07/2013,3.3,30.5,25.4,21.5
11/07/2013,2.2,28.8,24.7,21.5
12/07/2013,43.4,31.6,25.7,21.4
13/07/2013,0.0,31.7,26.0,21.9
14/07/2013,0.0,31.1,26.2,21.5
15/07/2013,0.0,30.5,26.4,21.9
16/07/2013,0.0,30.3,26.6,21.9
17/07/2013,0.0,31.8,25.5,21.8
18/07/2013,0.0,32.0,26.1,22.5
19/07/2013,0.0,32.1,25.8,21.2
20/07/2013,9.8,31.7,25.9,22.2
21/07/2013,19.4,30.3,25.3,21.7
22/07/2013,0.0,31.7,26.0,21.9
23/07/2013,0.0,28.1,24.8,21.5
24/07/2013,4.4,30.5,25.2,21.9
25/07/2013,34.4,30.3,24.5,21.3
26/07/2013,39.3,31.1,25.4,21.5
27/07/2013,0.0,31.1,26.0,22.5
28/07/2013,0.0,30.5,25.2,22.0
29/07/2013,10.6,30.2,24.6,21.3
30/07/2013,0.0,31.3,25.8,21.9
31/07/2013,0.0,31.3,26.2,21.5
01/08/2013,0.0,31.7,26.2,21.9
02/08/2013,0.0,32.2,26.8,22.4
03/08/2013,0.0,32.1,25.9,22.5
04/08/2013,1.0,32.7,27.4,21.5
05/08/2013,0.0,32.7,26.9,22.0
06/08/2013,10.0,30.5,25.0,21.5
07/08/2013,15.6,30.1,25.5,21.5
08/08/2013,3.0,31.5,25.7,21.5
09/08/2013,0.0,32.4,26.6,21.8
10/08/2013,2.4,31.9,26.1,22.3
11/08/2013,2.6,32.5,26.5,22.5
12/08/2013,0.0,31.4,26.6,22.2
13/08/2013,0.0,32.2,26.7,22.8
14/08/2013,0.0,31.5,25.2,22.5
15/08/2013,2.0,31.7,26.0,21.5
16/08/2013,11.2,30.3,24.8,21.8
17/08/2013,20.6,28.1,24.7,21.5
18/08/2013,68.8,30.4,25.5,21.2
19/08/2013,10.5,30.5,25.7,21.9
20/08/2013,4.6,31.1,26.0,22.9
21/08/2013,0.0,30.9,26.6,22.3
22/08/2013,0.0,32.3,26.3,22.2
23/08/2013,0.0,31.4,26.2,21.5
24/08/2013,0.0,31.0,27.0,22.9
25/08/2013,0.0,31.7,26.7,22.6
26/08/2013,0.0,32.3,27.4,22.9
27/08/2013,0.0,31.9,26.5,22.7
28/08/2013,6.9,29.3,24.5,21.7
29/08/2013,52.9,28.1,24.0,21.5
30/08/2013,21.5,30.5,25.5,21.1
31/08/2013,6.8,30.7,25.1,21.6
01/09/2013,0.0,31.7,26.2,21.9
02/09/2013,0.0,32.4,27.2,22.9
03/09/2013,0.0,31.2,26.2,22.0
04/09/2013,0.0,32.1,26.8,22.9
05/09/2013,0.0,31.2,27.0,22.8
06/09/2013,0.0,32.3,26.8,23.0
07/09/2013,5.2,32.1,26.5,21.9
08/09/2013,0.0,31.8,26.8,22.7
09/09/2013,0.0,31.5,26.4,22.4
10/09/2013,0.0,32.1,26.8,22.9
11/09/2013,0.0,32.0,27.4,22.9
12/09/2013,2.2,30.3,24.6,21.3
13/09/2013,2.7,32.1,26.0,21.5
14/09/2013,0.0,31.4,26.9,22.8
15/09/2013,0.0,31.6,26.2,22.6
16/09/2013,0.0,32.5,27.1,22.9
17/09/2013,1.0,32.5,27.6,22.9
18/09/2013,0.0,31.3,27.0,22.9
19/09/2013,0.0,32.5,27.1,22.4
20/09/2013,0.0,32.1,27.1,22.5
21/09/2013,1.2,31.9,27.1,22.9
22/09/2013,0.0,32.4,27.2,22.9
23/09/2013,0.0,32.7,27.7,23.0
24/09/2013,0.0,32.4,26.4,22.9
25/09/2013,1.6,32.9,27.8,22.9
26/09/2013,0.0,32.1,27.1,22.5
27/09/2013,0.0,33.5,27.6,23.1
28/09/2013,0.0,32.1,27.0,22.9
29/09/2013,0.0,33.4,27.1,22.4
30/09/2013,1.0,32.1,26.7,22.9
01/10/2013,0.0,32.9,27.7,22.9
02/10/2013,0.0,32.5,26.4,22.9
03/10/2013,0.0,32.2,27.5,23.0
04/10/2013,0.0,32.6,27.6,22.9
05/10/2013,0.0,33.1,27.6,22.8
06/10/2013,0.0,32.5,27.4,22.9
07/10/2013,0.0,33.4,27.9,23.3
08/10/2013,0.0,33.3,27.7,23.3
09/10/2013,0.0,33.2,27.7,23.2
10/10/2013,7.0,31.3,27.0,22.5
11/10/2013,0.0,32.9,27.8,22.8
12/10/2013,0.0,32.3,27.4,22.9
13/10/2013,0.0,33.4,27.9,23.2
14/10/2013,0.0,31.5,26.7,22.9
15/10/2013,1.0,31.7,27.1,22.6
16/10/2013,0.0,33.5,27.7,23.2
17/10/2013,0.0,32.3,27.2,22.9
18/10/2013,0.0,33.9,27.1,21.9
19/10/2013,4.6,31.7,26.3,22.9
20/10/2013,23.4,31.7,26.1,22.3
21/10/2013,0.0,32.8,27.7,22.3
22/10/2013,0.0,32.7,26.8,21.9
23/10/2013,0.0,32.7,26.8,22.4
24/10/2013,0.0,33.6,27.7,23.0
25/10/2013,0.0,32.7,27.8,22.9
26/10/2013,0.0,34.7,27.7,22.4
27/10/2013,0.0,34.5,27.8,23.1
28/10/2013,0.0,33.1,27.7,22.7
29/10/2013,4.9,30.7,26.5,22.3
30/10/2013,38.6,30.5,25.6,21.4
31/10/2013,5.6,31.1,26.2,21.9
01/11/2013,0.0,30.9,26.5,21.6
02/11/2013,0.0,31.7,26.2,22.1
03/11/2013,0.0,31.3,26.6,22.6
04/11/2013,0.0,,26.0,22.5
05/11/2013,4.4,30.5,24.0,22.0
06/11/2013,14.0,30.5,26.0,22.0
07/11/2013,0.0,31.7,26.2,22.0
08/11/2013,0.0,31.5,26.2,22.8
09/11/2013,0.0,31.7,26.9,22.5
10/11/2013,0.0,32.3,27.0,22.9
11/11/2013,0.0,33.8,27.8,22.8
12/11/2013,2.2,31.6,27.3,22.9
13/11/2013,0.0,30.7,26.4,22.7
14/11/2013,3.3,33.4,27.7,23.0
15/11/2013,0.0,31.7,27.3,22.9
16/11/2013,0.0,32.7,27.2,22.9
17/11/2013,0.0,31.9,27.1,22.8
18/11/2013,0.0,31.7,26.7,22.5
19/11/2013,0.0,31.7,26.7,22.3
20/11/2013,9.3,28.0,24.2,21.6
21/11/2013,11.2,31.5,26.7,22.5
22/11/2013,0.0,28.3,25.2,22.2
23/11/2013,13.4,30.7,25.8,22.3
24/11/2013,0.0,33.1,26.7,22.9
25/11/2013,0.0,32.3,27.0,23.0
26/11/2013,0.0,33.2,27.6,22.7
27/11/2013,0.0,32.3,27.4,22.9
28/11/2013,0.0,30.3,25.6,22.2
29/11/2013,3.4,29.9,25.8,22.5
30/11/2013,55.2,30.5,26.0,21.9
01/12/2013,6.6,30.1,25.0,21.6
02/12/2013,2.0,31.9,26.6,21.9
03/12/2013,0.0,31.7,26.9,22.9
04/12/2013,0.0,31.9,26.7,22.5
05/12/2013,0.0,31.6,27.1,22.6
06/12/2013,0.0,31.8,27.2,22.9
07/12/2013,0.0,31.8,26.9,22.8
08/12/2013,0.0,32.2,26.7,22.2
09/12/2013,0.0,31.5,26.7,22.9
10/12/2013,0.0,31.7,26.1,22.1
11/12/2013,3.4,33.4,27.4,22.9
12/12/2013,0.0,32.2,27.1,22.9
13/12/2013,0.0,32.7,26.7,22.4
14/12/2013,0.0,32.2,27.2,22.8
15/12/2013,0.0,31.5,26.6,22.9
16/12/2013,0.0,33.1,27.4,23.0
17/12/2013,0.0,35.0,27.9,22.3
18/12/2013,14.6,29.9,26.1,22.5
19/12/2013,5.4,29.5,25.2,21.6
20/12/2013,1.3,30.3,26.6,22.6
21/12/2013,89.2,29.3,25.0,21.4
22/12/2013,3.4,30.3,25.9,21.9
23/12/2013,4.8,28.1,25.5,22.7
24/12/2013,1.7,31.5,25.9,22.5
25/12/2013,0.0,30.3,25.8,22.2
26/12/2013,1.4,32.4,25.0,22.3
27/12/2013,7.2,31.7,25.5,22.9
28/12/2013,10.6,31.3,26.5,22.6
29/12/2013,1.0,31.5,26.5,22.9
30/12/2013,0.0,32.1,26.9,22.5
31/12/2013,0.0,30.9,26.3,22.0
01/01/2014,0.0,31.4,26.2,21.2
02/01/2014,0.0,31.3,26.6,22.3
03/01/2014,0.0,31.6,26.4,21.9
04/01/2014,0.0,31.4,26.8,22.5
05/01/2014,0.0,31.7,26.8,22.9
06/01/2014,0.0,31.3,26.6,22.3
07/01/2014,0.0,30.9,25.5,21.6
08/01/2014,0.0,31.2,26.5,22.2
09/01/2014,6.4,32.5,25.7,22.6
10/01/2014,3.2,29.3,25.0,21.7
11/01/2014,1.4,30.7,25.3,21.3
12/01/2014,5.1,26.0,23.7,22.0
13/01/2014,32.9,27.6,24.0,21.3
14/01/2014,5.2,28.1,24.6,21.4
15/01/2014,0.0,30.3,25.6,21.8
16/01/2014,0.0,30.8,25.9,21.5
17/01/2014,11.5,31.0,26.1,22.3
18/01/2014,1.4,30.3,25.6,22.0
19/01/2014,2.2,30.7,25.8,21.9
20/01/2014,29.4,30.0,25.6,22.1
21/01/2014,20.0,30.9,26.0,22.4
22/01/2014,26.6,29.7,25.5,22.0
23/01/2014,1.5,30.3,25.7,22.2
24/01/2014,0.0,31.4,26.5,22.6
25/01/2014,43.2,27.9,23.6,21.8
26/01/2014,16.4,28.8,24.5,21.4
27/01/2014,0.0,29.7,25.0,21.7
28/01/2014,0.4,29.7,25.0,21.1
29/01/2014,61.6,27.9,23.6,22.0
30/01/2014,35.6,29.1,24.9,21.9
31/01/2014,1.5,29.9,25.2,21.6
01/02/2014,7.8,29.0,24.0,21.5
02/02/2014,7.6,30.4,25.7,22.2
03/02/2014,1.6,28.1,24.5,22.0
04/02/2014,1.9,29.9,25.0,21.5
05/02/2014,2.4,30.7,24.5,21.6
06/02/2014,2.4,30.1,25.1,21.5
07/02/2014,6.6,28.9,24.5,21.5
08/02/2014,18.4,28.4,24.0,21.3
09/02/2014,32.7,30.3,25.5,21.5
10/02/2014,60.2,30.3,25.7,21.3
11/02/2014,1.0,28.7,25.3,22.4
12/02/2014,34.8,29.9,25.5,21.9
13/02/2014,10.2,29.7,25.3,22.3
14/02/2014,0.0,29.5,25.4,22.4
15/02/2014,30.2,27.9,24.5,21.9
16/02/2014,1.7,30.3,25.4,21.8
17/02/2014,67.0,28.0,24.5,21.8
18/02/2014,6.3,27.7,24.3,21.5
19/02/2014,21.6,30.1,25.7,21.9
20/02/2014,3.8,30.0,25.4,22.8
21/02/2014,32.2,29.3,25.1,21.8
22/02/2014,3.8,30.5,26.0,22.1
23/02/2014,3.6,30.0,25.6,22.2
24/02/2014,0.0,30.7,25.5,22.0
25/02/2014,6.6,30.3,25.7,22.3
26/02/2014,0.0,31.6,26.0,22.2
27/02/2014,0.0,30.3,25.6,22.3
28/02/2014,0.0,30.7,25.9,22.5
01/03/2014,0.0,30.8,26.3,22.1
02/03/2014,59.2,28.5,24.3,21.3
03/03/2014,27.6,28.6,24.8,21.4
04/03/2014,0.0,28.9,25.3,21.9
05/03/2014,8.6,29.9,25.5,21.8
06/03/2014,5.5,28.9,24.9,22.0
07/03/2014,0.0,29.8,25.3,21.9
08/03/2014,45.2,28.1,24.6,21.5
09/03/2014,71.6,30.6,25.3,21.4
10/03/2014,0.0,29.9,26.0,21.9
11/03/2014,1.0,31.1,27.1,22.5
12/03/2014,24.8,29.7,24.9,21.8
13/03/2014,4.3,29.4,25.2,21.7
14/03/2014,0.0,31.3,26.3,22.9
15/03/2014,18.8,27.8,24.2,21.6
16/03/2014,44.6,28.9,25.3,21.4
17/03/2014,0.0,30.7,26.4,22.9
18/03/2014,14.8,30.5,25.4,21.6
19/03/2014,6.1,30.0,25.6,21.9
20/03/2014,4.4,30.7,25.7,22.5
21/03/2014,6.6,29.7,25.6,22.0
22/03/2014,1.8,28.7,25.4,22.7
23/03/2014,2.7,30.7,26.2,22.5
24/03/2014,0.0,30.7,25.9,21.9
25/03/2014,12.7,29.9,25.4,22.4
26/03/2014,2.0,29.7,25.9,22.5
27/03/2014,0.0,30.6,25.8,22.0
28/03/2014,12.6,29.7,25.4,22.6
29/03/2014,0.0,31.1,26.4,22.5
30/03/2014,5.2,30.3,25.9,22.0
31/03/2014,0.0,29.0,25.5,22.3
01/04/2014,35.0,31.1,26.1,21.5
02/04/2014,38.2,29.9,24.7,21.7
03/04/2014,1.4,30.4,25.2,21.4
04/04/2014,0.0,30.7,25.3,21.5
05/04/2014,0.0,30.8,26.1,22.4
06/04/2014,1.3,30.5,26.6,23.1
07/04/2014,0.0,30.7,26.3,22.5
08/04/2014,1.4,30.3,26.0,22.0
09/04/2014,7.4,30.8,25.8,22.8
10/04/2014,21.6,31.1,25.8,21.5
11/04/2014,1.5,31.3,26.2,22.4
12/04/2014,3.6,30.8,26.1,22.5
13/04/2014,0.0,29.8,25.7,22.9
14/04/2014,2.7,30.1,25.7,22.1
15/04/2014,1.4,31.0,26.1,22.8
16/04/2014,0.0,31.5,25.4,21.5
17/04/2014,0.0,30.3,25.9,22.4
18/04/2014,0.0,31.0,26.2,21.7
19/04/2014,0.0,31.6,26.7,22.9
20/04/2014,2.2,28.8,24.4,21.9
21/04/2014,5.5,29.9,24.7,22.5
22/04/2014,1.2,31.8,25.9,21.5
23/04/2014,2.4,30.7,26.1,22.0
24/04/2014,1.5,30.8,26.2,22.6
25/04/2014,9.4,28.7,25.1,22.5
26/04/2014,26.7,31.3,26.0,22.1
27/04/2014,0.0,30.0,25.5,22.1
28/04/2014,59.2,28.5,24.9,21.9
29/04/2014,4.1,28.3,25.5,22.1
30/04/2014,16.8,31.0,26.1,21.8
01/05/2014,28.2,30.1,25.5,21.9
02/05/2014,14.2,29.9,25.9,22.3
03/05/2014,0.0,30.8,26.3,22.5
04/05/2014,0.0,30.7,26.0,22.5
05/05/2014,10.6,30.5,25.4,21.9
06/05/2014,38.1,29.4,24.4,22.0
07/05/2014,1.4,30.3,24.4,21.5
08/05/2014,0.0,30.5,25.7,22.1
09/05/2014,5.5,30.0,26.0,22.6
10/05/2014,0.0,31.7,26.3,22.5
11/05/2014,0.0,30.7,26.4,22.2
12/05/2014,8.9,29.4,25.4,22.2
13/05/2014,1.5,31.1,26.1,22.5
14/05/2014,0.0,31.3,26.1,22.3
15/05/2014,3.3,31.4,26.8,23.1
16/05/2014,0.0,31.5,26.7,22.9
17/05/2014,0.0,30.7,26.1,22.4
18/05/2014,10.3,30.9,25.9,22.4
19/05/2014,23.6,31.1,26.1,21.9
20/05/2014,2.4,29.7,25.0,21.9
21/05/2014,21.7,30.8,26.1,22.5
22/05/2014,1.4,31.5,25.8,21.9
23/05/2014,22.6,29.3,25.1,21.6
24/05/2014,27.6,29.9,25.3,21.5
25/05/2014,0.0,30.7,26.3,22.5
26/05/2014,0.0,31.7,26.3,22.4
27/05/2014,0.0,31.2,26.6,22.6
28/05/2014,0.0,30.5,26.4,22.5
29/05/2014,8.6,31.3,26.1,22.0
30/05/2014,1.0,31.2,26.7,22.5
31/05/2014,19.0,29.3,25.9,22.5
01/06/2014,1.0,29.9,25.7,22.2
02/06/2014,1.4,31.1,26.7,22.0
03/06/2014,0.0,30.1,25.9,22.9
04/06/2014,4.2,31.3,26.0,21.9
05/06/2014,1.4,32.0,26.3,22.6
06/06/2014,0.6,31.4,26.2,22.9
07/06/2014,0.0,31.7,26.7,22.6
08/06/2014,0.0,30.0,26.6,22.8
09/06/2014,0.0,31.1,25.6,22.4
10/06/2014,1.8,31.5,26.3,21.9
11/06/2014,0.0,29.9,26.0,21.8
12/06/2014,14.0,30.9,26.2,22.5
13/06/2014,0.0,31.7,26.3,22.3
14/06/2014,0.0,32.9,27.1,21.7
15/06/2014,0.0,32.8,26.6,22.9
16/06/2014,15.0,29.7,25.5,22.0
17/06/2014,41.6,28.5,24.8,21.9
18/06/2014,33.4,31.1,26.2,21.5
19/06/2014,29.2,30.5,25.7,21.8
20/06/2014,28.3,27.7,24.6,21.9
21/06/2014,15.2,30.1,25.6,21.5
22/06/2014,1.6,30.7,25.6,21.9
23/06/2014,0.0,31.6,26.7,21.8
24/06/2014,0.0,31.1,26.1,22.5
25/06/2014,0.0,28.8,24.8,22.1
26/06/2014,22.7,30.8,25.7,22.3
27/06/2014,11.6,29.5,25.3,21.7
28/06/2014,6.8,27.9,24.9,22.3
29/06/2014,21.5,29.7,24.7,22.0
30/06/2014,1.0,30.5,26.2,22.5
01/07/2014,1.6,30.3,25.5,21.8
02/07/2014,0.0,31.0,26.3,22.3
03/07/2014,0.0,31.3,25.8,22.5
04/07/2014,13.7,31.5,26.1,22.3
05/07/2014,0.0,32.4,26.6,22.6
06/07/2014,2.0,31.5,25.6,21.9
07/07/2014,2.3,31.7,26.1,22.0
08/07/2014,1.6,30.9,26.3,22.5
09/07/2014,0.0,31.8,26.2,22.5
10/07/2014,0.0,32.1,26.5,22.6
11/07/2014,1.6,31.9,26.1,21.9
12/07/2014,2.8,32.1,26.1,22.5
13/07/2014,9.0,30.8,25.8,21.5
14/07/2014,5.0,30.7,26.1,22.0
15/07/2014,0.0,31.7,26.3,22.3
16/07/2014,0.0,32.1,26.6,22.5
17/07/2014,0.0,31.3,26.5,22.9
18/07/2014,1.0,31.5,26.3,22.3
19/07/2014,0.0,32.1,26.3,22.1
20/07/2014,0.0,31.7,26.5,22.5
21/07/2014,0.0,31.7,26.1,22.4
22/07/2014,0.0,32.1,26.4,22.4
23/07/2014,9.4,29.3,25.1,21.9
24/07/2014,9.6,32.1,26.1,22.5
25/07/2014,6.0,30.7,25.3,22.5
26/07/2014,0.0,31.7,25.9,21.9
27/07/2014,0.0,32.5,26.6,22.0
28/07/2014,2.5,30.7,25.4,22.0
29/07/2014,1.4,31.7,26.2,22.5
30/07/2014,0.0,32.5,26.6,22.0
31/07/2014,0.0,33.2,26.9,21.9
01/08/2014,0.0,31.9,26.6,22.1
02/08/2014,0.0,32.2,26.9,22.3
03/08/2014,0.0,32.1,26.7,22.3
04/08/2014,0.0,32.3,26.0,22.0
05/08/2014,0.0,32.1,26.9,22.5
06/08/2014,0.0,32.4,26.8,22.5
07/08/2014,0.0,30.7,25.7,22.0
08/08/2014,13.2,31.3,26.0,22.3
09/08/2014,2.3,31.6,26.0,22.5
10/08/2014,0.0,31.7,26.3,22.5
11/08/2014,0.0,31.9,26.9,22.3
12/08/2014,0.0,32.3,26.8,22.6
13/08/2014,0.0,31.8,26.6,22.1
14/08/2014,0.0,34.5,27.8,22.0
15/08/2014,0.0,32.5,27.2,22.6
16/08/2014,0.0,32.7,27.3,22.9
17/08/2014,0.0,35.3,28.2,23.0
18/08/2014,0.0,33.5,27.1,22.6
19/08/2014,0.0,32.7,27.1,22.9
20/08/2014,0.0,34.8,27.7,21.8
21/08/2014,0.0,33.1,27.0,22.3
22/08/2014,0.0,32.1,27.1,22.9
23/08/2014,0.0,33.0,27.4,22.4
24/08/2014,0.0,32.8,27.2,22.7
25/08/2014,0.0,32.3,27.2,22.9
26/08/2014,1.8,32.2,27.2,23.0
27/08/2014,0.0,31.7,26.8,22.7
28/08/2014,0.0,31.7,26.6,22.5
29/08/2014,0.0,33.4,27.1,21.6
30/08/2014,0.0,33.7,27.0,22.1
31/08/2014,5.4,34.4,26.5,21.5
01/09/2014,0.0,32.2,26.5,22.0
02/09/2014,0.0,32.7,26.6,22.0
03/09/2014,0.0,30.5,26.5,22.5
04/09/2014,0.0,34.4,27.7,21.7
05/09/2014,0.0,33.3,27.3,22.3
06/09/2014,0.0,32.1,26.9,22.5
07/09/2014,1.5,32.4,26.1,21.8
08/09/2014,4.8,31.5,26.4,22.0
09/09/2014,2.0,30.7,26.1,22.5
10/09/2014,0.0,33.0,27.3,22.8
11/09/2014,0.0,33.5,27.2,22.7
12/09/2014,0.0,32.1,27.3,22.5
13/09/2014,0.0,33.2,27.7,22.9
14/09/2014,0.0,32.1,27.2,22.9
15/09/2014,0.0,34.1,28.0,23.3
16/09/2014,0.0,32.1,27.5,22.9
17/09/2014,0.0,33.9,27.7,22.9
18/09/2014,0.0,32.1,26.8,22.5
19/09/2014,4.0,33.5,28.1,22.6
20/09/2014,0.0,32.3,27.2,22.5
21/09/2014,0.0,33.9,27.7,23.0
22/09/2014,0.0,33.1,27.7,22.9
23/09/2014,0.0,34.9,27.7,21.8
24/09/2014,0.0,33.1,28.0,22.9
25/09/2014,0.0,32.1,27.4,22.9
26/09/2014,0.0,33.1,27.0,22.5
27/09/2014,0.0,33.6,28.0,23.2
28/09/2014,0.0,33.1,27.5,22.9
29/09/2014,0.0,34.0,28.2,23.1
30/09/2014,0.0,33.7,27.7,22.9
01/10/2014,0.0,34.8,28.6,23.6
02/10/2014,0.0,33.7,28.1,22.9
03/10/2014,0.0,34.6,28.4,23.5
04/10/2014,0.0,33.5,28.2,23.5
05/10/2014,0.0,34.7,28.4,23.1
06/10/2014,0.0,33.1,27.9,22.9
07/10/2014,0.0,34.9,28.2,22.8
08/10/2014,0.0,33.3,27.8,22.9
09/10/2014,0.0,34.3,28.6,23.5
10/10/2014,0.0,33.5,28.2,23.5
11/10/2014,0.0,34.4,28.4,23.5
12/10/2014,0.0,34.1,28.2,23.3
13/10/2014,0.0,34.5,28.3,23.5
14/10/2014,0.0,34.6,27.6,23.6
15/10/2014,0.2,34.2,27.2,22.3
16/10/2014,0.0,29.9,27.0,23.5
17/10/2014,0.0,34.0,28.0,23.3
18/10/2014,0.0,33.1,26.8,22.7
19/10/2014,0.0,33.8,27.4,23.5
20/10/2014,0.0,35.3,28.7,23.6
21/10/2014,2.3,31.3,25.7,21.9
22/10/2014,0.0,34.5,26.9,22.5
23/10/2014,0.0,31.4,26.5,23.0
24/10/2014,0.0,32.5,27.1,23.1
25/10/2014,0.0,34.5,27.9,22.9
26/10/2014,31.2,30.5,24.8,22.8
27/10/2014,34.8,31.7,25.9,22.1
28/10/2014,0.0,32.7,27.0,22.5
29/10/2014,0.0,33.7,28.0,23.0
30/10/2014,0.0,34.1,28.2,23.4
31/10/2014,0.0,34.3,27.8,22.6
01/11/2014,0.0,34.9,28.4,23.5
02/11/2014,0.0,34.5,28.2,23.3
03/11/2014,0.0,34.8,28.2,22.9
04/11/2014,0.0,34.5,28.1,23.3
05/11/2014,0.0,33.3,27.6,23.6
06/11/2014,0.0,34.1,27.8,22.9
07/11/2014,0.0,33.9,27.5,22.5
08/11/2014,0.0,35.6,28.5,22.6
09/11/2014,0.0,32.1,27.3,22.5
10/11/2014,0.0,34.1,27.0,23.1
11/11/2014,0.0,35.1,28.4,23.5
12/11/2014,0.0,35.1,28.2,23.1
13/11/2014,0.0,33.8,28.0,23.2
14/11/2014,0.0,33.6,27.6,23.0
15/11/2014,0.0,33.1,27.4,23.0
16/11/2014,0.0,35.9,28.3,23.2
17/11/2014,0.0,33.1,27.4,23.3
18/11/2014,0.0,33.5,27.4,22.9
19/11/2014,25.0,30.9,25.5,22.0
20/11/2014,7.1,31.3,26.4,22.5
21/11/2014,0.0,33.1,27.1,22.5
22/11/2014,0.0,33.8,27.5,22.9
23/11/2014,0.0,33.5,27.4,23.2
24/11/2014,0.0,33.7,27.1,22.5
25/11/2014,0.0,33.6,27.6,23.0
26/11/2014,0.0,33.7,27.8,23.1
27/11/2014,0.0,33.5,27.8,22.9
28/11/2014,0.0,33.3,27.6,23.1
29/11/2014,0.0,33.8,27.7,22.3
30/11/2014,0.0,33.6,27.8,22.9
01/12/2014,0.0,33.7,28.1,23.2
02/12/2014,0.0,33.5,27.8,23.0
03/12/2014,0.0,34.1,27.7,22.5
04/12/2014,0.0,34.4,28.3,23.4
05/12/2014,0.0,32.5,27.2,23.2
06/12/2014,0.0,30.5,26.8,22.5
07/12/2014,0.0,33.7,27.8,22.7
08/12/2014,0.0,33.3,26.9,22.0
09/12/2014,0.0,34.1,27.4,22.9
10/12/2014,0.0,33.4,27.7,22.9
11/12/2014,0.0,33.5,27.5,23.3
12/12/2014,0.0,31.7,26.3,22.5
13/12/2014,0.0,33.7,27.4,21.7
14/12/2014,0.0,34.1,28.2,23.0
15/12/2014,0.0,33.5,28.0,22.9
16/12/2014,0.0,34.9,28.4,23.0
17/12/2014,0.0,33.6,28.1,23.2
18/12/2014,0.0,33.5,28.0,22.9
19/12/2014,0.0,33.8,27.7,23.1
20/12/2014,0.0,32.4,27.2,22.9
21/12/2014,0.0,33.5,27.3,21.9
22/12/2014,0.0,34.4,28.2,23.3
23/12/2014,0.0,32.7,27.4,23.0
24/12/2014,0.0,33.1,27.5,22.7
25/12/2014,0.0,33.4,27.6,23.0
26/12/2014,0.0,32.6,27.1,23.0
27/12/2014,0.0,33.1,26.9,22.9
28/12/2014,0.0,33.7,27.9,23.4
29/12/2014,0.0,33.6,27.8,23.0
30/12/2014,0.0,33.1,27.7,22.9
31/12/2014,0.0,33.3,28.0,23.4
01/01/2015,0.0,32.7,27.2,22.9
02/01/2015,0.0,33.1,27.2,23.1
03/01/2015,0.0,34.3,27.7,23.2
04/01/2015,0.0,34.7,27.9,23.2
05/01/2015,3.1,30.7,25.5,22.0
06/01/2015,0.0,31.9,26.6,22.3
07/01/2015,0.0,34.2,27.7,22.9
08/01/2015,0.0,32.5,27.2,23.1
09/01/2015,0.0,31.7,26.7,22.9
10/01/2015,0.0,33.4,27.4,22.8
11/01/2015,12.8,28.6,24.6,21.4
12/01/2015,4.8,28.9,25.1,21.7
13/01/2015,0.0,31.3,25.6,21.8
14/01/2015,1.4,28.6,24.7,22.0
15/01/2015,10.6,29.4,25.3,22.0
16/01/2015,1.0,29.9,25.5,22.9
17/01/2015,0.0,30.7,25.4,21.8
18/01/2015,0.0,32.6,26.9,22.2
19/01/2015,26.2,28.8,24.0,22.2
20/01/2015,3.8,27.9,24.6,22.1
21/01/2015,3.3,30.2,25.3,21.7
22/01/2015,0.0,29.3,25.2,21.8
23/01/2015,1.5,29.8,25.0,21.8
24/01/2015,32.5,28.7,24.5,21.2
25/01/2015,2.4,30.3,25.7,21.6
26/01/2015,3.5,29.3,25.0,21.5
27/01/2015,1.4,30.9,26.5,24.7
28/01/2015,0.0,31.0,26.5,22.7
29/01/2015,0.0,31.3,26.3,22.5
30/01/2015,0.0,31.6,26.7,22.2
31/01/2015,0.0,30.9,26.5,22.6
01/02/2015,6.6,30.6,25.7,22.0
02/02/2015,16.8,27.8,24.7,21.4
03/02/2015,2.5,29.8,24.4,21.7
04/02/2015,18.6,30.5,25.8,21.8
05/02/2015,12.6,29.9,25.4,22.0
06/02/2015,0.0,30.8,26.3,22.1
07/02/2015,0.0,30.6,26.6,22.5
08/02/2015,0.0,27.8,24.9,22.0
09/02/2015,3.6,29.5,23.7,19.9
10/02/2015,37.4,29.6,25.3,21.5
11/02/2015,0.0,30.6,25.8,22.0
12/02/2015,0.0,30.5,25.8,22.4
13/02/2015,5.0,30.7,26.3,22.5
14/02/2015,0.0,30.5,26.5,23.3
15/02/2015,0.0,30.8,26.7,23.0
16/02/2015,0.0,32.1,27.1,22.5
17/02/2015,0.0,30.8,26.2,22.3
18/02/2015,10.8,30.9,26.3,22.9
19/02/2015,1.8,30.5,26.4,22.5
20/02/2015,1.9,27.8,24.6,21.9
21/02/2015,2.5,29.7,25.9,23.1
22/02/2015,2.0,28.1,24.9,22.5
23/02/2015,54.3,29.3,24.9,21.5
24/02/2015,17.8,28.0,24.5,21.5
25/02/2015,29.2,30.1,26.1,22.5
26/02/2015,36.8,31.3,25.0,21.8
27/02/2015,22.5,32.0,26.4,22.6
28/02/2015,0.0,30.7,25.6,21.5
01/03/2015,0.0,30.3,25.7,22.3
02/03/2015,24.1,29.9,24.8,22.0
03/03/2015,3.8,29.8,25.2,21.5
04/03/2015,0.0,30.5,25.5,21.6
05/03/2015,4.1,29.5,25.2,21.5
06/03/2015,4.7,29.5,25.4,21.5
07/03/2015,0.0,29.3,25.0,21.9
08/03/2015,8.4,30.7,26.0,21.5
09/03/2015,0.0,29.6,25.9,22.3
10/03/2015,26.8,28.8,25.3,21.8
11/03/2015,10.1,29.9,25.7,22.8
12/03/2015,10.0,30.1,25.7,21.5
13/03/2015,1.3,30.3,25.8,22.0
14/03/2015,45.6,28.4,24.8,21.3
15/03/2015,26.0,30.3,25.8,21.5
16/03/2015,1.2,28.3,24.7,21.6
17/03/2015,2.7,29.9,24.8,22.5
18/03/2015,0.0,30.1,25.5,21.5
19/03/2015,7.6,30.1,25.6,21.9
20/03/2015,21.6,29.7,23.8,21.3
21/03/2015,14.3,28.8,23.4,20.5
22/03/2015,9.0,30.5,25.3,21.6
23/03/2015,0.0,27.7,24.2,21.7
24/03/2015,20.0,28.5,25.1,21.5
25/03/2015,8.3,30.3,25.4,21.6
26/03/2015,3.5,31.8,26.2,21.5
27/03/2015,0.0,31.7,26.6,22.4
28/03/2015,0.0,31.7,26.8,22.3
29/03/2015,8.6,31.4,26.5,22.7
30/03/2015,0.0,30.7,25.8,22.3
31/03/2015,6.0,31.8,26.1,21.9
01/04/2015,51.2,28.4,24.9,22.0
02/04/2015,1.2,28.8,25.3,21.9
03/04/2015,0.0,31.3,26.2,21.8
04/04/2015,0.0,31.9,26.6,22.7
05/04/2015,0.0,31.1,25.9,21.5
06/04/2015,0.0,31.8,26.5,22.0
07/04/2015,0.0,31.5,26.5,22.0
08/04/2015,0.0,31.1,26.1,22.5
09/04/2015,0.0,32.1,26.6,22.0
10/04/2015,3.2,28.6,24.8,22.7
11/04/2015,1.4,31.7,26.3,21.9
12/04/2015,0.0,31.7,26.2,22.3
13/04/2015,13.2,31.2,26.3,22.8
14/04/2015,0.0,30.7,25.8,22.5
15/04/2015,7.6,30.3,25.9,22.1
16/04/2015,0.0,30.1,25.8,22.6
17/04/2015,24.0,30.5,25.8,21.5
18/04/2015,34.4,30.5,25.7,22.0
19/04/2015,1.2,31.2,26.4,22.4
20/04/2015,0.0,31.1,26.1,22.5
21/04/2015,0.0,30.3,25.8,22.4
22/04/2015,7.6,31.5,26.6,22.5
23/04/2015,10.6,31.1,26.7,22.5
24/04/2015,5.9,30.3,26.3,22.3
25/04/2015,16.0,29.9,26.1,22.7
26/04/2015,1.0,31.1,26.4,22.5
27/04/2015,2.6,30.1,25.8,21.9
28/04/2015,0.0,30.4,26.0,21.4
29/04/2015,23.4,31.5,26.2,21.5
30/04/2015,4.6,30.7,25.9,21.8
01/05/2015,0.0,30.4,26.4,22.9
02/05/2015,4.2,30.5,25.9,21.5
03/05/2015,26.8,29.9,24.8,21.8
04/05/2015,3.0,29.7,25.5,22.4
05/05/2015,2.4,30.7,26.1,22.5
06/05/2015,31.2,31.1,25.9,22.0
07/05/2015,15.6,27.4,24.3,21.8
08/05/2015,4.5,30.3,25.4,21.5
09/05/2015,10.5,29.9,25.5,21.7
10/05/2015,10.6,30.2,25.4,20.9
11/05/2015,4.6,30.1,25.6,22.5
12/05/2015,3.0,30.3,26.0,22.5
13/05/2015,0.0,31.4,26.7,22.6
14/05/2015,0.0,31.3,27.0,22.9
15/05/2015,0.0,32.1,26.8,22.5
16/05/2015,8.0,30.8,26.3,22.7
17/05/2015,0.0,30.1,25.6,22.9
18/05/2015,12.0,29.9,25.4,21.6
19/05/2015,0.0,29.7,25.3,22.0
20/05/2015,0.0,30.1,25.8,22.9
21/05/2015,2.7,30.5,26.0,22.0
22/05/2015,17.0,30.1,25.7,22.5
23/05/2015,0.0,31.1,26.1,22.9
24/05/2015,9.6,30.3,25.8,21.9
25/05/2015,0.0,30.6,26.0,22.3
26/05/2015,0.0,31.1,26.0,22.9
27/05/2015,0.0,30.7,26.0,22.3
28/05/2015,0.0,30.9,26.4,22.4
29/05/2015,0.0,30.5,26.2,22.4
30/05/2015,0.0,30.7,26.2,22.3
31/05/2015,0.0,31.9,26.7,22.7
01/06/2015,0.0,,26.8,22.3
02/06/2015,3.1,31.9,26.7,22.2
03/06/2015,0.0,30.8,26.6,22.8
04/06/2015,6.0,31.7,26.7,22.5
05/06/2015,0.0,31.9,26.6,22.5
06/06/2015,24.0,30.5,26.0,22.9
07/06/2015,0.0,30.5,25.9,22.5
08/06/2015,0.0,31.5,26.4,22.3
09/06/2015,2.0,29.8,25.8,22.4
10/06/2015,4.5,30.3,26.4,21.5
11/06/2015,7.3,28.8,25.0,21.6
12/06/2015,3.5,30.7,25.9,22.6
13/06/2015,0.0,31.2,26.0,22.5
14/06/2015,0.0,31.6,25.9,22.0
15/06/2015,11.3,31.0,26.9,22.1
16/06/2015,0.0,31.9,26.9,22.5
17/06/2015,0.0,32.1,26.7,22.4
18/06/2015,0.4,31.0,26.3,22.6
19/06/2015,0.0,32.1,26.9,21.7
20/06/2015,0.0,32.1,26.7,22.2
21/06/2015,0.0,31.2,26.4,22.4
22/06/2015,0.0,31.7,26.5,21.5
23/06/2015,12.6,28.9,25.2,21.8
24/06/2015,4.5,31.8,26.6,21.7
25/06/2015,0.1,30.1,25.3,21.5
26/06/2015,6.0,30.9,26.0,22.2
27/06/2015,16.0,29.6,25.4,22.1
28/06/2015,0.0,31.1,26.5,22.5
29/06/2015,6.0,30.3,25.9,22.0
30/06/2015,0.0,29.9,25.5,21.5
01/07/2015,4.4,31.6,26.3,21.5
02/07/2015,0.0,31.7,26.9,22.5
03/07/2015,36.5,28.9,25.0,22.2
04/07/2015,25.8,30.5,25.6,21.5
05/07/2015,5.0,30.7,26.1,22.2
06/07/2015,0.0,31.3,26.3,22.2
07/07/2015,15.0,30.5,26.0,21.5
08/07/2015,0.0,30.6,25.6,21.8
09/07/2015,1.3,30.9,26.5,22.5
10/07/2015,0.0,31.5,26.5,22.5
11/07/2015,1.4,30.7,26.3,22.3
12/07/2015,0.0,30.9,26.6,23.1
13/07/2015,0.0,31.5,25.9,21.9
14/07/2015,0.0,31.3,26.0,22.4
15/07/2015,0.0,32.4,26.5,21.9
16/07/2015,0.0,32.7,27.1,22.5
17/07/2015,0.0,31.7,26.6,22.5
18/07/2015,0.0,32.5,26.8,21.9
19/07/2015,0.0,30.6,25.7,21.9
20/07/2015,0.0,29.8,25.8,22.5
21/07/2015,0.0,32.1,26.6,21.5
22/07/2015,0.0,30.5,25.7,22.0
23/07/2015,12.6,30.9,25.9,22.0
24/07/2015,0.0,32.1,25.2,21.5
25/07/2015,32.8,30.5,25.5,21.9
26/07/2015,3.5,30.3,25.6,21.9
27/07/2015,0.0,30.6,25.7,21.9
28/07/2015,0.0,32.5,26.7,21.9
29/07/2015,0.0,33.1,27.1,21.9
30/07/2015,0.0,31.6,26.6,22.5
31/07/2015,0.0,32.3,26.7,22.4
01/08/2015,0.0,30.7,26.4,22.6
02/08/2015,0.0,32.5,27.0,21.9
03/08/2015,0.0,32.6,26.5,21.9
04/08/2015,0.0,32.7,26.9,22.6
05/08/2015,0.0,31.7,26.8,21.5
06/08/2015,0.0,31.7,26.3,21.9
07/08/2015,0.0,31.9,26.6,22.3
08/08/2015,0.0,33.8,27.2,22.1
09/08/2015,0.0,32.3,26.6,21.5
10/08/2015,0.0,32.4,27.2,22.5
11/08/2015,0.0,32.2,26.9,22.6
12/08/2015,0.0,32.3,27.2,22.6
13/08/2015,0.0,32.1,27.0,22.7
14/08/2015,0.0,33.5,27.4,22.8
15/08/2015,0.0,33.4,27.5,22.3
16/08/2015,0.0,32.5,27.3,22.5
17/08/2015,0.0,33.7,27.3,22.4
18/08/2015,0.0,35.6,28.2,22.4
19/08/2015,0.0,33.1,27.7,22.5
20/08/2015,0.0,34.1,27.5,22.9
21/08/2015,0.0,33.0,27.6,22.8
22/08/2015,0.0,33.3,27.6,22.9
23/08/2015,0.0,33.0,27.7,22.9
24/08/2015,0.0,33.7,27.9,23.0
25/08/2015,0.0,32.3,27.8,22.9
26/08/2015,0.0,32.3,26.9,22.3
27/08/2015,0.0,33.0,27.5,22.4
28/08/2015,0.0,32.3,27.8,22.9
29/08/2015,0.0,33.7,27.4,22.3
30/08/2015,0.0,33.6,27.4,22.6
31/08/2015,0.0,33.1,27.7,22.9
01/09/2015,0.0,33.5,27.8,22.6
02/09/2015,0.0,28.0,25.2,23.1
03/09/2015,112.5,33.5,26.9,22.5
04/09/2015,0.0,33.7,27.1,22.1
05/09/2015,0.0,33.0,27.7,22.3
06/09/2015,0.0,33.3,27.5,22.5
07/09/2015,0.0,33.3,27.2,22.6
08/09/2015,0.0,33.4,27.7,23.0
09/09/2015,0.0,32.5,26.8,22.5
10/09/2015,0.0,32.9,27.1,22.6
11/09/2015,0.0,34.1,27.9,23.0
12/09/2015,0.0,35.6,28.3,23.1
13/09/2015,0.0,33.7,27.9,22.9
14/09/2015,0.0,33.3,27.6,22.9
15/09/2015,0.0,34.4,28.4,23.5
16/09/2015,0.0,34.1,28.3,23.4
17/09/2015,0.0,33.7,27.9,22.9
18/09/2015,0.0,33.3,27.8,22.9
19/09/2015,0.0,35.6,28.4,23.1
20/09/2015,0.0,34.2,28.2,23.6
21/09/2015,0.0,34.1,27.9,22.9
22/09/2015,0.0,33.1,27.6,22.9
23/09/2015,0.0,34.4,28.2,23.3
24/09/2015,0.0,34.0,28.3,23.8
25/09/2015,0.0,34.1,28.1,23.5
26/09/2015,0.0,34.5,28.1,23.3
27/09/2015,0.0,35.0,28.4,23.4
28/09/2015,0.0,35.1,28.5,23.6
29/09/2015,0.0,34.9,28.4,23.3
30/09/2015,0.0,34.8,28.4,23.5
01/10/2015,0.0,34.4,28.1,23.6
02/10/2015,0.0,33.9,28.0,23.7
03/10/2015,0.0,33.3,27.7,23.3
04/10/2015,0.0,32.5,27.7,23.2
05/10/2015,0.0,35.9,28.8,23.8
06/10/2015,0.0,35.1,28.7,23.9
07/10/2015,0.0,34.5,28.0,23.3
08/10/2015,0.0,32.7,27.9,23.8
09/10/2015,0.0,33.0,28.0,23.5
10/10/2015,0.0,34.2,27.8,23.0
11/10/2015,0.0,31.7,27.4,22.9
12/10/2015,0.0,32.7,27.7,22.9
13/10/2015,0.0,33.7,27.7,22.8
14/10/2015,0.0,34.2,28.3,23.2
15/10/2015,0.0,33.1,28.0,23.3
16/10/2015,0.0,33.4,27.9,23.4
17/10/2015,0.0,33.1,27.8,23.3
18/10/2015,0.0,32.7,27.8,23.3
19/10/2015,0.0,34.1,28.3,23.7
20/10/2015,0.0,36.0,28.6,23.6
21/10/2015,0.0,35.1,28.3,23.3
22/10/2015,0.0,35.1,28.3,23.5
23/10/2015,0.0,36.5,29.2,24.0
24/10/2015,0.0,33.2,28.1,23.3
25/10/2015,0.0,34.4,28.4,23.6
26/10/2015,0.0,36.3,29.3,23.6
27/10/2015,0.0,34.7,28.6,23.5
28/10/2015,0.0,35.1,28.1,22.7
29/10/2015,0.0,36.8,29.0,23.2
30/10/2015,22.2,32.7,27.6,22.9
31/10/2015,0.0,33.3,27.4,23.2
01/11/2015,0.0,33.0,27.4,22.4
02/11/2015,0.0,33.1,27.5,22.5
03/11/2015,0.0,34.5,28.1,22.7
04/11/2015,0.0,34.2,28.2,23.2
05/11/2015,0.0,31.7,27.2,22.9
06/11/2015,0.0,35.1,28.2,23.3
07/11/2015,0.0,36.6,29.3,23.7
08/11/2015,0.0,32.5,28.4,23.3
09/11/2015,0.0,34.8,28.2,23.4
10/11/2015,0.0,34.1,28.5,23.8
11/11/2015,0.0,33.1,28.1,23.3
12/11/2015,0.0,34.7,28.1,23.1
13/11/2015,0.0,35.8,29.0,23.0
14/11/2015,0.0,35.1,28.7,22.9
15/11/2015,0.0,35.1,28.2,23.0
16/11/2015,0.0,34.4,28.7,23.8
17/11/2015,0.0,34.7,28.4,23.3
18/11/2015,0.0,34.1,28.2,22.9
19/11/2015,0.0,35.4,28.8,23.7
20/11/2015,0.0,33.5,28.3,22.9
21/11/2015,0.0,35.6,28.5,23.3
22/11/2015,0.0,34.4,28.3,23.1
23/11/2015,0.0,34.7,28.7,23.3
24/11/2015,0.0,35.3,28.4,23.5
25/11/2015,0.0,35.4,28.4,22.8
26/11/2015,0.0,35.5,28.6,23.3
27/11/2015,0.0,34.4,28.4,23.7
28/11/2015,0.0,35.4,28.6,23.4
29/11/2015,0.0,35.5,28.9,23.3
30/11/2015,0.0,34.7,29.2,23.1
01/12/2015,0.0,33.9,28.1,23.4
02/12/2015,0.0,34.1,28.2,23.3
03/12/2015,0.0,33.9,28.1,23.5
04/12/2015,0.0,33.4,27.8,22.9
05/12/2015,0.0,32.7,28.1,23.3
06/12/2015,0.0,33.5,28.0,23.3
07/12/2015,0.0,34.4,28.3,23.3
08/12/2015,0.0,34.5,28.2,23.3
09/12/2015,0.0,35.3,28.6,23.4
10/12/2015,0.0,34.7,28.4,23.5
11/12/2015,0.0,34.5,28.5,23.3
12/12/2015,0.0,34.7,28.0,23.3
13/12/2015,0.0,34.7,28.5,23.7
14/12/2015,0.0,34.8,28.5,23.6
15/12/2015,0.0,35.2,28.3,23.4
16/12/2015,0.0,34.4,27.9,23.4
17/12/2015,0.0,34.3,28.3,23.5
18/12/2015,0.0,34.7,28.2,23.4
19/12/2015,0.0,33.4,28.1,23.5
20/12/2015,0.0,32.5,27.3,22.9
21/12/2015,0.0,34.4,28.0,23.5
22/12/2015,0.0,33.6,28.0,23.4
23/12/2015,0.0,32.7,27.9,23.3
24/12/2015,0.0,33.7,28.1,23.7
25/12/2015,0.0,34.9,28.2,23.6
26/12/2015,0.0,32.5,27.5,22.9
27/12/2015,0.0,33.9,27.9,23.7
28/12/2015,0.0,35.9,28.8,24.1
29/12/2015,0.0,35.1,28.5,23.3
30/12/2015,0.0,34.6,28.2,23.6
31/12/2015,0.0,34.6,28.3,23.7
01/01/2016,1.0,34.5,28.3,23.3
02/01/2016,0.0,34.7,27.9,23.4
03/01/2016,0.0,32.2,27.9,23.7
04/01/2016,0.0,34.4,28.3,23.7
05/01/2016,0.0,32.9,28.0,23.9
06/01/2016,0.0,33.7,27.8,23.1
07/01/2016,0.0,34.4,28.2,23.7
08/01/2016,0.0,34.4,28.0,23.2
09/01/2016,0.0,34.9,27.8,23.0
10/01/2016,0.0,34.2,27.9,23.1
11/01/2016,0.0,34.7,27.8,22.4
12/01/2016,6.0,30.5,25.9,22.4
13/01/2016,0.0,32.1,27.3,23.2
14/01/2016,0.0,33.7,27.6,23.0
15/01/2016,1.3,33.9,27.5,23.2
16/01/2016,0.0,35.2,28.5,23.3
17/01/2016,0.0,34.9,28.3,23.6
18/01/2016,0.0,34.4,28.6,23.8
19/01/2016,0.0,34.7,28.0,23.3
20/01/2016,0.0,29.2,24.9,23.3
21/01/2016,19.2,32.5,26.3,22.7
22/01/2016,0.0,33.3,27.7,23.2
23/01/2016,0.0,33.1,27.7,23.3
24/01/2016,0.0,34.4,28.1,23.0
25/01/2016,0.0,32.4,27.1,23.2
26/01/2016,26.3,29.3,25.4,21.9
27/01/2016,0.0,30.7,26.0,21.6
28/01/2016,0.0,32.5,26.6,22.6
29/01/2016,0.0,32.0,27.1,23.0
30/01/2016,0.0,29.4,25.4,21.8
31/01/2016,13.2,29.5,25.0,21.3
01/02/2016,1.3,27.3,25.2,22.5
02/02/2016,0.0,28.2,25.4,22.9
03/02/2016,1.9,30.3,25.6,22.0
04/02/2016,0.0,31.3,25.9,22.5
05/02/2016,0.0,32.4,26.4,22.9
06/02/2016,0.0,31.3,26.1,22.8
07/02/2016,0.0,32.1,26.2,21.5
08/02/2016,0.0,33.1,27.3,23.1
09/02/2016,0.0,33.2,27.7,23.4
10/02/2016,5.8,31.1,26.9,22.5
11/02/2016,0.0,31.0,26.2,22.5
12/02/2016,0.0,30.7,26.2,22.0
13/02/2016,3.0,31.1,26.0,21.5
14/02/2016,0.0,30.9,26.2,22.5
15/02/2016,0.0,31.9,26.7,22.8
16/02/2016,0.0,31.7,26.6,22.5
17/02/2016,1.2,32.9,27.0,22.8
18/02/2016,1.4,32.6,26.7,22.3
19/02/2016,0.0,32.7,26.9,22.9
20/02/2016,2.7,31.4,26.2,22.6
21/02/2016,0.0,32.3,26.7,22.4
22/02/2016,0.0,33.1,27.1,22.5
23/02/2016,0.0,34.3,27.6,22.7
24/02/2016,1.4,31.6,26.3,21.6
25/02/2016,0.0,32.5,26.9,22.5
26/02/2016,12.2,28.9,25.4,22.9
27/02/2016,0.0,30.8,26.0,22.1
28/02/2016,0.0,30.7,26.3,22.9
29/02/2016,0.0,30.3,26.1,22.3
01/03/2016,3.9,33.2,27.7,21.9
02/03/2016,12.2,29.5,25.3,21.5
03/03/2016,0.0,30.9,26.1,22.0
04/03/2016,0.0,32.2,26.8,22.7
05/03/2016,0.0,33.1,26.9,22.5
06/03/2016,0.0,32.0,26.5,22.9
07/03/2016,0.0,29.3,25.4,22.0
08/03/2016,0.0,31.1,26.1,22.5
09/03/2016,9.0,28.6,25.0,22.9
10/03/2016,67.6,30.3,25.8,22.0
11/03/2016,1.0,32.3,27.0,22.5
12/03/2016,0.4,30.9,26.3,22.9
13/03/2016,0.0,30.7,26.1,22.4
14/03/2016,0.0,32.7,27.1,22.5
15/03/2016,0.0,33.4,26.6,22.7
16/03/2016,79.6,29.3,25.0,21.6
17/03/2016,5.8,32.1,26.9,22.5
18/03/2016,0.0,28.6,25.5,22.9
19/03/2016,7.3,29.9,25.5,22.1
20/03/2016,0.0,30.7,26.0,21.5
21/03/2016,0.0,32.0,27.1,22.8
22/03/2016,0.0,31.7,26.7,22.1
23/03/2016,2.5,31.5,26.5,21.9
24/03/2016,0.0,31.7,26.8,22.6
25/03/2016,11.6,31.8,26.4,21.9
26/03/2016,10.4,32.3,26.6,21.5
27/03/2016,2.2,31.8,26.5,22.7
28/03/2016,99.0,,24.9,21.8
29/03/2016,19.9,32.5,26.1,21.5
30/03/2016,0.0,32.4,26.7,22.7
31/03/2016,1.3,31.3,26.2,22.0
01/04/2016,28.2,31.9,26.0,21.5
02/04/2016,0.0,29.8,25.6,21.3
03/04/2016,66.3,27.8,24.2,21.3
04/04/2016,22.5,32.1,26.1,21.5
05/04/2016,0.0,30.7,25.7,22.0
06/04/2016,0.0,29.9,25.6,22.0
07/04/2016,2.5,32.1,26.3,22.5
08/04/2016,0.0,32.2,26.9,22.8
09/04/2016,0.0,31.7,26.7,22.6
10/04/2016,4.0,32.3,26.3,21.5
11/04/2016,8.2,31.6,26.6,22.3
12/04/2016,0.0,30.7,25.4,21.8
13/04/2016,37.8,30.3,25.7,21.5
14/04/2016,0.0,30.8,26.0,22.6
15/04/2016,0.0,30.6,26.0,22.5
16/04/2016,2.2,30.7,25.9,21.5
17/04/2016,1.0,29.2,25.2,22.0
18/04/2016,4.1,30.4,25.9,22.1
19/04/2016,19.0,29.5,25.5,21.5
20/04/2016,1.0,31.7,25.9,21.8
21/04/2016,0.0,30.3,25.8,22.0
22/04/2016,2.3,29.7,25.5,21.6
23/04/2016,3.5,31.0,26.2,22.8
24/04/2016,1.4,30.4,25.6,21.7
25/04/2016,11.1,32.1,26.3,22.5
26/04/2016,0.0,32.2,27.1,22.9
27/04/2016,0.0,32.3,27.0,22.7
28/04/2016,0.0,32.1,26.2,22.5
29/04/2016,50.9,26.4,23.9,21.6
30/04/2016,8.0,29.9,25.3,21.8
01/05/2016,22.6,30.7,25.7,21.9
02/05/2016,7.6,28.4,24.8,22.5
03/05/2016,10.0,30.1,25.5,21.9
04/05/2016,0.0,29.8,25.6,22.5
05/05/2016,0.0,31.8,26.4,22.8
06/05/2016,0.0,31.3,26.1,22.3
07/05/2016,0.0,32.1,26.7,22.5
08/05/2016,0.0,31.9,27.1,22.9
09/05/2016,0.0,31.7,27.0,22.7
10/05/2016,0.0,32.1,26.9,22.9
11/05/2016,0.0,31.4,26.2,22.7
12/05/2016,4.3,31.6,26.2,22.0
13/05/2016,4.8,31.3,25.7,21.5
14/05/2016,13.0,30.9,25.9,22.5
15/05/2016,0.0,31.7,26.8,22.6
16/05/2016,7.0,30.9,25.9,22.5
17/05/2016,0.0,32.0,26.8,22.8
18/05/2016,1.4,31.8,26.5,22.6
19/05/2016,0.0,32.5,27.1,22.9
20/05/2016,1.3,32.2,27.2,22.9
21/05/2016,0.0,32.4,26.9,22.8
22/05/2016,0.0,32.1,27.1,22.9
23/05/2016,0.0,33.0,27.2,23.0
24/05/2016,3.4,30.7,25.9,22.2
25/05/2016,0.0,32.3,26.4,22.5
26/05/2016,11.4,26.8,24.7,22.7
27/05/2016,2.3,30.9,25.7,22.0
28/05/2016,0.0,32.7,26.9,22.9
29/05/2016,1.4,31.1,26.2,22.9
30/05/2016,0.0,31.6,26.3,22.8
31/05/2016,0.0,31.1,25.8,22.5
01/06/2016,13.2,31.0,25.6,22.0
02/06/2016,0.0,31.6,26.8,23.0
03/06/2016,0.0,31.7,26.5,22.7
04/06/2016,2.7,31.9,26.9,22.7
05/06/2016,0.0,32.3,27.1,22.7
06/06/2016,0.0,32.1,26.4,22.9
07/06/2016,0.0,32.2,27.2,22.9
08/06/2016,0.0,31.9,26.4,22.4
09/06/2016,2.4,31.7,26.6,22.5
10/06/2016,0.0,32.0,27.0,22.5
11/06/2016,2.0,31.8,26.7,22.5
12/06/2016,1.3,32.1,25.9,22.5
13/06/2016,0.0,31.7,26.3,22.2
14/06/2016,3.8,30.7,25.9,22.0
15/06/2016,2.3,31.3,26.3,22.5
16/06/2016,0.0,32.9,26.9,21.7
17/06/2016,0.0,31.9,26.4,22.0
18/06/2016,5.8,30.9,25.4,21.5
19/06/2016,11.0,30.9,25.9,21.3
20/06/2016,0.0,30.3,25.5,21.6
21/06/2016,41.2,29.7,25.2,21.5
22/06/2016,2.8,30.8,25.9,22.6
23/06/2016,1.6,31.3,25.6,21.9
24/06/2016,28.6,30.7,25.2,22.5
25/06/2016,1.4,30.7,25.6,22.3
26/06/2016,0.0,30.3,25.9,22.0
27/06/2016,0.0,32.1,26.4,22.5
28/06/2016,0.0,32.0,26.3,21.4
29/06/2016,0.0,32.3,26.5,22.0
30/06/2016,0.0,32.7,26.9,22.5
01/07/2016,0.0,32.8,27.1,22.3
02/07/2016,0.0,32.2,26.5,21.9
03/07/2016,0.0,32.6,27.0,22.9
04/07/2016,0.0,32.9,27.0,23.0
05/07/2016,8.7,30.7,25.7,21.9
06/07/2016,1.4,31.7,26.3,22.5
07/07/2016,0.0,33.5,26.2,22.5
08/07/2016,2.8,30.6,25.7,21.8
09/07/2016,5.0,30.7,26.3,22.5
10/07/2016,0.0,30.9,27.1,22.2
11/07/2016,4.2,31.4,26.2,22.0
12/07/2016,0.0,32.1,26.8,22.5
13/07/2016,0.0,32.2,27.2,22.9
14/07/2016,0.0,32.4,26.6,22.0
15/07/2016,0.0,32.6,26.7,22.2
16/07/2016,6.4,33.1,27.0,22.5
17/07/2016,0.0,32.3,26.7,22.5
18/07/2016,20.6,31.9,26.0,22.0
19/07/2016,1.6,32.1,26.6,22.2
20/07/2016,0.0,32.1,25.8,22.7
21/07/2016,0.0,32.5,25.5,22.5
22/07/2016,3.6,30.3,25.7,22.2
23/07/2016,4.2,31.6,26.1,22.2
24/07/2016,0.0,32.5,27.0,22.5
25/07/2016,0.0,33.3,27.3,22.5
26/07/2016,0.0,32.7,26.4,22.5
27/07/2016,1.4,33.1,26.5,22.3
28/07/2016,0.0,32.4,26.7,22.9
29/07/2016,0.0,33.1,26.9,22.5
30/07/2016,0.0,32.3,26.0,21.9
31/07/2016,0.0,32.6,26.9,22.7
01/08/2016,0.0,32.7,27.1,22.7
02/08/2016,0.0,33.9,26.9,22.7
03/08/2016,0.0,33.9,27.3,22.6
04/08/2016,0.0,34.1,27.5,22.7
05/08/2016,0.0,32.7,27.0,22.5
06/08/2016,0.0,33.7,27.5,22.7
07/08/2016,0.0,34.3,27.6,23.0
08/08/2016,0.0,33.3,27.3,22.8
09/08/2016,0.0,33.1,27.5,22.7
10/08/2016,0.0,33.1,27.2,22.5
11/08/2016,0.0,33.7,27.5,22.6
12/08/2016,0.0,33.5,27.6,22.9
13/08/2016,0.0,33.7,27.6,22.5
14/08/2016,0.0,33.4,27.3,22.5
15/08/2016,0.0,33.9,28.1,23.0
16/08/2016,0.0,33.9,28.0,22.5
17/08/2016,0.0,34.1,27.5,22.7
18/08/2016,0.0,35.5,28.5,23.4
19/08/2016,0.0,34.5,28.1,23.2
20/08/2016,0.0,33.7,27.5,22.7
21/08/2016,0.0,35.6,28.1,22.7
22/08/2016,0.0,34.3,26.9,22.5
23/08/2016,0.0,32.6,26.3,22.5
24/08/2016,19.0,30.2,25.2,22.0
25/08/2016,3.6,30.7,25.8,22.5
26/08/2016,0.0,32.4,26.4,22.3
27/08/2016,6.3,31.4,26.4,21.9
28/08/2016,0.0,33.3,27.0,22.8
29/08/2016,0.0,33.1,26.8,22.3
30/08/2016,0.0,33.7,27.2,22.2
31/08/2016,0.0,33.1,27.3,22.5
01/09/2016,0.0,33.8,27.7,23.0
02/09/2016,0.0,33.5,26.7,23.1
03/09/2016,0.0,,,
04/09/2016,1.2,31.7,25.9,22.0
05/09/2016,12.4,31.4,26.2,21.9
06/09/2016,0.0,,,22.5
07/09/2016,19.3,,,
08/09/2016,5.4,30.9,25.7,21.6
09/09/2016,0.5,31.3,26.0,22.5
10/09/2016,14.6,30.7,25.5,21.9
11/09/2016,0.0,31.8,26.5,22.1
12/09/2016,0.0,33.1,26.7,22.5
13/09/2016,0.0,33.9,27.1,22.6
14/09/2016,0.0,34.4,27.5,22.9
15/09/2016,12.7,30.8,26.2,22.3
16/09/2016,0.0,33.1,27.1,22.7
17/09/2016,0.0,33.5,27.1,22.5
18/09/2016,0.0,33.7,27.3,22.8
19/09/2016,0.0,34.0,27.8,23.2
20/09/2016,0.0,33.5,27.1,22.5
21/09/2016,0.0,35.3,27.5,22.5
22/09/2016,0.0,34.3,27.9,23.3
23/09/2016,0.0,34.6,27.3,23.5
24/09/2016,0.0,33.5,27.1,22.9
25/09/2016,0.0,33.1,27.3,22.9
26/09/2016,0.0,34.9,28.2,22.9
27/09/2016,0.0,30.6,26.2,22.3
28/09/2016,16.0,,,22.9
29/09/2016,31.0,,,22.5
30/09/2016,0.0,29.7,25.5,22.3
01/10/2016,1.7,30.4,26.0,22.6
02/10/2016,0.0,33.1,26.8,22.5
03/10/2016,0.0,33.5,27.3,22.5
04/10/2016,0.0,33.4,27.6,22.8
05/10/2016,0.0,34.9,28.4,23.2
06/10/2016,0.0,33.4,28.1,23.5
07/10/2016,0.0,34.1,27.5,22.5
08/10/2016,31.0,30.9,26.1,22.3
09/10/2016,1.6,30.6,26.6,22.6
10/10/2016,0.0,32.5,26.7,22.5
11/10/2016,0.0,32.3,27.4,22.9
12/10/2016,0.0,34.2,27.8,22.6
13/10/2016,0.0,33.1,27.4,23.3
14/10/2016,0.0,33.9,27.1,22.6
15/10/2016,0.0,34.1,27.5,22.9
16/10/2016,0.0,35.0,28.5,23.5
17/10/2016,0.0,34.1,27.6,23.2
18/10/2016,0.0,34.1,27.6,22.9
19/10/2016,0.0,34.0,28.1,23.7
20/10/2016,0.0,34.3,27.8,23.2
21/10/2016,0.0,34.1,27.3,21.9
22/10/2016,0.0,33.4,26.8,23.6
23/10/2016,32.0,31.7,26.0,21.9
24/10/2016,48.0,30.3,25.3,21.5
25/10/2016,0.0,30.9,26.1,22.6
26/10/2016,0.0,32.3,26.6,22.3
27/10/2016,0.0,32.1,26.8,22.5
28/10/2016,1.0,29.2,25.6,22.3
29/10/2016,0.0,27.7,24.7,21.9
30/10/2016,11.4,29.7,25.2,21.5
31/10/2016,0.8,31.0,26.3,22.5
01/11/2016,0.0,31.7,26.4,22.0
02/11/2016,0.0,32.5,27.1,22.5
03/11/2016,0.0,34.0,27.2,22.7
04/11/2016,0.0,33.7,27.5,23.0
05/11/2016,0.0,33.1,27.3,22.9
06/11/2016,0.0,33.7,27.4,22.8
07/11/2016,2.4,33.7,27.3,22.7
08/11/2016,0.0,33.3,26.9,21.5
09/11/2016,0.0,34.8,28.2,23.2
10/11/2016,0.0,34.1,27.4,22.8
11/11/2016,0.0,32.3,27.2,22.9
12/11/2016,0.0,34.1,27.9,23.3
13/11/2016,0.0,33.9,27.3,22.4
14/11/2016,0.0,34.7,27.7,22.9
15/11/2016,0.0,35.2,27.9,23.4
16/11/2016,4.6,31.3,26.2,22.8
17/11/2016,0.0,31.3,26.4,22.5
18/11/2016,0.0,32.9,26.3,22.0
19/11/2016,0.0,34.2,27.4,22.7
20/11/2016,32.0,32.3,25.9,22.5
21/11/2016,0.0,33.2,27.2,22.9
22/11/2016,0.0,30.7,26.2,22.2
23/11/2016,3.1,30.7,26.3,22.5
24/11/2016,0.0,32.1,26.9,22.6
25/11/2016,0.0,33.1,26.8,22.0
26/11/2016,0.0,32.1,26.9,22.5
27/11/2016,0.0,33.0,27.5,23.2
28/11/2016,0.0,32.9,26.9,22.6
29/11/2016,0.0,33.3,27.5,22.9
30/11/2016,0.0,34.3,28.1,23.3
01/12/2016,0.0,33.7,27.3,22.7
02/12/2016,0.0,33.7,27.2,22.5
03/12/2016,0.0,33.3,27.6,23.3
04/12/2016,0.0,33.7,27.1,22.8
05/12/2016,14.0,32.5,26.7,22.5
06/12/2016,0.0,34.3,27.4,22.0
07/12/2016,0.0,33.7,27.4,22.8
08/12/2016,0.0,33.1,27.2,22.5
09/12/2016,0.0,34.8,28.0,22.9
10/12/2016,0.0,33.8,27.3,22.6
11/12/2016,0.0,32.5,26.7,22.5
12/12/2016,8.0,28.2,24.9,22.6
13/12/2016,14.4,30.9,25.8,21.9
14/12/2016,0.0,32.1,26.2,22.5
15/12/2016,61.8,28.5,25.2,22.5
16/12/2016,7.8,30.5,25.6,21.8
17/12/2016,0.0,32.7,26.5,21.9
18/12/2016,31.0,26.9,23.9,21.8
19/12/2016,25.6,30.3,25.5,21.7
20/12/2016,11.7,31.7,25.7,21.5
21/12/2016,0.0,30.7,25.6,22.0
22/12/2016,0.0,30.9,25.8,21.9
23/12/2016,4.0,27.1,24.3,21.5
24/12/2016,3.6,30.0,25.3,22.3
25/12/2016,0.0,30.6,25.9,22.0
26/12/2016,0.0,32.3,27.3,22.5
27/12/2016,0.0,30.5,25.8,22.2
28/12/2016,0.0,30.7,25.8,21.9
29/12/2016,0.0,33.5,27.2,22.5
30/12/2016,1.4,30.8,26.1,22.2
31/12/2016,6.6,30.3,25.6,21.8
01/01/2017,14.0,30.3,25.1,21.5
02/01/2017,6.4,29.3,25.3,21.7
03/01/2017,2.3,29.9,25.6,21.9
04/01/2017,1.9,30.4,25.7,22.1
05/01/2017,1.0,30.9,26.0,21.8
06/01/2017,0.0,30.7,25.9,22.0
07/01/2017,3.3,31.9,26.2,22.0
08/01/2017,0.0,31.6,26.2,22.3
09/01/2017,0.0,31.6,25.9,21.4
10/01/2017,2.0,31.7,26.1,21.7
11/01/2017,0.0,30.6,25.7,21.8
12/01/2017,0.0,31.4,26.4,22.0
13/01/2017,0.0,30.2,25.8,22.7
14/01/2017,2.7,29.1,25.1,21.8
15/01/2017,0.0,30.6,25.6,22.0
16/01/2017,21.9,30.0,25.7,22.2
17/01/2017,0.0,30.3,25.9,22.4
18/01/2017,2.3,27.8,24.5,21.8
19/01/2017,11.2,29.9,25.3,21.7
20/01/2017,0.0,32.0,26.4,21.1
21/01/2017,0.0,31.9,26.4,22.6
22/01/2017,0.0,30.7,26.0,22.3
23/01/2017,23.7,27.4,24.5,21.7
24/01/2017,74.2,30.9,25.4,21.5
25/01/2017,0.0,30.4,25.9,22.6
26/01/2017,0.0,30.7,26.0,22.3
27/01/2017,3.6,30.3,25.6,21.9
28/01/2017,0.0,30.4,25.9,22.4
29/01/2017,53.0,28.5,24.9,22.0
30/01/2017,13.6,28.8,25.2,21.8
31/01/2017,10.2,30.1,25.5,21.7
01/02/2017,18.8,28.8,25.0,21.9
02/02/2017,4.3,30.4,25.7,22.2
03/02/2017,1.8,30.6,25.5,21.6
04/02/2017,2.5,30.8,25.9,22.5
05/02/2017,9.8,30.8,25.6,22.0
06/02/2017,2.4,30.1,25.5,21.9
07/02/2017,2.4,31.9,26.7,22.5
08/02/2017,6.2,30.2,26.0,22.8
09/02/2017,1.5,31.3,26.0,22.2
10/02/2017,29.5,28.8,24.9,21.5
11/02/2017,8.7,28.7,24.6,21.7
12/02/2017,6.4,27.8,24.5,21.6
13/02/2017,3.7,29.9,25.2,21.5
14/02/2017,0.0,29.9,25.6,22.0
15/02/2017,8.6,30.7,25.7,21.9
16/02/2017,55.6,28.1,24.7,21.5
17/02/2017,26.0,30.8,25.4,21.7
18/02/2017,0.0,30.9,25.9,22.0
19/02/2017,0.0,31.3,26.1,22.5
20/02/2017,8.1,27.9,24.2,22.0
21/02/2017,9.1,30.6,25.7,21.8
22/02/2017,9.2,26.5,24.2,21.5
23/02/2017,15.0,30.2,25.4,21.4
24/02/2017,0.0,30.7,25.8,22.0
25/02/2017,0.0,31.3,26.2,22.5
26/02/2017,0.0,29.8,25.4,22.3
27/02/2017,0.0,30.7,25.9,22.1
28/02/2017,0.0,28.3,24.5,22.5
01/03/2017,19.2,29.8,25.2,21.9
02/03/2017,1.3,30.1,25.8,22.2
03/03/2017,0.0,30.7,26.2,22.3
04/03/2017,1.6,29.4,25.1,21.6
05/03/2017,1.4,30.9,25.8,22.0
06/03/2017,0.0,31.1,26.4,22.5
07/03/2017,2.2,29.6,25.5,21.9
08/03/2017,15.7,29.9,25.5,21.9
09/03/2017,1.6,30.1,25.7,22.5
10/03/2017,2.8,29.0,25.0,21.9
11/03/2017,29.3,29.3,24.9,21.8
12/03/2017,0.0,31.1,25.8,21.5
13/03/2017,0.6,29.6,25.4,21.8
14/03/2017,0.0,27.6,24.8,21.9
15/03/2017,6.3,30.1,25.2,21.5
16/03/2017,23.0,27.7,24.5,21.6
17/03/2017,25.8,30.7,25.7,21.9
18/03/2017,0.0,28.3,25.0,22.5
19/03/2017,0.0,29.8,25.5,21.8
20/03/2017,3.6,28.3,25.0,21.9
21/03/2017,28.2,28.1,24.8,21.5
22/03/2017,1.0,30.9,25.9,21.6
23/03/2017,0.0,30.7,25.9,22.0
24/03/2017,0.0,31.3,26.3,22.2
25/03/2017,24.2,30.8,25.3,21.4
26/03/2017,27.7,28.3,24.8,21.9
27/03/2017,0.0,31.3,26.0,22.5
28/03/2017,0.0,29.1,25.3,22.4
29/03/2017,13.1,30.7,25.8,22.0
30/03/2017,1.2,31.1,25.9,22.5
31/03/2017,25.7,30.9,25.7,21.9
01/04/2017,3.9,30.3,25.6,22.0
02/04/2017,9.7,30.1,25.0,22.5
03/04/2017,10.0,30.8,25.5,21.9
04/04/2017,0.0,31.4,26.0,22.0
05/04/2017,32.7,30.1,25.4,21.5
06/04/2017,22.4,28.9,24.9,21.7
07/04/2017,11.5,30.9,25.7,21.9
08/04/2017,0.0,31.3,25.6,22.0
09/04/2017,0.0,31.6,26.2,22.4
10/04/2017,0.0,30.7,25.8,22.2
11/04/2017,0.0,32.1,26.6,22.5
12/04/2017,0.0,31.3,26.2,22.2
13/04/2017,3.3,31.5,26.2,22.3
14/04/2017,6.4,31.6,26.9,22.5
15/04/2017,6.8,30.4,26.0,22.6
16/04/2017,17.7,30.7,25.7,22.0
17/04/2017,1.4,32.1,26.3,22.5
18/04/2017,10.2,31.9,25.7,21.5
19/04/2017,4.4,31.5,25.7,21.9
20/04/2017,2.2,32.1,26.5,22.5
21/04/2017,9.1,29.2,26.1,22.8
22/04/2017,3.0,30.7,25.6,21.9
23/04/2017,0.0,31.7,26.2,22.5
24/04/2017,5.9,31.4,25.9,22.2
25/04/2017,2.8,30.7,25.7,22.4
26/04/2017,0.0,31.7,26.8,22.9
27/04/2017,0.0,32.6,27.2,22.9
28/04/2017,6.4,31.7,26.2,22.6
29/04/2017,27.0,32.1,26.1,21.5
30/04/2017,25.0,29.9,25.2,22.3
01/05/2017,0.0,30.7,25.9,22.2
02/05/2017,0.0,27.4,24.7,21.5
03/05/2017,14.3,30.5,25.4,22.3
04/05/2017,10.3,28.3,25.3,22.3
05/05/2017,29.0,28.1,24.9,21.5
06/05/2017,0.0,30.6,25.9,21.9
07/05/2017,8.6,30.6,25.9,22.2
08/05/2017,0.0,31.5,26.9,22.5
09/05/2017,0.0,30.5,25.6,22.0
10/05/2017,16.6,30.7,25.7,22.0
11/05/2017,2.4,29.9,25.2,21.5
12/05/2017,0.0,30.9,25.9,21.9
13/05/2017,0.0,29.3,25.6,22.4
14/05/2017,1.3,31.3,26.4,22.5
15/05/2017,0.0,33.2,27.2,22.9
16/05/2017,0.0,31.7,26.4,22.7
17/05/2017,0.0,32.1,26.8,22.7
18/05/2017,0.0,31.7,27.1,22.7
19/05/2017,0.0,31.7,26.5,22.5
20/05/2017,0.0,32.1,26.4,22.5
21/05/2017,0.0,30.9,26.2,22.3
22/05/2017,18.2,28.3,24.9,21.9
23/05/2017,0.0,32.1,26.0,22.5
24/05/2017,0.0,31.6,27.0,22.8
25/05/2017,0.0,31.8,26.6,22.8
26/05/2017,0.0,32.1,26.4,22.5
27/05/2017,0.0,31.2,26.5,22.3
28/05/2017,0.0,31.9,26.9,22.9
29/05/2017,0.0,32.1,26.9,22.9
30/05/2017,0.0,30.2,24.4,22.2
31/05/2017,15.4,30.9,25.3,22.6
01/06/2017,13.6,32.1,26.8,22.5
02/06/2017,0.0,29.2,25.1,21.9
03/06/2017,1.5,30.7,25.6,21.8
04/06/2017,0.0,31.3,26.6,22.5
05/06/2017,0.0,31.0,25.9,22.3
06/06/2017,23.6,30.1,25.5,21.9
07/06/2017,0.0,29.7,25.9,22.5
08/06/2017,13.8,31.1,25.9,22.0
09/06/2017,2.6,31.9,26.8,22.8
10/06/2017,0.0,33.7,27.7,22.5
11/06/2017,8.4,30.8,26.1,22.5
12/06/2017,0.0,30.3,25.7,22.0
13/06/2017,8.7,31.3,26.6,23.5
14/06/2017,3.2,29.9,25.4,22.2
15/06/2017,4.0,29.7,25.2,21.9
16/06/2017,11.5,31.3,26.1,22.5
17/06/2017,0.0,31.4,26.9,22.4
18/06/2017,0.0,31.7,26.3,22.3
19/06/2017,0.0,32.1,26.3,22.5
20/06/2017,6.2,31.6,26.5,21.6
21/06/2017,2.6,29.9,25.6,22.0
22/06/2017,27.8,31.5,26.3,22.5
23/06/2017,0.0,30.9,26.0,21.5
24/06/2017,0.0,31.3,26.2,22.0
25/06/2017,0.0,32.5,26.7,22.9
26/06/2017,8.4,30.5,26.0,22.4
27/06/2017,3.0,31.7,28.8,23.0
28/06/2017,0.0,32.1,25.7,22.5
29/06/2017,0.0,30.9,25.7,21.8
30/06/2017,0.0,32.1,26.6,22.4
01/07/2017,0.0,32.1,26.5,22.5
02/07/2017,0.0,30.2,25.5,22.4
03/07/2017,8.2,31.3,26.2,22.5
04/07/2017,2.2,32.1,26.2,22.5
05/07/2017,0.0,31.0,26.1,22.2
06/07/2017,0.0,31.7,26.6,22.5
07/07/2017,0.0,32.1,26.3,22.5
08/07/2017,0.0,29.6,25.3,21.5
09/07/2017,0.0,28.7,25.3,21.9
10/07/2017,0.0,32.1,26.4,22.6
11/07/2017,0.0,31.9,26.6,21.1
12/07/2017,0.0,33.3,26.8,22.0
13/07/2017,0.0,30.7,25.7,21.5
14/07/2017,6.3,31.6,26.3,22.7
15/07/2017,1.0,32.5,26.4,21.5
16/07/2017,0.0,33.5,26.8,22.5
17/07/2017,0.0,33.4,26.9,22.3
18/07/2017,0.0,33.6,27.1,22.6
19/07/2017,0.0,33.1,26.9,22.5
20/07/2017,0.0,33.1,27.0,22.9
21/07/2017,0.0,30.8,26.3,22.8
22/07/2017,12.2,30.6,25.6,21.9
23/07/2017,0.0,32.5,26.7,22.5
24/07/2017,0.0,31.7,26.5,22.5
25/07/2017,0.0,30.7,26.2,22.3
26/07/2017,5.4,32.7,26.6,22.3
27/07/2017,0.0,33.5,27.4,22.5
28/07/2017,0.0,33.8,27.3,22.9
29/07/2017,0.0,33.3,26.8,22.7
30/07/2017,0.0,32.9,26.7,22.8
31/07/2017,7.1,33.7,27.1,22.5
01/08/2017,0.0,33.3,27.2,22.5
02/08/2017,0.0,32.3,26.6,22.6
03/08/2017,2.8,32.7,26.2,21.9
04/08/2017,0.0,33.6,27.0,21.9
05/08/2017,0.0,32.3,27.0,22.5
06/08/2017,0.0,33.3,26.7,22.4
07/08/2017,0.0,32.2,26.7,22.8
08/08/2017,0.0,32.5,26.8,22.5
09/08/2017,2.8,34.1,27.0,21.5
10/08/2017,0.0,32.7,27.0,22.6
11/08/2017,0.0,33.7,27.4,22.7
12/08/2017,0.0,33.1,27.4,22.9
13/08/2017,0.0,32.3,27.1,22.9
14/08/2017,0.0,33.7,27.3,22.8
15/08/2017,0.0,33.9,27.7,22.4
16/08/2017,0.0,32.7,27.1,22.5
17/08/2017,0.0,34.2,27.8,23.1
18/08/2017,0.0,33.7,27.6,22.8
19/08/2017,0.0,34.5,27.7,22.9
20/08/2017,0.0,33.9,27.6,22.9
21/08/2017,0.0,33.3,27.1,22.3
22/08/2017,0.0,34.1,27.7,22.9
23/08/2017,0.0,34.0,26.4,22.4
24/08/2017,1.4,30.9,25.8,22.0
25/08/2017,3.4,33.1,27.5,22.5
26/08/2017,0.0,35.5,28.4,22.6
27/08/2017,0.0,34.1,27.4,22.3
28/08/2017,0.0,33.1,27.3,22.9
29/08/2017,0.0,34.2,27.7,22.8
30/08/2017,0.0,34.1,28.1,22.8
31/08/2017,0.0,33.8,27.6,22.9
01/09/2017,0.0,34.0,28.0,23.2
02/09/2017,0.0,33.8,27.6,23.1
03/09/2017,0.0,35.0,28.0,22.9
04/09/2017,0.0,35.0,31.2,23.2
05/09/2017,7.8,33.1,26.2,22.0
06/09/2017,18.3,32.9,26.6,22.1
07/09/2017,0.0,34.0,27.9,22.9
08/09/2017,0.0,33.5,27.7,23.3
09/09/2017,0.0,33.5,27.9,23.3
10/09/2017,0.0,34.5,28.2,23.3
11/09/2017,0.0,34.1,27.7,23.1
12/09/2017,0.0,33.4,27.8,23.1
13/09/2017,0.0,34.5,28.1,23.3
14/09/2017,0.0,34.3,27.8,22.9
15/09/2017,0.0,33.6,29.8,22.9
16/09/2017,20.1,34.2,28.0,22.3
17/09/2017,9.7,36.2,27.3,22.4
18/09/2017,0.0,32.6,27.2,22.5
19/09/2017,0.0,33.4,27.5,22.9
20/09/2017,0.0,35.4,28.1,22.9
21/09/2017,0.0,34.3,27.8,23.4
22/09/2017,0.0,31.7,27.3,22.9
23/09/2017,0.0,32.5,27.2,22.5
24/09/2017,0.0,34.7,28.3,23.4
25/09/2017,0.0,32.9,27.6,23.3
26/09/2017,0.0,31.7,27.0,22.5
27/09/2017,12.2,33.1,27.7,22.5
28/09/2017,0.0,34.8,27.9,22.8
29/09/2017,0.0,33.1,27.3,22.4
30/09/2017,0.0,34.3,27.8,22.5
01/10/2017,0.0,34.4,27.7,22.5
02/10/2017,0.0,34.5,28.2,23.1
03/10/2017,0.0,35.8,28.6,23.2
04/10/2017,0.0,34.1,28.0,22.5
05/10/2017,0.0,34.1,27.9,22.5
06/10/2017,0.0,33.9,28.0,23.1
07/10/2017,0.0,33.6,27.6,22.9
08/10/2017,0.0,34.3,27.6,22.5
09/10/2017,8.8,32.0,26.7,22.6
10/10/2017,0.0,33.1,26.9,22.5
11/10/2017,0.0,34.4,27.8,22.8
12/10/2017,0.0,34.5,28.1,23.2
13/10/2017,0.0,34.5,28.0,22.5
14/10/2017,0.0,34.1,27.5,22.5
15/10/2017,0.0,34.3,28.3,22.9
16/10/2017,0.0,33.7,27.7,22.6
17/10/2017,0.0,35.4,28.4,23.3
18/10/2017,0.0,33.5,28.0,22.9
19/10/2017,0.0,33.3,27.7,22.7
20/10/2017,0.0,33.7,27.8,22.6
21/10/2017,0.0,34.4,28.0,22.9
22/10/2017,0.0,33.5,27.9,22.9
23/10/2017,0.0,34.4,28.1,23.0
24/10/2017,0.0,36.0,27.8,23.1
25/10/2017,0.0,35.5,27.5,22.9
26/10/2017,0.0,33.3,27.4,22.3
27/10/2017,0.0,34.5,28.2,23.1
28/10/2017,0.0,34.7,28.1,22.9
29/10/2017,0.0,33.5,27.9,22.8
30/10/2017,0.0,36.4,29.0,23.3
31/10/2017,1.2,29.3,25.5,21.5
01/11/2017,0.0,33.1,26.8,22.0
02/11/2017,0.0,35.9,27.8,22.4
03/11/2017,0.0,36.0,28.3,22.9
04/11/2017,0.0,34.1,28.0,23.0
05/11/2017,0.0,35.4,28.7,23.5
06/11/2017,0.0,35.5,28.5,23.3
07/11/2017,0.0,34.4,28.3,23.0
08/11/2017,0.0,35.4,28.4,23.2
09/11/2017,0.0,35.1,28.3,22.9
10/11/2017,0.0,35.5,28.7,23.1
11/11/2017,0.0,36.1,28.9,23.7
12/11/2017,0.0,35.7,28.7,23.1
13/11/2017,0.0,34.7,28.0,22.5
14/11/2017,0.0,36.9,29.1,23.7
15/11/2017,0.0,34.1,28.1,22.9
16/11/2017,0.0,34.6,28.0,23.0
17/11/2017,0.0,34.7,28.3,23.7
18/11/2017,0.0,34.7,28.3,23.6
19/11/2017,0.0,34.3,27.9,22.9
20/11/2017,0.0,35.2,28.7,23.8
21/11/2017,0.0,34.1,28.1,23.3
22/11/2017,0.0,34.6,28.3,23.5
23/11/2017,0.0,35.1,27.7,22.6
24/11/2017,0.0,35.6,28.1,22.6
25/11/2017,0.0,34.1,27.8,22.9
26/11/2017,0.0,35.2,28.2,23.0
27/11/2017,0.0,35.4,28.4,23.3
28/11/2017,0.0,35.1,27.9,22.7
29/11/2017,0.0,35.0,28.8,23.7
30/11/2017,0.0,35.3,28.8,23.6
01/12/2017,0.0,34.8,28.5,23.5
02/12/2017,0.0,34.2,28.2,23.7
03/12/2017,0.0,34.5,28.3,23.3
04/12/2017,0.0,34.1,28.0,23.0
05/12/2017,0.0,35.8,28.6,23.4
06/12/2017,0.0,34.7,28.4,23.3
07/12/2017,0.0,34.8,28.3,23.2
08/12/2017,0.0,35.4,28.7,23.5
09/12/2017,13.2,34.1,27.5,22.5
10/12/2017,0.0,33.6,27.3,22.1
11/12/2017,17.2,33.4,27.1,22.9
12/12/2017,1.2,32.4,26.3,22.5
13/12/2017,0.0,31.7,26.5,21.9
14/12/2017,54.9,29.8,24.2,22.1
15/12/2017,56.7,29.5,25.2,21.5
16/12/2017,6.4,29.9,25.6,21.8
17/12/2017,2.0,26.4,24.5,22.3
18/12/2017,1.0,28.8,25.4,21.5
19/12/2017,2.4,30.1,25.3,21.6
20/12/2017,0.0,30.8,26.3,22.1
21/12/2017,0.0,30.3,26.3,22.5
22/12/2017,0.0,31.3,26.2,22.0
23/12/2017,0.0,32.4,27.0,22.0
24/12/2017,0.0,32.1,26.3,21.5
25/12/2017,0.0,30.4,25.6,21.6
26/12/2017,0.0,32.6,26.5,22.3
27/12/2017,5.0,28.8,25.2,21.5
28/12/2017,7.4,29.3,25.0,21.6
29/12/2017,3.4,30.8,25.6,21.4
30/12/2017,12.6,30.4,25.6,21.5
31/12/2017,3.6,29.9,25.3,21.8
01/01/2018,3.2,30.4,26.1,21.6
02/01/2018,0.0,31.9,26.5,22.0
03/01/2018,0.0,31.9,26.8,22.2
04/01/2018,0.0,32.3,27.1,22.7
05/01/2018,0.0,32.1,27.0,22.6
06/01/2018,0.0,30.9,25.7,22.3
07/01/2018,0.0,31.6,26.0,21.9
08/01/2018,9.6,26.7,24.1,21.8
09/01/2018,18.2,27.9,24.6,21.9
10/01/2018,0.0,32.1,26.3,22.0
11/01/2018,0.0,31.7,26.5,22.1
12/01/2018,24.0,30.9,26.0,22.4
13/01/2018,0.0,32.1,26.8,22.6
14/01/2018,0.0,31.9,26.5,22.2
15/01/2018,21.6,29.9,25.1,21.5
16/01/2018,3.8,30.9,25.7,22.4
17/01/2018,0.0,31.8,26.5,22.5
18/01/2018,2.1,29.7,25.3,21.6
19/01/2018,0.0,30.6,25.9,21.9
20/01/2018,0.0,30.9,25.9,22.4
21/01/2018,0.0,31.2,26.2,22.6
22/01/2018,0.0,31.7,26.8,22.7
23/01/2018,1.6,30.3,25.3,21.9
24/01/2018,0.0,31.0,25.9,22.5
25/01/2018,0.0,30.9,25.5,22.3
26/01/2018,4.2,31.3,25.8,22.0
27/01/2018,36.2,29.7,24.8,21.3
28/01/2018,18.4,30.4,25.1,22.1
29/01/2018,50.4,30.9,25.9,22.3
30/01/2018,11.3,30.3,25.3,21.9
31/01/2018,1.4,30.9,25.9,22.1
01/02/2018,0.0,31.1,26.4,22.9
02/02/2018,1.5,28.9,25.2,22.2
03/02/2018,32.7,28.1,24.2,21.4
04/02/2018,7.7,31.1,26.0,22.5
05/02/2018,0.0,31.4,26.2,22.6
06/02/2018,0.0,31.9,26.3,22.2
07/02/2018,0.0,32.3,27.3,22.5
08/02/2018,0.0,30.7,26.3,22.5
09/02/2018,11.7,29.3,25.3,22.2
10/02/2018,20.7,30.3,25.5,21.5
11/02/2018,10.1,30.4,25.2,21.5
12/02/2018,4.6,30.3,25.7,21.9
13/02/2018,60.0,31.2,25.5,21.5
14/02/2018,15.2,31.0,26.0,22.4
15/02/2018,0.0,29.1,25.0,21.9
16/02/2018,7.5,29.7,25.7,22.5
17/02/2018,2.6,30.8,25.9,21.9
18/02/2018,23.3,29.9,24.7,21.7
19/02/2018,0.0,32.1,26.1,22.5
20/02/2018,9.1,27.9,24.4,21.3
21/02/2018,23.2,28.1,24.4,21.8
22/02/2018,12.6,26.2,23.4,21.5
23/02/2018,42.0,29.1,24.8,21.5
24/02/2018,0.0,29.3,25.0,21.9
25/02/2018,6.6,28.8,24.8,21.5
26/02/2018,0.0,29.9,25.3,21.5
27/02/2018,1.4,28.8,24.8,21.5
28/02/2018,11.6,30.1,25.5,21.7
01/03/2018,7.4,30.7,25.6,21.7
02/03/2018,0.0,31.1,25.8,21.4
03/03/2018,0.0,31.7,25.7,21.9
04/03/2018,0.0,29.1,25.4,22.5
05/03/2018,7.7,30.0,26.0,22.5
06/03/2018,0.0,30.7,25.7,22.0
07/03/2018,7.0,32.1,26.2,22.5
08/03/2018,1.0,30.8,26.0,22.3
09/03/2018,2.1,29.9,25.4,21.9
10/03/2018,0.0,32.5,26.4,22.5
11/03/2018,7.0,30.9,25.9,21.8
12/03/2018,1.6,30.7,25.7,22.0
13/03/2018,6.6,32.1,26.2,22.5
14/03/2018,0.0,31.4,26.0,22.6
15/03/2018,23.6,30.1,25.5,21.9
16/03/2018,0.0,29.7,25.5,22.5
17/03/2018,0.0,31.2,26.2,22.4
18/03/2018,2.1,29.7,25.4,22.0
19/03/2018,4.6,32.1,26.5,22.5
20/03/2018,0.0,31.2,26.4,22.9
21/03/2018,6.6,31.7,26.4,22.8
22/03/2018,4.6,31.5,25.8,21.5
23/03/2018,2.4,31.3,26.1,22.7
24/03/2018,41.4,30.7,25.3,21.9
25/03/2018,82.0,28.8,24.4,21.5
26/03/2018,0.2,31.0,25.7,22.3
27/03/2018,0.0,30.9,25.9,22.0
28/03/2018,0.0,30.1,25.8,21.5
29/03/2018,8.0,27.9,24.7,22.2
30/03/2018,7.7,29.9,25.4,22.0
31/03/2018,22.6,31.5,25.9,21.5
01/04/2018,2.1,30.6,25.6,22.2
02/04/2018,3.8,29.7,25.3,21.8
03/04/2018,60.4,30.7,25.3,21.5
04/04/2018,4.4,30.7,26.2,22.6
05/04/2018,23.9,30.2,25.1,20.9
06/04/2018,131.8,29.9,25.2,21.5
07/04/2018,0.0,30.5,25.4,21.9
08/04/2018,1.4,30.6,25.7,22.0
09/04/2018,2.2,32.1,25.6,21.5
10/04/2018,30.2,29.8,24.9,21.3
11/04/2018,2.8,30.0,25.4,22.2
12/04/2018,0.0,30.1,25.6,21.5
13/04/2018,12.2,28.4,24.8,22.2
14/04/2018,0.0,30.4,25.7,21.9
15/04/2018,22.4,28.7,24.7,21.5
16/04/2018,4.0,28.2,24.6,21.8
17/04/2018,6.4,29.9,25.3,21.8
18/04/2018,0.0,31.4,26.0,22.5
19/04/2018,0.0,30.9,26.1,22.4
20/04/2018,0.0,30.7,25.8,22.1
21/04/2018,0.0,30.1,25.9,22.5
22/04/2018,27.0,31.2,26.2,22.2
23/04/2018,0.0,30.9,25.8,22.1
24/04/2018,38.4,28.6,26.2,21.5
25/04/2018,6.4,30.9,26.0,22.7
26/04/2018,0.0,31.3,26.2,22.8
27/04/2018,0.0,29.6,25.7,22.5
28/04/2018,0.0,31.1,25.9,22.7
29/04/2018,5.0,31.3,26.0,22.0
30/04/2018,24.8,32.5,26.4,21.5
01/05/2018,0.0,31.5,26.3,22.5
02/05/2018,3.1,31.7,26.2,22.6
03/05/2018,24.0,30.5,25.6,21.5
04/05/2018,0.0,31.1,26.3,22.8
05/05/2018,1.6,30.3,25.6,21.9
06/05/2018,0.0,32.1,26.1,22.5
07/05/2018,0.0,30.8,25.7,22.8
08/05/2018,22.2,31.3,25.9,22.1
09/05/2018,3.3,32.7,26.7,22.5
10/05/2018,0.0,31.5,26.3,22.7
11/05/2018,1.6,31.7,26.2,22.8
12/05/2018,57.0,29.1,24.8,21.5
13/05/2018,5.8,32.2,26.3,21.8
14/05/2018,0.0,28.8,25.4,22.8
15/05/2018,14.6,31.7,26.2,22.5
16/05/2018,26.4,28.0,24.5,21.6
17/05/2018,2.2,31.8,26.1,21.9
18/05/2018,0.0,31.1,26.0,22.5
19/05/2018,1.0,30.6,25.9,22.8
20/05/2018,12.3,31.3,25.9,21.9
21/05/2018,0.0,32.1,26.1,22.5
22/05/2018,22.0,29.9,25.2,21.7
23/05/2018,14.6,30.3,25.6,21.9
24/05/2018,7.0,28.5,24.8,21.5
25/05/2018,22.0,29.7,25.4,21.8
26/05/2018,1.0,31.3,25.9,22.4
27/05/2018,0.0,31.1,25.9,22.5
28/05/2018,3.6,30.9,25.9,22.5
29/05/2018,0.0,30.7,25.8,22.0
30/05/2018,8.1,32.1,26.4,22.5
31/05/2018,0.0,30.8,25.8,22.4
01/06/2018,0.0,31.3,26.4,22.2
02/06/2018,0.0,32.3,27.4,23.0
03/06/2018,0.0,31.1,26.1,22.4
04/06/2018,0.0,32.3,26.6,22.4
05/06/2018,81.6,28.1,24.6,21.5
06/06/2018,0.0,31.2,25.9,21.2
07/06/2018,14.2,29.9,25.5,22.0
08/06/2018,5.9,29.7,25.5,21.5
09/06/2018,9.2,30.2,25.9,22.5
10/06/2018,0.0,31.4,26.1,22.1
11/06/2018,6.0,30.7,26.3,22.5
12/06/2018,0.0,32.0,26.6,22.0
13/06/2018,0.0,32.6,26.7,22.3
14/06/2018,0.0,32.4,26.9,22.5
15/06/2018,0.0,32.2,26.6,21.5
16/06/2018,0.0,32.2,26.8,22.4
17/06/2018,8.2,29.7,24.7,21.5
18/06/2018,16.0,30.8,24.9,21.6
19/06/2018,15.9,31.6,25.7,21.7
20/06/2018,1.0,31.7,25.9,21.5
21/06/2018,4.0,30.8,26.2,21.7
22/06/2018,6.4,31.8,26.1,22.0
23/06/2018,0.0,32.3,26.2,22.5
24/06/2018,0.0,29.7,25.8,22.8
25/06/2018,4.2,29.9,25.6,22.0
26/06/2018,18.3,32.3,26.3,22.5
27/06/2018,0.0,30.9,25.7,21.4
28/06/2018,0.0,31.7,26.2,22.2
29/06/2018,0.0,32.1,26.4,22.5
30/06/2018,0.0,27.7,25.5,22.5
01/07/2018,38.4,31.9,26.3,22.2
02/07/2018,0.0,31.4,26.2,21.9
03/07/2018,3.0,33.2,27.3,22.7
04/07/2018,9.3,30.7,25.7,22.0
05/07/2018,13.0,32.1,26.5,22.5
06/07/2018,0.0,31.9,26.1,22.3
07/07/2018,7.7,31.9,26.1,22.0
08/07/2018,0.0,32.4,26.4,21.5
09/07/2018,7.4,33.7,26.7,22.1
10/07/2018,2.6,31.3,26.1,22.6
11/07/2018,1.2,31.1,25.7,21.5
12/07/2018,14.2,30.0,25.6,22.2
13/07/2018,0.0,32.2,26.5,22.0
14/07/2018,0.0,31.3,25.1,21.5
15/07/2018,8.4,31.6,25.8,21.5
16/07/2018,0.0,32.1,26.2,22.3
17/07/2018,0.0,32.3,26.4,22.5
18/07/2018,0.0,32.1,26.5,22.5
19/07/2018,0.0,31.6,26.1,22.0
20/07/2018,6.4,31.9,26.2,22.3
21/07/2018,0.0,32.3,26.6,22.5
22/07/2018,0.0,32.5,26.4,22.8
23/07/2018,5.0,31.7,26.1,22.4
24/07/2018,9.2,30.6,25.8,22.4
25/07/2018,0.0,32.2,26.5,22.3
26/07/2018,15.6,30.3,25.7,22.0
27/07/2018,0.0,29.9,25.5,21.5
28/07/2018,4.4,30.1,25.3,21.5
29/07/2018,0.0,32.5,26.3,22.5
30/07/2018,9.8,29.8,25.4,21.5
31/07/2018,0.0,32.1,26.2,22.0
01/08/2018,0.0,32.2,26.7,22.3
02/08/2018,0.0,32.6,26.8,22.4
03/08/2018,0.0,32.1,26.5,22.5
04/08/2018,0.0,32.3,26.2,22.1
05/08/2018,0.0,32.1,26.0,21.5
06/08/2018,0.0,31.3,26.2,21.5
07/08/2018,0.0,32.2,26.6,22.4
08/08/2018,0.0,32.6,26.7,22.0
09/08/2018,0.0,32.7,27.0,22.4
10/08/2018,0.0,33.0,27.2,22.6
11/08/2018,0.0,32.4,27.0,22.5
12/08/2018,0.0,32.4,27.2,22.8
13/08/2018,0.0,32.1,26.7,22.5
14/08/2018,0.0,32.6,27.0,22.5
15/08/2018,0.0,30.7,26.5,22.6
16/08/2018,0.0,33.9,27.4,22.8
17/08/2018,0.0,32.8,26.8,22.6
18/08/2018,9.0,30.3,25.5,21.5
19/08/2018,0.0,30.5,26.0,22.2
20/08/2018,0.0,33.0,26.7,22.0
21/08/2018,0.0,33.1,26.9,22.5
22/08/2018,0.0,33.0,27.1,22.1
23/08/2018,0.8,32.8,27.1,23.1
24/08/2018,0.0,32.4,26.6,22.7
25/08/2018,0.0,34.9,27.5,22.8
26/08/2018,0.0,33.7,27.5,22.5
27/08/2018,2.0,32.1,26.1,21.5
28/08/2018,0.0,33.0,27.0,22.7
29/08/2018,0.0,33.1,27.0,22.6
30/08/2018,0.0,32.4,26.9,22.5
31/08/2018,0.0,33.5,26.8,22.9
01/09/2018,10.7,32.9,26.2,22.0
02/09/2018,11.6,32.3,26.7,21.5
03/09/2018,0.0,33.5,27.4,22.8
04/09/2018,0.0,33.3,27.5,22.6
05/09/2018,0.0,29.1,26.6,22.5
06/09/2018,0.0,32.6,26.6,22.0
07/09/2018,0.0,28.8,25.3,21.9
08/09/2018,8.8,29.5,25.4,21.5
09/09/2018,0.0,33.0,26.9,22.1
10/09/2018,40.4,28.2,24.9,21.9
11/09/2018,21.3,31.3,25.7,22.0
12/09/2018,14.9,31.4,25.4,21.9
13/09/2018,5.2,30.3,25.4,21.8
14/09/2018,2.2,32.4,26.4,22.1
15/09/2018,0.0,32.2,26.2,22.5
16/09/2018,0.0,32.6,27.0,22.4
17/09/2018,0.0,32.5,27.1,22.5
18/09/2018,0.0,34.4,27.7,22.9
19/09/2018,0.0,32.4,27.2,22.7
20/09/2018,0.0,33.4,27.4,22.8
21/09/2018,0.0,31.7,26.8,22.6
22/09/2018,0.0,33.7,27.6,22.8
23/09/2018,0.0,32.7,27.1,22.6
24/09/2018,0.0,34.0,27.6,22.9
25/09/2018,0.0,32.7,27.3,22.7
26/09/2018,0.0,33.5,27.7,23.2
27/09/2018,0.0,33.1,27.8,22.5
28/09/2018,0.0,33.7,27.7,23.1
29/09/2018,0.0,32.7,27.6,22.7
30/09/2018,0.0,34.4,28.1,23.3
01/10/2018,0.0,34.1,27.9,22.8
02/10/2018,0.0,34.0,28.0,23.4
03/10/2018,0.0,33.1,28.0,23.1
04/10/2018,0.0,33.2,27.5,23.5
05/10/2018,0.0,33.7,27.9,23.4
06/10/2018,0.0,34.0,28.3,23.5
07/10/2018,0.0,32.8,28.1,24.1
08/10/2018,0.0,33.9,28.1,23.4
09/10/2018,0.0,32.7,27.3,22.4
10/10/2018,0.0,33.7,27.6,22.9
11/10/2018,0.0,33.8,28.0,23.2
12/10/2018,0.0,33.4,27.8,22.9
13/10/2018,0.0,34.1,28.0,23.2
14/10/2018,0.0,,,
15/10/2018,0.0,35.2,28.6,23.7
16/10/2018,0.0,33.6,27.8,23.4
17/10/2018,0.0,32.7,27.6,22.9
18/10/2018,0.0,34.9,28.5,23.7
19/10/2018,0.0,33.8,28.2,23.6
20/10/2018,0.0,33.1,27.7,22.9
21/10/2018,0.0,34.4,28.2,23.1
22/10/2018,0.0,34.1,28.2,23.6
23/10/2018,0.0,33.4,27.4,22.5
24/10/2018,0.0,33.9,28.2,23.6
25/10/2018,0.0,33.8,27.9,23.5
26/10/2018,0.0,34.4,27.8,22.8
27/10/2018,0.0,35.1,28.5,23.7
28/10/2018,0.0,34.4,28.4,23.5
29/10/2018,0.0,34.2,28.2,22.8
30/10/2018,0.0,34.9,28.6,23.7
31/10/2018,0.0,34.4,28.2,23.6
01/11/2018,0.0,34.3,28.2,23.3
02/11/2018,0.0,35.2,28.9,23.8
03/11/2018,0.0,34.6,28.2,23.0
04/11/2018,0.0,34.5,28.2,22.5
05/11/2018,0.0,28.9,25.4,22.8
06/11/2018,15.6,27.4,24.6,21.7
07/11/2018,3.4,33.8,27.3,22.5
08/11/2018,0.0,32.4,26.7,22.8
09/11/2018,0.0,33.4,27.7,23.0
10/11/2018,0.0,33.1,27.8,22.5
11/11/2018,0.0,34.9,28.1,22.8
12/11/2018,0.0,34.4,28.4,23.5
13/11/2018,0.0,34.1,28.3,23.2
14/11/2018,0.0,34.5,28.5,23.5
15/11/2018,0.0,34.1,27.9,23.2
16/11/2018,0.0,34.5,28.0,23.2
17/11/2018,0.0,34.5,27.8,22.9
18/11/2018,0.0,34.3,28.1,23.3
19/11/2018,0.0,34.2,28.0,23.2
20/11/2018,0.0,34.6,28.4,23.5
21/11/2018,0.0,34.6,28.3,23.4
22/11/2018,0.0,33.8,27.7,23.2
23/11/2018,0.0,34.0,27.8,23.3
24/11/2018,0.0,32.8,27.3,22.5
25/11/2018,0.0,32.7,27.0,22.8
26/11/2018,0.0,33.6,27.9,23.0
27/11/2018,0.0,28.5,25.2,22.0
28/11/2018,17.6,28.8,25.6,21.5
29/11/2018,27.6,32.4,26.2,21.9
30/11/2018,5.0,29.1,25.3,21.6
01/12/2018,8.0,31.3,26.1,21.5
02/12/2018,0.0,31.4,26.4,22.7
03/12/2018,18.6,29.9,25.5,21.9
04/12/2018,26.5,28.5,24.3,21.5
05/12/2018,10.5,29.8,25.1,21.8
06/12/2018,0.0,28.8,24.6,21.6
07/12/2018,0.0,29.9,25.6,21.5
08/12/2018,0.0,29.2,25.1,22.3
09/12/2018,16.0,31.2,25.5,21.5
10/12/2018,3.0,28.8,25.4,22.0
11/12/2018,1.7,30.8,25.8,22.7
12/12/2018,0.0,31.6,26.1,22.2
13/12/2018,1.8,31.8,26.0,21.9
14/12/2018,2.0,29.3,24.8,21.9
15/12/2018,0.0,30.0,25.3,21.8
16/12/2018,1.0,31.2,26.2,22.5
17/12/2018,0.0,30.8,26.2,22.7
18/12/2018,1.9,30.6,25.9,22.2
19/12/2018,3.4,28.6,25.0,21.5
20/12/2018,0.0,30.9,26.0,22.5
21/12/2018,3.4,30.3,25.4,22.0
22/12/2018,21.4,31.4,25.6,21.5
23/12/2018,1.6,30.0,26.0,22.7
24/12/2018,5.4,29.7,25.5,21.9
25/12/2018,0.0,31.2,25.7,21.5
26/12/2018,0.0,30.9,25.8,21.7
27/12/2018,0.0,32.6,26.8,23.0
28/12/2018,2.0,31.8,26.3,21.5
29/12/2018,0.0,30.3,25.9,22.6
30/12/2018,12.4,30.6,25.5,21.9
31/12/2018,2.9,28.2,25.1,21.8
01/01/2019,0.0,30.8,25.4,22.5
02/01/2019,3.3,29.4,25.1,21.8
03/01/2019,1.6,31.2,25.8,21.9
04/01/2019,0.0,32.2,26.5,22.0
05/01/2019,0.0,30.9,26.3,22.3
06/01/2019,0.0,31.0,26.6,22.9
07/01/2019,2.2,29.9,25.3,22.0
08/01/2019,13.4,27.7,24.5,21.7
09/01/2019,0.0,30.8,25.5,21.9
10/01/2019,62.4,27.7,24.0,21.8
11/01/2019,36.1,28.3,24.7,21.8
12/01/2019,0.0,31.6,25.9,21.9
13/01/2019,0.0,30.9,24.9,21.6
14/01/2019,75.0,27.2,23.7,21.8
15/01/2019,19.2,30.3,25.3,21.7
16/01/2019,0.0,30.6,25.9,22.0
17/01/2019,0.0,29.3,25.1,20.9
18/01/2019,6.6,29.4,25.6,21.9
19/01/2019,86.3,26.6,24.2,21.6
20/01/2019,12.9,31.3,25.8,22.0
21/01/2019,4.8,30.8,25.7,21.8
22/01/2019,0.0,29.9,25.5,21.9
23/01/2019,23.8,30.1,25.5,22.0
24/01/2019,3.5,30.3,25.3,21.5
25/01/2019,0.0,28.4,24.7,21.7
26/01/2019,6.2,30.5,25.4,21.7
27/01/2019,0.0,30.5,25.6,21.9
28/01/2019,0.0,30.9,25.7,21.9
29/01/2019,0.0,31.0,26.2,22.4
30/01/2019,2.0,30.0,25.3,21.9
31/01/2019,0.0,,26.0,21.8
01/02/2019,0.0,30.5,25.8,22.2
02/02/2019,2.2,30.2,25.8,22.3
03/02/2019,0.0,29.9,25.5,22.0
04/02/2019,0.0,31.4,25.8,22.5
05/02/2019,0.0,31.7,26.3,22.6
06/02/2019,0.0,31.9,26.1,22.2
07/02/2019,29.0,30.5,25.5,21.5
08/02/2019,35.4,30.9,25.6,22.0
09/02/2019,7.9,30.3,25.3,21.9
10/02/2019,16.0,32.1,26.0,21.9
11/02/2019,4.2,30.6,25.9,22.2
12/02/2019,0.0,31.3,25.9,22.0
13/02/2019,4.4,31.1,25.5,21.5
14/02/2019,0.4,30.9,25.6,21.6
15/02/2019,3.7,30.1,25.3,21.7
16/02/2019,0.0,32.1,26.5,22.5
17/02/2019,0.0,30.0,25.6,22.2
18/02/2019,15.4,28.1,24.8,21.7
19/02/2019,2.5,31.1,25.7,19.1
20/02/2019,4.5,30.9,26.0,22.0
21/02/2019,1.7,31.6,26.2,22.2
22/02/2019,0.0,31.3,26.1,21.5
23/02/2019,32.1,28.4,24.7,21.9
24/02/2019,3.3,30.3,25.6,21.9
25/02/2019,10.2,27.8,24.2,21.9
26/02/2019,21.2,28.4,24.8,21.9
27/02/2019,7.5,27.9,24.8,21.6
28/02/2019,1.4,27.7,25.0,21.5
01/03/2019,0.0,30.1,26.0,21.9
02/03/2019,32.4,29.8,25.4,21.8
03/03/2019,0.0,32.2,26.1,21.5
04/03/2019,0.0,30.6,25.8,22.0
05/03/2019,0.0,31.3,26.2,22.2
06/03/2019,0.0,30.5,25.9,21.5
07/03/2019,0.0,30.1,25.1,21.8
08/03/2019,0.0,32.1,26.2,22.0
09/03/2019,43.0,28.8,24.7,21.5
10/03/2019,5.1,30.3,25.7,21.7
11/03/2019,0.0,27.7,24.7,21.6
12/03/2019,42.8,30.8,25.9,21.5
13/03/2019,1.7,28.4,24.9,22.1
14/03/2019,1.6,30.3,25.4,21.8
15/03/2019,2.3,30.5,26.1,22.5
16/03/2019,0.0,30.6,25.9,22.2
17/03/2019,0.0,31.7,26.4,22.0
18/03/2019,0.0,30.3,26.3,22.5
19/03/2019,4.0,30.9,26.1,22.9
20/03/2019,28.3,29.3,25.1,21.8
21/03/2019,17.6,32.1,26.7,22.5
22/03/2019,0.0,30.8,26.1,22.7
23/03/2019,7.5,30.6,25.5,21.9
24/03/2019,12.2,30.1,25.4,21.5
25/03/2019,8.6,29.6,24.5,22.0
26/03/2019,5.6,30.6,25.5,21.9
27/03/2019,14.4,30.2,25.4,21.5
28/03/2019,0.0,29.9,25.6,22.0
29/03/2019,5.5,31.3,25.9,22.0
30/03/2019,3.0,30.5,25.6,21.5
31/03/2019,99.0,29.6,25.1,21.6
01/04/2019,0.0,31.9,26.0,21.9
02/04/2019,15.0,28.7,25.3,21.5
03/04/2019,8.2,29.9,25.6,21.9
04/04/2019,0.0,29.9,25.5,22.0
05/04/2019,1.8,28.7,25.1,21.5
06/04/2019,0.0,31.1,26.4,22.3
07/04/2019,0.0,29.3,25.4,21.9
08/04/2019,5.6,30.3,25.6,21.5
09/04/2019,72.4,27.9,24.3,21.3
10/04/2019,9.0,30.3,25.5,21.9
11/04/2019,0.0,32.2,26.2,22.0
12/04/2019,0.0,31.0,26.3,22.8
13/04/2019,2.0,30.8,26.2,22.6
14/04/2019,2.9,32.4,26.5,22.2
15/04/2019,2.4,30.4,26.1,22.3
16/04/2019,3.2,27.9,24.9,21.9
17/04/2019,3.0,31.0,26.1,22.4
18/04/2019,0.0,32.2,26.7,22.7
19/04/2019,0.0,32.6,26.6,22.3
20/04/2019,10.8,30.4,25.7,21.8
21/04/2019,0.0,30.7,26.0,22.2
22/04/2019,0.0,31.5,26.2,22.2
23/04/2019,0.0,30.3,25.4,22.0
24/04/2019,7.2,30.7,25.8,22.5
25/04/2019,2.0,30.9,26.1,22.3
26/04/2019,8.3,30.6,25.6,21.9
27/04/2019,4.9,29.6,25.5,22.2
28/04/2019,12.3,30.2,25.8,22.6
29/04/2019,6.0,30.9,26.0,22.5
30/04/2019,0.0,31.7,26.1,22.1
01/05/2019,40.6,31.3,26.0,22.0
02/05/2019,6.1,30.4,25.7,21.9
03/05/2019,6.4,30.0,26.1,22.7
04/05/2019,4.2,32.1,26.2,22.3
05/05/2019,0.0,30.3,26.3,22.7
06/05/2019,11.3,29.6,26.0,22.4
07/05/2019,2.6,32.2,26.6,22.5
08/05/2019,3.5,31.3,26.0,22.1
09/05/2019,0.0,32.2,26.7,22.5
10/05/2019,26.2,29.8,25.0,22.0
11/05/2019,4.2,30.9,26.0,22.5
12/05/2019,0.0,32.2,26.4,22.2
13/05/2019,3.7,31.9,25.9,22.1
14/05/2019,0.0,32.4,26.8,22.8
15/05/2019,25.0,31.0,25.5,22.0
16/05/2019,25.2,30.4,25.3,21.3
17/05/2019,39.3,30.1,25.5,21.6
18/05/2019,0.0,30.9,26.1,22.2
19/05/2019,0.0,30.4,26.2,22.7
20/05/2019,9.1,30.1,25.4,21.6
21/05/2019,79.6,29.1,24.7,21.3
22/05/2019,13.6,29.0,25.4,22.0
23/05/2019,2.8,31.1,26.1,22.4
24/05/2019,0.0,31.9,26.4,22.5
25/05/2019,0.0,32.2,26.5,22.6
26/05/2019,0.0,30.9,25.7,22.2
27/05/2019,0.0,31.1,26.4,22.7
28/05/2019,1.0,31.6,26.4,22.6
29/05/2019,13.0,31.9,26.0,22.0
30/05/2019,11.8,30.4,25.7,22.0
31/05/2019,1.6,30.9,26.1,22.3
01/06/2019,9.7,31.2,25.6,21.9
02/06/2019,1.8,31.7,26.2,22.0
03/06/2019,0.0,30.8,26.1,21.6
04/06/2019,0.0,31.4,26.4,21.6
05/06/2019,0.0,32.2,26.6,22.5
06/06/2019,2.0,32.4,26.7,23.0
07/06/2019,0.0,31.0,26.4,22.4
08/06/2019,0.0,31.0,25.4,21.6
09/06/2019,10.9,31.3,25.8,21.9
10/06/2019,2.3,31.6,26.0,22.4
11/06/2019,4.4,31.4,26.4,22.4
12/06/2019,5.0,31.0,25.8,22.8
13/06/2019,8.3,31.9,26.0,22.0
14/06/2019,0.0,30.3,25.8,22.2
15/06/2019,17.0,29.9,25.2,21.5
16/06/2019,1.5,29.2,25.1,21.5
17/06/2019,1.4,32.2,26.5,21.9
18/06/2019,0.0,31.9,26.7,22.3
19/06/2019,19.6,30.9,25.7,21.9
20/06/2019,0.5,31.2,26.5,21.9
21/06/2019,5.6,31.7,26.0,22.0
22/06/2019,0.0,32.1,26.2,22.0
23/06/2019,3.8,31.4,26.2,22.1
24/06/2019,0.0,31.3,26.2,21.9
25/06/2019,1.3,30.6,25.9,22.0
26/06/2019,1.6,31.9,26.4,22.2
27/06/2019,0.0,31.1,26.4,22.5
28/06/2019,2.4,31.4,26.8,22.3
29/06/2019,0.0,31.6,26.1,22.0
30/06/2019,4.1,32.1,26.9,22.3
01/07/2019,0.0,32.3,26.8,22.4
02/07/2019,0.0,31.8,26.7,22.7
03/07/2019,3.6,31.6,26.0,21.9
04/07/2019,0.0,31.9,25.6,22.0
05/07/2019,3.7,32.2,26.4,22.0
06/07/2019,0.0,33.0,27.2,22.7
07/07/2019,0.0,32.6,26.8,22.3
08/07/2019,7.4,32.3,26.2,22.0
09/07/2019,0.0,32.2,26.6,22.2
10/07/2019,0.0,31.4,26.0,22.3
11/07/2019,0.0,32.2,26.3,22.6
12/07/2019,0.0,31.9,26.4,22.6
13/07/2019,0.0,32.4,26.2,22.0
14/07/2019,1.6,31.8,26.2,22.0
15/07/2019,0.0,32.3,26.4,22.2
16/07/2019,0.0,31.6,26.3,22.8
17/07/2019,4.7,29.1,25.0,21.9
18/07/2019,1.4,32.6,26.2,21.8
19/07/2019,0.0,31.7,25.9,22.0
20/07/2019,1.4,32.2,26.5,22.0
21/07/2019,0.0,30.6,25.9,22.3
22/07/2019,0.0,32.6,26.7,22.4
23/07/2019,0.0,32.6,26.7,23.1
24/07/2019,2.6,33.7,27.2,22.7
25/07/2019,0.0,32.2,26.2,22.5
26/07/2019,1.3,32.5,26.8,22.3
27/07/2019,0.0,32.8,26.6,22.6
28/07/2019,1.2,32.6,26.6,22.2
29/07/2019,0.0,33.7,27.0,22.4
30/07/2019,1.6,31.9,26.8,22.8
31/07/2019,1.2,33.3,26.9,22.6
01/08/2019,13.2,32.9,26.5,22.7
02/08/2019,0.0,33.4,27.1,22.8
03/08/2019,1.6,34.2,26.8,21.9
04/08/2019,0.0,33.6,27.2,23.1
05/08/2019,0.0,30.3,25.6,22.0
06/08/2019,19.2,30.1,25.4,21.8
07/08/2019,3.5,32.2,26.2,22.0
08/08/2019,0.0,33.3,26.7,21.9
09/08/2019,0.0,33.1,26.7,22.0
10/08/2019,0.0,33.6,26.7,22.3
11/08/2019,0.0,33.8,26.6,21.0
12/08/2019,0.0,32.1,26.8,23.0
13/08/2019,0.0,33.6,27.1,22.8
14/08/2019,0.0,33.1,26.8,22.7
15/08/2019,0.0,33.6,26.8,22.2
16/08/2019,0.0,31.5,26.4,21.4
17/08/2019,5.7,32.0,26.6,21.8
18/08/2019,0.0,33.1,26.5,22.1
19/08/2019,10.2,33.4,26.6,22.0
20/08/2019,0.0,34.1,27.3,22.6
21/08/2019,0.0,33.2,27.3,22.5
22/08/2019,0.0,33.6,26.8,22.6
23/08/2019,11.8,33.3,26.8,22.5
24/08/2019,0.0,33.3,26.7,22.1
25/08/2019,0.0,33.5,27.0,22.2
26/08/2019,0.0,32.0,26.8,22.3
27/08/2019,0.0,34.1,27.7,22.4
28/08/2019,0.0,33.6,27.2,22.7
29/08/2019,0.0,34.3,27.8,23.0
30/08/2019,0.0,33.8,27.3,23.3
31/08/2019,0.0,33.5,27.1,23.0
01/09/2019,0.0,34.1,27.1,22.0
02/09/2019,0.0,34.8,28.0,23.5
03/09/2019,0.0,34.1,27.6,23.2
04/09/2019,0.0,34.6,27.6,23.3
05/09/2019,0.0,34.4,27.5,22.8
06/09/2019,0.0,34.6,27.9,23.5
07/09/2019,0.0,34.9,27.8,23.5
08/09/2019,1.6,33.6,27.1,22.0
09/09/2019,9.6,33.9,27.0,22.2
10/09/2019,0.0,33.7,27.2,22.9
11/09/2019,2.3,34.0,27.5,23.3
12/09/2019,0.0,34.4,27.5,23.1
13/09/2019,0.0,34.6,27.6,23.4
14/09/2019,0.0,34.6,27.8,23.5
15/09/2019,0.0,35.3,28.1,23.6
16/09/2019,1.0,35.0,28.1,23.6
17/09/2019,0.0,35.2,28.3,23.7
18/09/2019,0.0,34.4,28.0,23.8
19/09/2019,0.0,33.9,27.9,23.4
20/09/2019,0.0,35.0,28.2,23.5
21/09/2019,0.0,35.2,28.4,23.4
22/09/2019,0.0,34.9,28.1,23.5
23/09/2019,0.0,35.5,28.3,23.6
24/09/2019,0.0,34.6,26.9,22.9
25/09/2019,2.4,34.4,27.8,23.0
26/09/2019,0.0,34.3,27.7,23.2
27/09/2019,1.3,33.8,27.2,22.8
28/09/2019,21.4,33.5,26.8,22.9
29/09/2019,0.0,33.0,26.6,22.6
30/09/2019,5.2,32.9,27.0,22.8
01/10/2019,0.0,34.4,27.6,23.0
02/10/2019,0.0,34.0,27.6,23.1
03/10/2019,0.0,33.6,27.6,23.4
04/10/2019,0.0,33.9,27.9,23.4
05/10/2019,0.0,35.4,28.5,23.5
06/10/2019,0.0,35.4,26.9,23.3
07/10/2019,15.4,30.0,25.8,22.9
08/10/2019,4.8,33.4,27.4,22.8
09/10/2019,9.8,31.9,26.1,22.3
10/10/2019,0.0,32.3,26.8,22.8
11/10/2019,0.0,33.3,27.5,22.9
12/10/2019,0.0,33.1,27.4,23.2
13/10/2019,0.0,34.4,28.0,23.4
14/10/2019,0.0,34.2,27.5,23.0
15/10/2019,0.0,32.2,26.6,22.7
16/10/2019,5.6,31.9,26.6,22.3
17/10/2019,0.0,33.4,27.4,22.8
18/10/2019,18.3,31.0,26.0,22.0
19/10/2019,1.5,32.7,26.6,22.6
20/10/2019,0.0,34.1,26.9,22.3
21/10/2019,0.0,33.3,26.9,22.2
22/10/2019,0.0,30.7,25.7,22.0
23/10/2019,7.4,31.9,26.4,22.6
24/10/2019,0.0,32.8,27.3,22.8
25/10/2019,0.0,33.7,27.6,22.9
26/10/2019,0.0,33.3,26.7,22.0
27/10/2019,0.0,31.9,26.9,22.4
28/10/2019,0.0,,27.6,22.6
29/10/2019,0.0,34.0,28.0,23.4
30/10/2019,0.0,33.4,27.5,23.2
31/10/2019,0.0,33.9,27.2,22.8
01/11/2019,0.0,34.1,27.3,22.5
02/11/2019,0.0,34.0,27.3,22.9
03/11/2019,0.0,35.1,28.1,23.4
04/11/2019,22.9,31.4,26.0,22.7
05/11/2019,0.0,33.1,27.4,22.9
06/11/2019,0.0,33.8,27.9,23.5
07/11/2019,0.0,34.1,27.0,23.0
08/11/2019,0.0,33.8,27.5,23.3
09/11/2019,7.6,30.3,25.6,22.0
10/11/2019,0.0,32.4,27.1,22.7
11/11/2019,0.0,33.0,27.0,22.3
12/11/2019,0.0,34.3,27.7,22.9
13/11/2019,0.0,34.1,27.7,23.3
14/11/2019,1.3,31.7,26.0,22.0
15/11/2019,0.0,31.9,26.0,21.9
16/11/2019,0.0,29.9,26.3,22.9
17/11/2019,29.0,30.7,25.5,22.1
18/11/2019,1.2,30.9,25.7,22.6
19/11/2019,1.4,30.6,25.8,22.0
20/11/2019,0.0,33.1,26.7,22.2
21/11/2019,0.0,29.3,25.4,22.3
22/11/2019,1.6,31.8,26.1,22.3
23/11/2019,0.0,31.9,26.7,22.7
24/11/2019,0.0,33.1,27.5,22.9
25/11/2019,0.0,32.9,27.2,22.6
26/11/2019,0.0,32.6,26.8,22.5
27/11/2019,0.0,33.3,27.0,22.3
28/11/2019,0.0,32.7,27.4,22.6
29/11/2019,0.0,33.5,27.8,23.3
30/11/2019,0.0,33.8,27.8,22.9
01/12/2019,0.0,33.6,27.3,22.6
02/12/2019,0.0,34.1,27.4,22.7
03/12/2019,0.0,33.4,26.9,22.0
04/12/2019,0.0,32.4,27.3,24.0
05/12/2019,1.0,32.0,26.8,23.5
06/12/2019,0.0,32.0,26.9,23.0
07/12/2019,0.0,34.1,27.5,22.8
08/12/2019,0.0,32.7,26.8,22.9
09/12/2019,38.1,31.3,25.8,21.9
10/12/2019,0.0,32.2,27.0,22.8
11/12/2019,0.0,32.4,27.0,23.2
12/12/2019,1.1,32.6,27.4,23.2
13/12/2019,0.0,33.3,27.2,23.0
14/12/2019,0.0,32.6,27.1,23.1
15/12/2019,4.6,30.6,25.8,21.9
16/12/2019,0.6,31.9,26.6,22.6
17/12/2019,0.0,31.5,26.6,22.9
18/12/2019,0.0,33.2,27.2,22.8
19/12/2019,0.0,32.6,26.6,22.6
20/12/2019,0.0,32.8,27.3,22.9
21/12/2019,0.0,33.1,27.1,22.6
22/12/2019,0.0,33.3,27.3,22.9
23/12/2019,8.0,31.5,26.2,22.7
24/12/2019,0.0,33.2,27.4,22.9
25/12/2019,0.0,32.2,27.0,22.4
26/12/2019,11.8,29.9,25.3,21.8
27/12/2019,1.7,32.5,26.5,21.9
28/12/2019,19.3,30.9,25.7,21.6
29/12/2019,7.6,28.0,25.1,22.1
30/12/2019,3.3,28.8,25.4,22.2
31/12/2019,2.7,28.2,25.3,21.9
01/01/2020,11.7,29.2,25.5,22.0
02/01/2020,1.3,32.2,26.2,22.2
03/01/2020,42.1,27.9,24.6,21.4
04/01/2020,4.4,30.0,25.7,22.2
05/01/2020,2.0,31.0,25.9,21.5
06/01/2020,46.6,27.9,24.5,21.0
07/01/2020,13.0,32.2,26.2,22.0
08/01/2020,0.0,32.6,26.7,22.2
09/01/2020,0.0,32.1,26.5,22.3
10/01/2020,0.0,31.6,26.4,22.4
11/01/2020,1.0,32.4,26.6,22.7
12/01/2020,0.0,32.2,26.3,22.0
13/01/2020,9.6,30.9,25.6,22.0
14/01/2020,3.4,29.9,25.6,22.3
15/01/2020,0.0,31.6,26.2,22.6
16/01/2020,0.0,32.1,26.0,22.0
17/01/2020,0.0,31.9,26.3,22.5
18/01/2020,0.0,31.8,26.3,22.2
19/01/2020,0.0,31.3,26.4,22.0
20/01/2020,0.0,32.6,26.6,22.3
21/01/2020,12.2,29.8,25.4,22.3
22/01/2020,0.0,30.8,25.8,22.0
23/01/2020,0.0,31.2,26.2,22.4
24/01/2020,0.0,33.6,26.8,22.3
25/01/2020,0.0,34.1,27.6,23.0
26/01/2020,1.3,31.9,26.2,22.0
27/01/2020,5.9,30.9,26.4,21.8
28/01/2020,0.0,30.9,26.0,22.2
29/01/2020,1.0,30.4,25.2,21.8
30/01/2020,0.0,32.2,26.2,22.0
31/01/2020,0.0,30.7,25.4,21.6
01/02/2020,0.0,31.3,26.1,22.3
02/02/2020,0.0,31.9,26.3,22.2
03/02/2020,0.0,32.4,26.8,22.9
04/02/2020,40.6,31.0,,
05/02/2020,30.7,32.2,25.9,21.6
06/02/2020,0.0,31.7,26.1,22.0
07/02/2020,0.0,30.6,25.7,21.9
08/02/2020,5.1,28.9,,
09/02/2020,55.4,27.7,,
10/02/2020,12.9,29.7,,
11/02/2020,21.6,29.9,,
12/02/2020,7.7,29.3,,
13/02/2020,16.3,31.7,,
14/02/2020,34.4,31.9,,
15/02/2020,4.4,29.6,,
16/02/2020,2.7,32.0,,
17/02/2020,0.0,32.1,,
18/02/2020,1.3,33.1,,
19/02/2020,10.3,31.9,,
20/02/2020,23.3,28.3,,
21/02/2020,9.7,29.3,,
22/02/2020,5.7,27.7,,
23/02/2020,9.2,28.8,,
24/02/2020,3.9,31.7,,
25/02/2020,2.4,32.2,,
26/02/2020,3.3,30.6,,
27/02/2020,8.3,31.8,,
28/02/2020,0.0,32.2,,
29/02/2020,0.0,30.3,,
01/03/2020,12.8,30.1,,
02/03/2020,15.9,30.1,,
03/03/2020,6.6,29.9,,
04/03/2020,0.0,32.2,,
05/03/2020,6.2,29.4,,
06/03/2020,6.2,30.7,,
07/03/2020,0.0,32.6,,
08/03/2020,21.5,32.2,,
09/03/2020,11.0,28.1,,
10/03/2020,12.3,30.1,,
11/03/2020,1.0,32.0,,
12/03/2020,0.0,32.6,,
13/03/2020,0.0,33.1,,
14/03/2020,1.4,31.6,,
15/03/2020,92.6,28.4,,
16/03/2020,0.0,31.6,,
17/03/2020,0.0,32.9,,
18/03/2020,0.0,32.9,,
19/03/2020,1.4,28.3,,
20/03/2020,34.4,28.8,,
21/03/2020,0.0,32.4,,
22/03/2020,0.0,32.0,,
23/03/2020,0.0,32.2,,
24/03/2020,6.9,30.3,,
25/03/2020,23.6,33.4,,
26/03/2020,0.0,33.6,,
27/03/2020,0.0,33.2,,
28/03/2020,0.0,31.7,,
29/03/2020,0.0,31.9,,
30/03/2020,18.8,31.3,,
31/03/2020,1.3,29.9,,
01/04/2020,16.6,29.3,,
02/04/2020,10.4,31.0,,
03/04/2020,5.9,30.9,,
04/04/2020,25.0,31.9,,
05/04/2020,0.0,33.8,,
06/04/2020,3.4,32.2,,
07/04/2020,0.0,31.6,,
08/04/2020,0.0,31.0,,
09/04/2020,44.7,29.9,,
10/04/2020,0.0,32.4,,
11/04/2020,0.0,29.9,,
12/04/2020,10.1,32.1,,
13/04/2020,78.6,,,
14/04/2020,8.4,29.6,,
15/04/2020,21.2,26.8,,
16/04/2020,4.6,30.4,,
17/04/2020,29.1,30.6,,
18/04/2020,1.3,30.3,,
19/04/2020,6.3,28.8,,
20/04/2020,80.7,29.4,,
21/04/2020,38.4,30.9,,
22/04/2020,13.0,29.7,,
23/04/2020,5.1,29.9,,
24/04/2020,18.1,30.3,,
25/04/2020,1.3,31.7,,
26/04/2020,0.0,28.4,,
27/04/2020,36.8,29.0,,
28/04/2020,21.3,30.8,,
29/04/2020,9.9,30.1,,
30/04/2020,11.6,29.3,,
01/05/2020,0.0,30.7,,
02/05/2020,0.0,30.7,,
03/05/2020,22.5,31.8,,
04/05/2020,6.0,30.8,,
05/05/2020,5.5,32.4,,
06/05/2020,10.3,31.3,,
07/05/2020,13.3,30.3,,
08/05/2020,10.2,30.1,,
09/05/2020,20.0,31.8,,
10/05/2020,0.0,32.0,,
11/05/2020,0.0,30.2,,
12/05/2020,3.3,31.7,,
13/05/2020,13.3,31.9,,
14/05/2020,0.0,30.8,,
15/05/2020,0.0,31.0,,
16/05/2020,0.0,29.4,,
17/05/2020,4.1,30.6,,
18/05/2020,12.3,29.9,,
19/05/2020,13.7,31.3,,
20/05/2020,6.3,30.7,,
21/05/2020,3.6,30.6,,
22/05/2020,0.0,30.4,,
23/05/2020,19.6,30.8,,
24/05/2020,15.6,30.2,,
25/05/2020,28.4,30.6,,
26/05/2020,5.1,31.0,,
27/05/2020,0.0,30.8,,
28/05/2020,15.3,31.6,,
29/05/2020,0.0,32.2,,
30/05/2020,0.0,33.1,,
31/05/2020,17.4,32.2,,
01/06/2020,17.7,28.8,,
02/06/2020,16.8,30.3,,
03/06/2020,0.0,31.1,,
04/06/2020,0.0,32.1,,
05/06/2020,4.1,31.7,,
06/06/2020,6.2,29.9,,
07/06/2020,28.9,31.7,,
08/06/2020,0.0,31.9,,
09/06/2020,0.0,34.4,,
10/06/2020,0.0,32.4,,
11/06/2020,0.0,32.7,,
12/06/2020,0.0,31.7,,
13/06/2020,18.8,32.2,,
14/06/2020,0.0,33.6,,
15/06/2020,0.0,33.9,,
16/06/2020,0.0,32.4,,
17/06/2020,0.0,32.6,,
18/06/2020,2.2,31.9,,
19/06/2020,9.6,31.7,,
20/06/2020,9.8,31.4,,
21/06/2020,0.0,32.3,,
22/06/2020,0.0,31.7,,
23/06/2020,7.8,32.4,,
24/06/2020,0.0,33.3,,
25/06/2020,0.0,31.9,,
26/06/2020,5.6,31.7,,
27/06/2020,8.6,31.6,,
28/06/2020,10.9,29.4,,
29/06/2020,1.1,32.2,,
30/06/2020,2.2,30.3,,
01/07/2020,7.5,32.2,,
02/07/2020,0.0,30.9,,
03/07/2020,0.0,31.0,,
04/07/2020,0.0,31.7,,
05/07/2020,3.2,32.2,,
06/07/2020,2.3,33.1,,
07/07/2020,0.0,33.6,,
08/07/2020,0.0,31.5,,
09/07/2020,0.0,32.6,,
10/07/2020,0.0,32.1,,
11/07/2020,1.3,32.6,,
12/07/2020,2.3,32.5,,
13/07/2020,3.3,33.1,,
14/07/2020,0.0,27.9,,
15/07/2020,24.4,31.9,,
16/07/2020,0.0,33.6,,
17/07/2020,0.0,33.1,,
18/07/2020,0.0,33.6,,
19/07/2020,0.0,33.1,,
20/07/2020,0.0,33.3,,
21/07/2020,0.0,31.6,,
22/07/2020,14.6,31.3,,
23/07/2020,4.4,32.2,,
24/07/2020,0.0,33.3,,
25/07/2020,0.0,33.4,,
26/07/2020,0.0,34.1,,
27/07/2020,0.0,34.4,,
28/07/2020,0.0,34.1,,
29/07/2020,0.0,34.5,,
30/07/2020,0.0,34.6,,
31/07/2020,0.0,34.4,,
01/08/2020,0.0,34.1,,
02/08/2020,0.0,34.3,,
03/08/2020,0.0,34.6,,
04/08/2020,0.0,31.7,,
05/08/2020,10.6,31.6,,
06/08/2020,0.0,33.7,,
07/08/2020,0.0,33.9,,
08/08/2020,0.0,35.2,,
09/08/2020,0.0,33.7,,
10/08/2020,0.0,34.1,,
11/08/2020,0.0,34.4,,
12/08/2020,0.0,31.6,,
13/08/2020,0.0,31.8,,
14/08/2020,0.0,33.4,,
15/08/2020,0.0,34.4,,
16/08/2020,0.0,34.0,,
17/08/2020,0.0,34.6,,
18/08/2020,0.0,35.0,,
19/08/2020,0.0,33.6,,
20/08/2020,0.0,35.5,,
21/08/2020,0.0,34.8,,
22/08/2020,0.0,30.3,,
23/08/2020,58.7,28.8,,
24/08/2020,8.1,32.0,,
25/08/2020,0.0,34.3,,
26/08/2020,0.0,33.4,,
27/08/2020,9.5,29.1,,
28/08/2020,11.0,30.9,,
29/08/2020,9.6,31.3,,
30/08/2020,0.0,33.8,,
31/08/2020,0.0,33.8,,
01/09/2020,1.0,33.4,,
02/09/2020,0.0,32.7,,
03/09/2020,0.0,33.1,,
04/09/2020,0.0,33.9,,
05/09/2020,1.3,34.4,,
06/09/2020,0.0,34.4,,
07/09/2020,0.0,34.1,,
08/09/2020,0.0,34.3,,
09/09/2020,0.0,34.1,,
10/09/2020,0.0,34.6,,
11/09/2020,0.0,34.5,,
12/09/2020,0.0,34.7,,
13/09/2020,5.0,34.0,,
14/09/2020,0.0,27.4,,
15/09/2020,0.0,35.0,,
16/09/2020,0.0,34.1,,
17/09/2020,0.0,33.8,,
18/09/2020,0.0,34.0,,
19/09/2020,0.0,34.9,,
20/09/2020,0.0,34.7,,
21/09/2020,0.0,34.9,,
22/09/2020,0.0,35.0,,
23/09/2020,0.0,33.2,,
24/09/2020,0.0,33.8,,
25/09/2020,0.0,35.0,,
26/09/2020,0.0,31.9,,
27/09/2020,1.4,29.9,,
28/09/2020,17.4,33.8,,
29/09/2020,0.0,33.3,,
30/09/2020,0.0,33.9,,
01/10/2020,0.0,34.0,,
02/10/2020,0.0,34.9,,
03/10/2020,0.0,35.4,,
04/10/2020,0.0,34.3,,
05/10/2020,0.0,34.6,,
06/10/2020,0.0,34.5,,
07/10/2020,0.0,33.4,,
08/10/2020,0.0,35.4,,
09/10/2020,0.0,35.8,,
10/10/2020,0.0,35.5,,
11/10/2020,0.0,35.2,,
12/10/2020,0.0,34.3,,
13/10/2020,0.0,34.2,,
14/10/2020,0.0,34.5,,
15/10/2020,0.0,34.1,,
16/10/2020,0.0,35.2,,
17/10/2020,0.0,34.4,,
18/10/2020,0.0,34.0,,
19/10/2020,0.0,34.3,,
20/10/2020,0.0,34.1,,
21/10/2020,0.0,34.6,,
22/10/2020,0.0,34.0,,
23/10/2020,0.0,35.4,,
24/10/2020,0.0,34.4,,
25/10/2020,0.0,34.1,,
26/10/2020,0.0,34.4,,
27/10/2020,0.0,32.6,,
28/10/2020,0.0,34.4,,
29/10/2020,0.0,35.4,,
30/10/2020,0.0,32.3,,
31/10/2020,2.1,32.2,,
01/11/2020,0.0,34.3,,
02/11/2020,0.0,32.2,,
03/11/2020,0.0,32.9,,
04/11/2020,18.4,31.9,,
05/11/2020,0.0,29.2,,
06/11/2020,2.7,29.1,,
07/11/2020,2.4,30.7,,
08/11/2020,0.0,31.6,,
09/11/2020,0.0,33.4,,
10/11/2020,0.0,33.2,,
11/11/2020,0.0,32.8,,
12/11/2020,0.0,32.1,,
13/11/2020,1.6,31.3,,
14/11/2020,1.7,33.1,,
15/11/2020,0.0,33.1,,
16/11/2020,0.0,33.0,,
17/11/2020,0.0,34.0,,
18/11/2020,0.0,33.1,,
19/11/2020,13.4,30.3,,
20/11/2020,13.9,30.6,,
21/11/2020,0.0,31.1,,
22/11/2020,4.0,30.0,,
23/11/2020,0.0,31.4,,
24/11/2020,0.0,30.9,,
25/11/2020,0.0,32.3,,
26/11/2020,63.7,29.9,,
27/11/2020,1.0,30.1,,
28/11/2020,0.0,31.4,,
29/11/2020,0.0,32.4,,
30/11/2020,1.6,29.8,,
01/12/2020,0.0,32.2,,
02/12/2020,5.3,32.5,,
03/12/2020,0.0,32.1,,
04/12/2020,0.0,32.4,,
05/12/2020,0.0,32.9,,
06/12/2020,0.0,32.6,,
07/12/2020,0.0,33.1,,
08/12/2020,17.7,32.7,,
09/12/2020,0.0,29.8,,
10/12/2020,0.0,31.4,,
11/12/2020,0.0,31.2,,
12/12/2020,0.0,31.3,,
13/12/2020,0.0,32.2,,
14/12/2020,0.0,32.4,,
15/12/2020,0.0,31.0,,
16/12/2020,1.0,30.4,,
17/12/2020,0.0,31.6,,
18/12/2020,8.1,31.8,,
19/12/2020,0.0,32.2,,
20/12/2020,0.0,33.1,,
21/12/2020,10.7,32.0,,
22/12/2020,0.0,33.0,,
23/12/2020,0.0,33.0,,
24/12/2020,3.6,31.9,,
25/12/2020,42.2,28.1,,
26/12/2020,4.3,31.6,,
27/12/2020,0.0,30.6,,
28/12/2020,0.0,30.1,,
29/12/2020,7.6,26.9,,
30/12/2020,1.8,29.9,,
31/12/2020,3.1,29.7,,
01/01/2021,0.0,29.6,,
02/01/2021,0.0,31.7,,
03/01/2021,9.7,28.8,,
04/01/2021,1.3,31.3,,
05/01/2021,0.0,30.3,,
06/01/2021,3.6,32.2,,
07/01/2021,0.0,32.3,,
08/01/2021,0.0,27.7,,
09/01/2021,1.6,31.7,,
10/01/2021,1.7,32.2,,
11/01/2021,9.6,31.9,,
12/01/2021,3.7,32.6,,
13/01/2021,6.8,32.1,,
14/01/2021,0.0,32.1,,
15/01/2021,0.0,31.6,,
16/01/2021,0.0,32.2,,
17/01/2021,0.0,31.8,,
18/01/2021,0.0,31.8,,
19/01/2021,0.0,32.7,,
20/01/2021,3.3,29.9,,
21/01/2021,19.8,27.3,,
22/01/2021,11.2,27.4,,
23/01/2021,1.0,30.6,,
24/01/2021,0.0,30.4,,
25/01/2021,7.2,29.9,,
26/01/2021,26.2,30.3,,
27/01/2021,0.0,29.7,,
28/01/2021,13.6,27.2,,
29/01/2021,10.4,30.6,,
30/01/2021,0.0,29.6,,
31/01/2021,1.6,29.9,,
01/02/2021,0.0,31.6,,
02/02/2021,0.0,30.8,,
03/02/2021,0.0,31.8,,
04/02/2021,0.0,32.2,,
05/02/2021,0.0,33.4,,
06/02/2021,0.0,35.3,,
07/02/2021,0.0,31.3,,
08/02/2021,1.6,31.8,,
09/02/2021,49.0,29.2,,
10/02/2021,33.6,28.4,,
11/02/2021,22.1,29.7,,
12/02/2021,3.6,32.7,,
13/02/2021,1.3,33.3,,
14/02/2021,12.0,26.8,,
15/02/2021,63.2,28.4,,
16/02/2021,20.4,28.8,,
17/02/2021,0.0,30.1,,
18/02/2021,1.3,29.3,,
19/02/2021,0.0,33.3,,
20/02/2021,0.0,28.9,,
21/02/2021,8.3,29.2,,
22/02/2021,0.0,29.4,,
23/02/2021,9.8,31.6,,
24/02/2021,0.0,33.4,,
25/02/2021,10.6,33.1,,
26/02/2021,13.4,30.8,,
27/02/2021,7.6,30.4,,
28/02/2021,8.5,30.2,,
01/03/2021,94.7,29.1,,
02/03/2021,3.7,28.8,,
03/03/2021,37.2,29.0,,
04/03/2021,13.9,28.9,,
05/03/2021,0.0,30.8,,
06/03/2021,11.3,30.8,,
07/03/2021,0.0,31.3,,
08/03/2021,6.2,30.7,,
09/03/2021,18.6,27.7,,
10/03/2021,56.3,28.7,,
11/03/2021,41.8,28.4,,
12/03/2021,42.4,26.3,,
13/03/2021,3.2,31.7,,
14/03/2021,0.0,30.9,,
15/03/2021,0.0,32.2,,
16/03/2021,0.0,31.1,,
17/03/2021,0.0,30.5,,
18/03/2021,0.0,29.4,,
19/03/2021,33.0,31.9,,
20/03/2021,0.0,31.9,,
21/03/2021,32.6,28.8,,
22/03/2021,10.6,31.0,,
23/03/2021,0.0,31.2,,
24/03/2021,2.4,28.7,,
25/03/2021,44.7,29.1,,
26/03/2021,0.0,31.6,,
27/03/2021,0.0,32.6,,
28/03/2021,0.0,30.4,,
29/03/2021,0.0,31.4,,
30/03/2021,0.0,31.4,,
31/03/2021,0.0,32.3,,
01/04/2021,10.7,30.9,,
02/04/2021,17.3,29.9,,
03/04/2021,4.8,31.2,,
04/04/2021,0.0,32.1,,
05/04/2021,21.3,29.4,,
06/04/2021,35.5,32.2,,
07/04/2021,0.0,33.3,,
08/04/2021,0.0,33.7,,
09/04/2021,0.0,30.9,,
10/04/2021,0.0,31.0,,
11/04/2021,9.8,28.3,,
12/04/2021,15.6,32.2,,
13/04/2021,2.2,30.3,,
14/04/2021,5.6,33.6,,
15/04/2021,3.6,29.9,,
16/04/2021,0.0,31.1,,
17/04/2021,0.0,30.8,,
18/04/2021,24.6,27.7,,
19/04/2021,38.9,30.9,,
20/04/2021,0.0,27.7,,
21/04/2021,22.7,30.9,,
22/04/2021,0.0,31.7,,
23/04/2021,0.0,31.2,,
24/04/2021,7.5,32.2,,
25/04/2021,0.0,30.3,,
26/04/2021,6.6,29.7,,
27/04/2021,0.0,30.0,,
28/04/2021,4.3,30.4,,
29/04/2021,20.3,30.8,,
30/04/2021,3.1,29.3,,
01/05/2021,39.0,28.8,,
02/05/2021,11.6,30.3,,
03/05/2021,14.5,31.0,,
04/05/2021,20.8,31.5,,
05/05/2021,27.2,27.8,,
06/05/2021,31.5,30.6,,
07/05/2021,0.0,31.3,,
08/05/2021,6.8,29.9,,
09/05/2021,3.2,31.0,,
10/05/2021,0.0,29.1,,
11/05/2021,7.4,29.2,,
12/05/2021,5.3,30.3,,
13/05/2021,13.1,31.6,,
14/05/2021,3.6,29.9,,
15/05/2021,0.0,30.7,,
16/05/2021,13.0,29.9,,
17/05/2021,10.1,30.4,,
18/05/2021,0.0,31.7,,
19/05/2021,0.0,32.2,,
20/05/2021,0.0,32.6,,
21/05/2021,0.0,31.9,,
22/05/2021,0.0,31.0,,
23/05/2021,0.0,31.9,,
24/05/2021,0.0,30.3,,
25/05/2021,14.1,31.3,,
26/05/2021,2.3,32.7,,
27/05/2021,0.0,32.1,,
28/05/2021,0.0,33.2,,
29/05/2021,1.6,31.4,,
30/05/2021,0.0,33.3,,
31/05/2021,0.0,32.2,,
01/06/2021,4.6,30.3,,
02/06/2021,4.0,32.4,,
03/06/2021,0.0,31.4,,
04/06/2021,11.6,30.9,,
05/06/2021,0.0,31.3,,
06/06/2021,6.6,31.7,,
07/06/2021,0.0,31.6,,
08/06/2021,49.6,32.0,,
09/06/2021,0.0,31.7,,
10/06/2021,11.0,28.4,,
11/06/2021,5.4,29.2,,
12/06/2021,0.0,31.7,,
13/06/2021,0.0,30.3,,
14/06/2021,2.6,31.9,,
15/06/2021,3.3,30.9,,
16/06/2021,16.3,30.6,,
17/06/2021,0.0,29.7,,
18/06/2021,1.6,29.7,,
19/06/2021,4.4,30.3,,
20/06/2021,4.1,30.6,,
21/06/2021,1.0,32.0,,
22/06/2021,0.0,30.6,,
23/06/2021,9.8,30.3,,
24/06/2021,1.6,32.3,,
25/06/2021,0.0,33.3,,
26/06/2021,0.0,31.4,,
27/06/2021,0.0,30.2,,
28/06/2021,11.3,30.0,,
29/06/2021,4.6,32.2,,
30/06/2021,0.0,33.3,,
01/07/2021,0.0,33.4,,
02/07/2021,19.0,29.2,,
03/07/2021,23.2,28.8,,
04/07/2021,,,,
05/07/2021,33.0,28.3,,
06/07/2021,50.2,28.6,,
07/07/2021,9.1,28.9,,
08/07/2021,2.6,29.4,,
09/07/2021,0.0,31.6,,
10/07/2021,0.0,30.1,,
11/07/2021,,,,
12/07/2021,2.6,30.3,,
13/07/2021,0.0,32.2,,
14/07/2021,1.6,31.7,,
15/07/2021,0.0,33.3,,
16/07/2021,0.0,33.1,,
17/07/2021,0.0,33.4,,
18/07/2021,,,,
19/07/2021,2.2,31.3,,
20/07/2021,17.3,29.6,,
21/07/2021,6.6,30.6,,
22/07/2021,0.0,31.7,,
23/07/2021,7.1,31.3,,
24/07/2021,0.0,33.3,,
25/07/2021,,,,
26/07/2021,0.0,33.6,,
27/07/2021,0.0,33.3,,
28/07/2021,0.0,33.7,,
29/07/2021,0.0,33.1,,
30/07/2021,0.0,29.6,,
31/07/2021,36.4,29.4,,
01/08/2021,12.1,32.6,,
02/08/2021,25.0,30.7,,
03/08/2021,20.3,31.0,,
04/08/2021,10.5,32.9,,
05/08/2021,0.0,32.5,,
06/08/2021,0.0,32.2,,
07/08/2021,0.0,33.6,,
08/08/2021,0.0,33.1,,
09/08/2021,0.0,32.2,,
10/08/2021,0.0,33.4,,
11/08/2021,8.1,33.7,,
12/08/2021,13.6,33.5,,
13/08/2021,2.9,32.2,,
14/08/2021,6.1,29.3,,
15/08/2021,30.1,29.7,,
16/08/2021,3.5,30.4,,
17/08/2021,22.7,32.4,,
18/08/2021,0.0,33.3,,
19/08/2021,0.0,33.7,,
20/08/2021,0.0,32.7,,
21/08/2021,3.3,33.2,,
22/08/2021,0.0,33.1,,
23/08/2021,0.0,32.8,,
24/08/2021,0.0,33.1,,
25/08/2021,0.0,33.3,,
26/08/2021,0.0,33.1,,
27/08/2021,0.0,33.8,,
28/08/2021,0.0,33.5,,
29/08/2021,0.0,32.9,,
30/08/2021,0.0,33.1,,
31/08/2021,0.0,33.6,,
01/09/2021,2.1,33.3,,
02/09/2021,0.0,30.9,,
03/09/2021,4.0,31.4,,
04/09/2021,0.0,33.4,,
05/09/2021,,,,
06/09/2021,0.0,32.6,,
07/09/2021,0.0,33.9,,
08/09/2021,0.0,34.4,,
09/09/2021,0.0,31.8,,
10/09/2021,0.0,35.2,,
11/09/2021,0.0,33.5,,
12/09/2021,,,,
13/09/2021,13.2,33.9,,
14/09/2021,0.0,34.4,,
15/09/2021,0.0,34.0,,
16/09/2021,0.0,33.4,,
17/09/2021,0.0,33.6,,
18/09/2021,0.0,33.4,,
19/09/2021,,,,
20/09/2021,2.6,33.4,,
21/09/2021,0.0,33.6,,
22/09/2021,0.0,33.9,,
23/09/2021,0.0,34.2,,
24/09/2021,0.0,32.7,,
25/09/2021,0.0,34.3,,
26/09/2021,,,,
27/09/2021,0.0,34.1,,
28/09/2021,0.0,33.4,,
29/09/2021,2.4,32.7,,
30/09/2021,0.0,34.4,,
01/10/2021,0.0,33.2,,
02/10/2021,2.1,28.8,,
03/10/2021,4.8,32.7,,
04/10/2021,0.0,33.3,,
05/10/2021,0.0,33.5,,
06/10/2021,0.0,32.9,,
07/10/2021,0.0,34.2,,
08/10/2021,0.0,33.9,,
09/10/2021,0.0,34.1,,
10/10/2021,0.0,34.4,,
11/10/2021,0.0,33.7,,
12/10/2021,0.0,35.2,,
13/10/2021,0.0,35.4,,
14/10/2021,0.0,34.1,,
15/10/2021,0.0,34.4,,
16/10/2021,0.0,,,
17/10/2021,2.6,34.9,,
18/10/2021,2.8,31.1,,
19/10/2021,0.0,28.8,,
20/10/2021,26.6,30.7,,
21/10/2021,2.2,32.1,,
22/10/2021,24.1,29.9,,
23/10/2021,3.1,29.7,,
24/10/2021,1.2,31.3,,
25/10/2021,0.0,33.4,,
26/10/2021,0.0,32.3,,
27/10/2021,18.8,29.7,,
28/10/2021,20.8,31.6,,
29/10/2021,0.0,32.2,,
30/10/2021,2.5,32.0,,
31/10/2021,0.0,33.4,,
01/11/2021,0.0,33.7,,
02/11/2021,7.7,28.8,,
03/11/2021,10.3,31.3,,
04/11/2021,0.0,32.4,,
05/11/2021,0.0,33.6,,
06/11/2021,0.0,33.7,,
07/11/2021,0.0,32.2,,
08/11/2021,1.6,31.7,,
09/11/2021,98.4,29.7,,
10/11/2021,44.8,31.4,,
11/11/2021,0.0,31.9,,
12/11/2021,0.0,32.4,,
13/11/2021,0.0,32.5,,
14/11/2021,0.0,33.1,,
15/11/2021,19.7,31.4,,
16/11/2021,0.0,29.9,,
17/11/2021,4.2,30.7,,
18/11/2021,0.0,31.9,,
19/11/2021,0.0,30.7,,
20/11/2021,5.0,28.8,,
21/11/2021,20.7,30.9,,
22/11/2021,6.2,29.4,,
23/11/2021,0.0,32.7,,
24/11/2021,0.0,32.3,,
25/11/2021,0.0,32.6,,
26/11/2021,16.6,30.3,,
27/11/2021,2.6,32.5,,
28/11/2021,0.0,31.9,,
29/11/2021,0.0,32.4,,
30/11/2021,0.0,32.1,,
01/12/2021,0.0,32.8,,
02/12/2021,0.0,32.4,,
03/12/2021,1.6,28.7,,
04/12/2021,17.4,29.1,,
05/12/2021,18.4,30.4,,
06/12/2021,5.0,30.4,,
07/12/2021,7.0,28.8,,
08/12/2021,2.1,31.7,,
09/12/2021,0.0,32.7,,
10/12/2021,0.0,31.7,,
11/12/2021,1.3,28.4,,
12/12/2021,17.6,30.1,,
13/12/2021,0.0,32.1,,
14/12/2021,0.0,33.3,,
15/12/2021,0.0,33.1,,
16/12/2021,0.0,31.5,,
17/12/2021,0.0,31.8,,
18/12/2021,16.0,31.0,,
19/12/2021,0.0,31.9,,
20/12/2021,35.2,29.8,,
21/12/2021,2.1,31.3,,
22/12/2021,0.0,31.9,,
23/12/2021,0.0,31.8,,
24/12/2021,3.6,32.0,,
25/12/2021,15.9,28.9,,
26/12/2021,0.0,30.6,,
27/12/2021,0.0,30.6,,
28/12/2021,0.0,30.7,,
29/12/2021,0.0,32.0,,
30/12/2021,0.0,32.3,,
31/12/2021,2.2,30.6,,
01/01/2022,45.7,28.6,,
02/01/2022,1.6,31.2,,
03/01/2022,7.2,27.8,,
04/01/2022,37.7,28.0,,
05/01/2022,18.0,30.8,,
06/01/2022,8.8,30.3,,
07/01/2022,42.9,30.9,,
08/01/2022,63.2,27.3,,
09/01/2022,2.6,29.2,,
10/01/2022,11.0,29.8,,
11/01/2022,0.0,31.0,,
12/01/2022,11.1,28.8,,
13/01/2022,0.0,32.2,,
14/01/2022,0.0,32.6,,
15/01/2022,0.0,31.9,,
16/01/2022,0.0,31.9,,
17/01/2022,0.0,32.3,,
18/01/2022,1.4,30.5,,
19/01/2022,3.1,32.7,,
20/01/2022,0.0,33.3,,
21/01/2022,0.0,32.0,,
22/01/2022,0.0,32.5,,
23/01/2022,0.0,29.9,,
24/01/2022,6.4,30.3,,
25/01/2022,1.4,32.1,,
26/01/2022,10.6,29.9,,
27/01/2022,2.1,29.4,,
28/01/2022,0.0,30.5,,
29/01/2022,25.2,26.9,,
30/01/2022,6.4,29.6,,
31/01/2022,9.6,29.8,,
01/02/2022,1.6,30.3,,
02/02/2022,4.4,29.8,,
03/02/2022,7.4,30.9,,
04/02/2022,5.2,30.1,,
05/02/2022,0.0,29.3,,
06/02/2022,20.6,28.9,,
07/02/2022,19.4,30.1,,
08/02/2022,0.0,29.9,,
09/02/2022,12.7,28.9,,
10/02/2022,0.0,27.7,,
11/02/2022,32.3,29.3,,
12/02/2022,27.3,29.1,,
13/02/2022,0.0,30.1,,
14/02/2022,0.0,30.8,,
15/02/2022,4.0,26.9,,
16/02/2022,46.6,30.2,,
17/02/2022,1.3,31.3,,
18/02/2022,0.0,30.3,,
19/02/2022,3.1,27.7,,
20/02/2022,10.1,30.8,,
21/02/2022,4.6,31.0,,
22/02/2022,14.8,31.1,,
23/02/2022,21.3,30.6,,
24/02/2022,0.0,29.1,,
25/02/2022,11.3,31.7,,
26/02/2022,3.8,29.4,,
27/02/2022,8.7,30.8,,
28/02/2022,0.0,30.8,,
01/03/2022,5.1,29.9,,
02/03/2022,3.3,31.7,,
03/03/2022,0.0,32.2,,
04/03/2022,0.0,31.4,,
05/03/2022,19.3,27.6,,
06/03/2022,12.7,32.0,,
07/03/2022,0.0,32.7,,
08/03/2022,0.0,33.1,,
09/03/2022,62.7,26.8,,
10/03/2022,15.8,31.2,,
11/03/2022,0.0,27.9,,
12/03/2022,5.5,31.4,,
13/03/2022,0.0,29.9,,
14/03/2022,44.9,27.7,,
15/03/2022,9.1,30.3,,
16/03/2022,0.0,31.0,,
17/03/2022,6.6,31.4,,
18/03/2022,2.0,29.3,,
19/03/2022,25.7,30.4,,
20/03/2022,0.0,31.7,,
21/03/2022,7.6,28.8,,
22/03/2022,9.8,30.0,,
23/03/2022,7.0,31.4,,
24/03/2022,9.8,32.0,,
25/03/2022,0.0,32.2,,
26/03/2022,2.1,31.9,,
27/03/2022,4.1,32.1,,
28/03/2022,53.2,27.7,,
29/03/2022,5.3,30.6,,
30/03/2022,10.5,25.8,23.7,22.0
31/03/2022,24.1,29.1,,
01/04/2022,1.3,30.3,,
02/04/2022,0.0,30.1,,
03/04/2022,24.8,28.4,,
04/04/2022,13.8,30.9,,
05/04/2022,36.8,30.9,,
06/04/2022,0.0,32.4,,
07/04/2022,4.6,33.1,,
08/04/2022,1.6,31.9,,
09/04/2022,7.2,31.0,,
10/04/2022,11.8,30.5,,
11/04/2022,5.5,31.4,,
12/04/2022,9.6,30.7,,
13/04/2022,0.0,33.1,,
14/04/2022,0.0,32.9,,
15/04/2022,0.0,31.4,,
16/04/2022,0.0,30.9,,
17/04/2022,12.7,27.1,,
18/04/2022,3.3,30.6,,
19/04/2022,0.0,31.9,,
20/04/2022,0.0,29.3,,
21/04/2022,73.0,28.4,,
22/04/2022,31.8,30.4,,
23/04/2022,0.0,30.7,,
24/04/2022,3.2,32.6,,
25/04/2022,0.0,33.0,,
26/04/2022,0.0,31.9,,
27/04/2022,4.6,31.4,,
28/04/2022,0.0,30.9,,
29/04/2022,3.8,29.7,,
30/04/2022,2.0,30.3,,
01/05/2022,0.0,30.3,,
02/05/2022,19.4,30.7,,
03/05/2022,1.6,31.0,,
04/05/2022,41.4,31.4,,
05/05/2022,16.3,32.2,,
06/05/2022,4.2,30.8,,
07/05/2022,2.2,31.3,,
08/05/2022,4.1,31.3,,
09/05/2022,40.2,31.4,,
10/05/2022,3.8,31.2,,
11/05/2022,0.0,31.4,,
12/05/2022,7.0,32.7,,
13/05/2022,0.0,33.1,,
14/05/2022,0.0,30.8,,
15/05/2022,10.0,29.2,,
16/05/2022,13.1,28.0,,
17/05/2022,28.9,31.1,,
18/05/2022,0.0,30.3,,
19/05/2022,3.1,30.9,,
20/05/2022,0.0,29.1,,
21/05/2022,10.4,30.4,,
22/05/2022,2.5,31.2,,
23/05/2022,23.4,30.5,,
24/05/2022,11.6,30.1,,
25/05/2022,0.0,33.3,,
26/05/2022,0.0,30.3,,
27/05/2022,2.3,30.2,,
28/05/2022,26.8,31.4,,
29/05/2022,2.6,31.9,,
30/05/2022,0.0,32.6,,
31/05/2022,14.8,33.1,,
01/06/2022,31.6,30.6,,
02/06/2022,0.0,28.8,,
03/06/2022,21.7,33.3,,
04/06/2022,8.7,30.5,,
05/06/2022,7.2,32.7,,
06/06/2022,13.6,27.7,,
07/06/2022,10.1,33.1,,
08/06/2022,16.7,29.9,,
09/06/2022,0.0,30.2,,
10/06/2022,2.0,30.8,,
11/06/2022,1.7,30.7,,
12/06/2022,19.3,29.3,,
13/06/2022,7.7,30.3,,
14/06/2022,2.1,29.7,,
15/06/2022,2.0,30.4,,
16/06/2022,0.0,31.9,,
17/06/2022,0.0,33.3,,
18/06/2022,0.0,33.6,,
19/06/2022,11.8,33.1,,
20/06/2022,1.6,31.0,,
21/06/2022,0.0,31.5,,
22/06/2022,0.0,32.2,,
23/06/2022,0.0,33.1,,
24/06/2022,0.0,33.6,,
25/06/2022,0.0,33.4,,
26/06/2022,0.0,31.2,,
27/06/2022,16.8,32.5,,
28/06/2022,1.0,33.3,,
29/06/2022,0.0,32.7,,
30/06/2022,0.0,33.1,,
01/07/2022,0.0,32.1,,
02/07/2022,0.0,31.3,,
03/07/2022,,,,
04/07/2022,26.3,32.6,,
05/07/2022,0.0,33.4,,
06/07/2022,0.0,32.7,,
07/07/2022,0.0,28.8,,
08/07/2022,31.4,29.3,,
09/07/2022,0.0,33.1,,
10/07/2022,,,,
11/07/2022,0.0,33.6,,
12/07/2022,0.0,33.6,,
13/07/2022,11.7,31.7,,
14/07/2022,3.6,30.3,,
15/07/2022,0.0,33.1,,
16/07/2022,0.0,33.6,,
17/07/2022,,,,
18/07/2022,0.0,33.1,,
19/07/2022,0.0,34.1,,
20/07/2022,21.6,30.3,,
21/07/2022,0.0,30.1,,
22/07/2022,0.0,33.6,,
23/07/2022,0.0,33.2,,
24/07/2022,,,,
25/07/2022,0.0,33.5,,
26/07/2022,2.6,32.2,,
27/07/2022,8.3,30.7,,
28/07/2022,8.6,31.3,,
29/07/2022,1.6,30.6,,
30/07/2022,5.6,30.1,,
31/07/2022,,,,
01/08/2022,0.0,31.0,,
02/08/2022,0.0,31.4,,
03/08/2022,0.0,31.9,,
04/08/2022,0.0,32.3,,
05/08/2022,0.0,33.1,,
06/08/2022,0.0,33.3,,
07/08/2022,0.0,32.4,,
08/08/2022,0.0,33.6,,
09/08/2022,0.0,33.8,,
10/08/2022,0.0,33.6,,
11/08/2022,0.0,33.4,,
12/08/2022,0.0,33.1,,
13/08/2022,27.3,33.8,,
14/08/2022,1.0,31.0,,
15/08/2022,0.0,33.5,,
16/08/2022,0.0,32.8,,
17/08/2022,15.6,32.2,,
18/08/2022,4.6,32.7,,
19/08/2022,0.0,33.2,,
20/08/2022,0.0,33.3,,
21/08/2022,0.0,30.5,,
22/08/2022,41.7,30.6,,
23/08/2022,5.6,29.3,,
24/08/2022,23.6,30.1,,
25/08/2022,0.0,30.9,,
26/08/2022,19.4,31.4,,
27/08/2022,0.0,32.4,,
28/08/2022,0.0,31.6,,
29/08/2022,15.3,32.7,,
30/08/2022,0.0,33.3,,
31/08/2022,0.0,29.1,,
01/09/2022,41.4,32.2,,
02/09/2022,0.0,32.4,,
03/09/2022,0.0,31.9,,
04/09/2022,,,,
05/09/2022,0.0,33.6,,
06/09/2022,0.0,33.4,,
07/09/2022,0.0,32.9,,
08/09/2022,0.0,32.7,,
09/09/2022,2.6,32.2,,
10/09/2022,0.0,33.0,,
11/09/2022,,,,
12/09/2022,0.0,33.4,,
13/09/2022,0.0,34.0,,
14/09/2022,0.0,33.6,,
15/09/2022,0.0,33.9,,
16/09/2022,0.0,33.8,,
17/09/2022,0.0,34.2,,
18/09/2022,,,,
19/09/2022,0.0,34.3,,
20/09/2022,0.0,35.4,,
21/09/2022,0.0,33.4,,
22/09/2022,0.0,34.0,,
23/09/2022,0.0,34.9,,
24/09/2022,0.0,35.5,,
25/09/2022,,,,
26/09/2022,5.5,32.4,,
27/09/2022,0.0,33.4,,
28/09/2022,0.0,33.6,,
29/09/2022,0.0,32.9,,
30/09/2022,0.0,33.4,,
01/10/2022,0.0,33.1,,
02/10/2022,0.0,33.6,,
03/10/2022,0.0,32.8,,
04/10/2022,45.6,33.4,,
05/10/2022,0.0,35.4,,
06/10/2022,0.0,35.3,,
07/10/2022,0.0,33.3,,
08/10/2022,0.0,34.1,,
09/10/2022,0.0,32.7,,
10/10/2022,0.0,30.1,,
11/10/2022,28.8,32.2,,
12/10/2022,0.0,34.0,,
13/10/2022,49.6,29.7,,
14/10/2022,0.0,30.9,,
15/10/2022,0.0,33.1,,
16/10/2022,0.0,32.0,,
17/10/2022,7.6,31.1,,
18/10/2022,18.5,30.9,,
19/10/2022,0.0,30.6,,
20/10/2022,0.0,32.6,,
21/10/2022,0.0,34.4,,
22/10/2022,0.0,33.4,,
23/10/2022,0.0,34.0,,
24/10/2022,0.0,33.4,,
25/10/2022,0.0,33.3,,
26/10/2022,0.0,30.3,,
27/10/2022,0.0,33.1,,
28/10/2022,0.0,32.7,,
29/10/2022,0.0,34.4,,
30/10/2022,0.0,33.4,,
31/10/2022,0.0,33.6,,
01/11/2022,0.0,33.5,,
02/11/2022,0.0,33.2,,
03/11/2022,0.0,33.2,,
04/11/2022,0.0,33.0,,
05/11/2022,0.0,34.7,,
06/11/2022,0.0,29.9,,
07/11/2022,16.1,31.3,,
08/11/2022,12.6,29.9,,
09/11/2022,0.0,31.9,,
10/11/2022,3.6,32.4,,
11/11/2022,0.0,33.5,,
12/11/2022,0.0,33.0,,
13/11/2022,6.6,31.2,,
14/11/2022,0.0,32.2,,
15/11/2022,0.0,32.4,,
16/11/2022,0.0,33.4,,
17/11/2022,0.0,33.9,,
18/11/2022,0.0,33.3,,
19/11/2022,0.0,33.1,,
20/11/2022,0.0,33.6,,
21/11/2022,0.0,33.4,,
22/11/2022,0.0,33.5,,
23/11/2022,0.0,30.9,,
24/11/2022,1.0,28.8,,
25/11/2022,9.8,30.1,,
26/11/2022,0.0,32.1,,
27/11/2022,0.0,33.4,,
28/11/2022,0.0,33.5,,
29/11/2022,19.2,29.8,,
30/11/2022,0.0,33.1,,
01/12/2022,0.0,29.1,,
02/12/2022,2.9,30.1,,
03/12/2022,10.6,33.0,,
04/12/2022,23.8,28.7,,
05/12/2022,19.7,,,
06/12/2022,0.0,30.6,,
07/12/2022,0.0,31.3,,
08/12/2022,4.7,31.8,,
09/12/2022,5.2,32.4,,
10/12/2022,0.0,32.4,,
11/12/2022,0.0,32.5,,
12/12/2022,0.0,32.1,,
13/12/2022,0.0,33.3,,
14/12/2022,0.0,33.6,,
15/12/2022,0.0,33.1,,
16/12/2022,0.0,34.5,,
17/12/2022,0.0,33.8,,
18/12/2022,0.0,33.4,,
19/12/2022,5.6,33.1,,
20/12/2022,3.3,32.2,,
21/12/2022,0.0,32.7,,
22/12/2022,27.6,27.9,,
23/12/2022,42.0,29.4,,
24/12/2022,7.0,30.6,,
25/12/2022,19.8,30.7,,
26/12/2022,0.0,32.3,,
27/12/2022,1.6,28.8,,
28/12/2022,4.6,30.9,,
29/12/2022,32.5,28.7,,
30/12/2022,8.8,30.7,,
31/12/2022,1.6,31.1,,
01/01/2023,16.9,27.7,,
02/01/2023,39.3,30.7,,
03/01/2023,0.0,31.1,,
04/01/2023,0.0,32.1,,
05/01/2023,3.6,31.6,,
06/01/2023,0.0,33.4,,
07/01/2023,0.0,33.3,,
08/01/2023,0.0,33.1,,
09/01/2023,0.0,33.0,,
10/01/2023,0.0,33.2,,
11/01/2023,0.0,30.8,,
12/01/2023,0.0,33.0,,
13/01/2023,0.0,33.6,,
14/01/2023,1.6,29.3,,
15/01/2023,12.1,29.9,,
16/01/2023,3.6,30.6,,
17/01/2023,0.0,27.7,24.2,19.3
18/01/2023,46.8,27.4,,
19/01/2023,37.7,29.7,,
20/01/2023,0.0,30.6,,
21/01/2023,1.6,32.1,,
22/01/2023,12.6,30.3,,
23/01/2023,4.4,30.7,,
24/01/2023,3.2,32.1,,
25/01/2023,20.6,32.1,,
26/01/2023,44.8,30.1,,
27/01/2023,1.3,30.7,,
28/01/2023,5.6,,,
29/01/2023,2.3,31.3,,
30/01/2023,0.0,27.1,,
31/01/2023,7.2,29.7,,
01/02/2023,1.6,27.9,,
02/02/2023,4.8,,,
03/02/2023,0.0,30.0,,
04/02/2023,4.8,29.5,,
05/02/2023,8.5,30.0,,
06/02/2023,0.0,30.9,,
07/02/2023,0.0,31.3,,
08/02/2023,0.0,29.3,,
09/02/2023,0.0,31.3,,
10/02/2023,0.0,32.2,,
11/02/2023,2.9,32.6,,
12/02/2023,1.6,32.4,,
13/02/2023,0.0,31.2,,
14/02/2023,9.0,30.9,,
15/02/2023,6.5,30.8,,
16/02/2023,0.0,32.2,,
17/02/2023,0.0,32.6,,
18/02/2023,3.3,30.7,,
19/02/2023,0.0,28.7,,
20/02/2023,25.7,29.8,,
21/02/2023,4.0,28.8,,
22/02/2023,82.8,28.8,,
23/02/2023,0.0,,,
24/02/2023,27.9,29.3,,
25/02/2023,8.6,28.9,,
26/02/2023,15.5,30.9,,
27/02/2023,6.2,29.7,,
28/02/2023,0.0,30.3,,
01/03/2023,8.3,28.7,,
02/03/2023,0.0,30.3,,
03/03/2023,1.0,30.9,,
04/03/2023,24.3,28.9,,
05/03/2023,0.0,30.9,,
06/03/2023,0.0,30.6,,
07/03/2023,16.0,29.9,,
08/03/2023,11.3,30.5,,
09/03/2023,0.0,31.1,,
10/03/2023,0.0,31.1,,
11/03/2023,0.0,30.9,,
12/03/2023,5.4,31.3,,
13/03/2023,1.6,31.7,,
14/03/2023,0.0,31.9,,
15/03/2023,2.1,29.0,,
16/03/2023,0.0,32.0,,
17/03/2023,29.2,27.9,,
18/03/2023,0.0,32.6,,
19/03/2023,,,,
20/03/2023,0.0,31.7,,
21/03/2023,0.0,30.8,,
22/03/2023,0.0,31.4,,
23/03/2023,0.0,30.4,,
24/03/2023,44.1,28.4,,
25/03/2023,1.3,32.1,,
26/03/2023,,,,
27/03/2023,14.7,28.0,,
28/03/2023,16.6,31.4,,
29/03/2023,14.0,32.2,,
30/03/2023,5.0,29.0,,
31/03/2023,5.1,31.1,,
01/04/2023,4.6,30.1,,
02/04/2023,,,,
03/04/2023,25.2,31.2,,
04/04/2023,0.0,30.8,,
05/04/2023,0.0,31.9,,
06/04/2023,4.3,30.8,,
07/04/2023,7.3,27.7,,
08/04/2023,32.7,30.6,,
09/04/2023,,,,
10/04/2023,7.4,28.0,,
11/04/2023,17.4,29.4,,
12/04/2023,0.0,31.9,,
13/04/2023,0.0,32.3,,
14/04/2023,11.6,31.6,,
15/04/2023,0.0,31.2,,
16/04/2023,,,,
17/04/2023,4.3,31.2,,
18/04/2023,,,,
19/04/2023,,,,
20/04/2023,,,,
21/04/2023,,,,
22/04/2023,,,,
23/04/2023,,,,
24/04/2023,,,,
25/04/2023,,,,
26/04/2023,,,,
27/04/2023,,,,
28/04/2023,,,,
29/04/2023,,,,
30/04/2023,,,,
01/05/2023,,,,
02/05/2023,,,,
03/05/2023,,,,
04/05/2023,,,,
05/05/2023,,,,
06/05/2023,,,,
07/05/2023,,,,
08/05/2023,,,,
09/05/2023,,,,
10/05/2023,,,,
11/05/2023,,,,
12/05/2023,,,,
13/05/2023,,,,
14/05/2023,,,,
15/05/2023,,,,
16/05/2023,,,,
17/05/2023,,,,
18/05/2023,,,,
19/05/2023,,,,
20/05/2023,,,,
21/05/2023,,,,
22/05/2023,,,,
23/05/2023,,,,
24/05/2023,,,,
25/05/2023,,,,
26/05/2023,,,,
27/05/2023,,,,
28/05/2023,,,,
29/05/2023,,,,
30/05/2023,,,,
31/05/2023,,,,
01/06/2023,,,,
02/06/2023,,,,
03/06/2023,,,,
04/06/2023,,,,
05/06/2023,,,,
06/06/2023,,,,
07/06/2023,,,,
08/06/2023,,,,
09/06/2023,,,,
10/06/2023,,,,
11/06/2023,,,,
12/06/2023,,,,
13/06/2023,0.0,33.1,,
14/06/2023,10.6,30.6,,
15/06/2023,0.0,31.9,,
16/06/2023,7.6,30.6,,
17/06/2023,0.0,27.7,,
18/06/2023,,,,
19/06/2023,11.6,30.3,,
20/06/2023,10.3,29.3,,
21/06/2023,10.1,30.4,,
22/06/2023,0.0,31.1,,
23/06/2023,4.1,30.6,,
24/06/2023,0.0,31.6,,
25/06/2023,,,,
26/06/2023,0.0,33.0,,
27/06/2023,0.0,33.3,,
28/06/2023,0.0,34.1,,
29/06/2023,0.0,32.6,,
30/06/2023,0.0,32.2,,
01/07/2023,7.3,31.7,,
02/07/2023,,,,
03/07/2023,7.3,29.9,,
04/07/2023,1.6,32.2,,
05/07/2023,0.0,29.1,,
06/07/2023,33.8,30.1,,
07/07/2023,0.0,33.3,,
08/07/2023,0.0,33.5,,
09/07/2023,,,,
10/07/2023,0.0,32.7,,
11/07/2023,3.8,30.5,,
12/07/2023,0.0,33.1,,
13/07/2023,0.0,32.6,,
14/07/2023,10.1,29.9,,
15/07/2023,3.6,33.7,,
16/07/2023,,,,
17/07/2023,0.0,32.2,,
18/07/2023,7.6,32.6,,
19/07/2023,1.3,33.1,,
20/07/2023,0.0,32.6,,
21/07/2023,5.3,32.1,,
22/07/2023,0.0,33.6,,
23/07/2023,,,,
24/07/2023,0.0,34.1,,
25/07/2023,0.0,33.7,,
26/07/2023,0.0,30.7,,
27/07/2023,13.6,30.3,,
28/07/2023,0.0,30.6,,
29/07/2023,7.3,33.1,,
30/07/2023,,,,
31/07/2023,0.0,34.1,,
01/08/2023,0.0,33.7,,
02/08/2023,0.0,34.1,,
03/08/2023,0.0,34.4,,
04/08/2023,0.0,32.7,,
05/08/2023,7.2,31.3,,
06/08/2023,,,,
07/08/2023,0.0,33.1,,
08/08/2023,0.0,35.1,,
09/08/2023,0.0,31.1,,
10/08/2023,3.1,30.9,,
11/08/2023,0.0,32.2,,
12/08/2023,3.6,30.2,,
13/08/2023,,,,
14/08/2023,0.0,33.1,,
15/08/2023,0.0,32.7,,
16/08/2023,5.6,32.8,,
17/08/2023,0.0,34.1,,
18/08/2023,0.0,33.7,,
19/08/2023,,34.4,,
20/08/2023,,,,
21/08/2023,0.0,34.1,,
22/08/2023,0.0,33.7,,
23/08/2023,0.0,32.6,,
24/08/2023,0.0,34.1,,
25/08/2023,0.0,32.2,,
26/08/2023,0.0,33.3,,
27/08/2023,,,,
28/08/2023,0.0,33.1,,
29/08/2023,0.0,33.7,,
30/08/2023,0.0,33.3,,
31/08/2023,0.0,34.1,,
01/09/2023,,,,
02/09/2023,,,,
03/09/2023,,,,
04/09/2023,,,,
05/09/2023,,,,
06/09/2023,,,,
07/09/2023,,,,
08/09/2023,,,,
09/09/2023,,,,
10/09/2023,,,,
11/09/2023,,,,
12/09/2023,,,,
13/09/2023,,,,
14/09/2023,,,,
15/09/2023,,,,
16/09/2023,,,,
17/09/2023,,,,
18/09/2023,,,,
19/09/2023,,,,
20/09/2023,,,,
21/09/2023,,,,
22/09/2023,,,,
23/09/2023,,,,
24/09/2023,,,,
25/09/2023,,,,
26/09/2023,,,,
27/09/2023,,,,
28/09/2023,,,,
29/09/2023,,,,
30/09/2023,,,,
01/10/2023,,,,
02/10/2023,0.0,33.7,,
03/10/2023,0.0,34.1,,
04/10/2023,0.0,33.8,,
05/10/2023,0.0,33.3,,
06/10/2023,0.0,32.6,,
07/10/2023,0.0,33.6,,
08/10/2023,,,,
09/10/2023,0.0,34.4,,
10/10/2023,0.0,33.7,,
11/10/2023,0.0,33.7,,
12/10/2023,0.0,33.6,,
13/10/2023,0.0,34.0,,
14/10/2023,0.0,34.4,,
15/10/2023,,,,
16/10/2023,0.0,33.8,,
17/10/2023,0.0,30.6,,
18/10/2023,1.6,30.6,,
19/10/2023,0.0,32.5,,
20/10/2023,0.0,33.1,,
21/10/2023,0.0,33.7,,
22/10/2023,,,,
23/10/2023,0.0,34.1,,
24/10/2023,12.1,31.7,,
25/10/2023,0.0,33.3,,
26/10/2023,0.0,34.4,,
27/10/2023,0.0,34.7,,
28/10/2023,0.0,34.1,,
29/10/2023,,,,
30/10/2023,0.0,33.1,,
31/10/2023,0.0,32.7,,
01/11/2023,0.0,33.3,,
02/11/2023,0.0,32.6,28.3,27.1
03/11/2023,0.0,33.1,,
04/11/2023,0.0,33.5,,
05/11/2023,,,,
06/11/2023,0.0,33.9,,
07/11/2023,10.1,30.9,,
08/11/2023,6.6,30.3,,
09/11/2023,0.0,32.8,,
10/11/2023,0.0,34.1,,
11/11/2023,0.0,34.4,,
12/11/2023,,,,
13/11/2023,0.0,33.6,,
14/11/2023,0.0,36.1,,
15/11/2023,0.0,35.1,,
16/11/2023,0.0,35.5,,
17/11/2023,0.0,34.5,,
18/11/2023,0.0,33.6,,
19/11/2023,,,,
20/11/2023,0.0,34.4,,
21/11/2023,0.0,32.8,,
22/11/2023,0.0,32.4,,
23/11/2023,0.0,32.2,,
24/11/2023,0.0,33.0,,
25/11/2023,0.0,32.6,,
26/11/2023,,,,
27/11/2023,47.3,29.3,,
28/11/2023,0.0,29.9,,
29/11/2023,0.0,30.3,,
30/11/2023,0.0,30.6,,
01/12/2023,0.0,33.3,,
02/12/2023,0.0,33.6,,
03/12/2023,,,,
04/12/2023,0.0,32.2,,
05/12/2023,18.6,31.6,,
06/12/2023,0.0,31.3,,
07/12/2023,0.0,30.8,,
08/12/2023,0.0,32.2,,
09/12/2023,0.0,32.6,,
10/12/2023,,,,
11/12/2023,0.0,33.1,,
12/12/2023,0.0,31.3,,
13/12/2023,0.0,31.8,,
14/12/2023,1.6,33.1,,
15/12/2023,0.0,33.3,,
16/12/2023,0.0,33.6,,
17/12/2023,,,,
18/12/2023,0.0,32.1,,
19/12/2023,0.0,30.6,,
20/12/2023,0.0,31.3,,
21/12/2023,0.0,31.7,,
22/12/2023,0.0,32.2,,
23/12/2023,0.0,32.6,,
24/12/2023,,,,
25/12/2023,0.0,31.6,,
26/12/2023,0.0,30.3,,
27/12/2023,9.7,30.3,,
28/12/2023,0.0,32.4,,
29/12/2023,0.0,32.1,,
30/12/2023,0.0,29.4,,
31/12/2023,,,,
01/01/2024,0.0,32.1,,
02/01/2024,0.0,31.1,,
03/01/2024,0.0,32.2,,
04/01/2024,0.0,32.4,,
05/01/2024,1.6,29.3,,
06/01/2024,98.3,29.1,,
07/01/2024,,,,
08/01/2024,0.0,30.6,,
09/01/2024,0.0,31.3,,
10/01/2024,1.8,32.2,,
11/01/2024,0.0,32.6,,
12/01/2024,3.1,29.1,,
13/01/2024,0.0,30.6,,
14/01/2024,,,,
15/01/2024,0.0,32.1,,
16/01/2024,0.0,31.7,,
17/01/2024,0.0,31.1,,
18/01/2024,0.0,32.4,27.4,23.3
19/01/2024,0.0,32.2,,
20/01/2024,0.0,32.8,,
21/01/2024,,,,
22/01/2024,0.0,32.8,,
23/01/2024,1.6,31.3,,
24/01/2024,25.3,30.7,,
25/01/2024,9.6,30.3,,
26/01/2024,23.6,28.1,,
27/01/2024,16.1,30.6,,
28/01/2024,,,,
29/01/2024,1.6,29.7,,
30/01/2024,0.0,30.3,,
31/01/2024,0.0,30.6,,
01/02/2024,0.0,31.3,,
02/02/2024,24.6,27.7,,
03/02/2024,1.6,30.8,,
04/02/2024,,,,
05/02/2024,0.0,33.3,,
06/02/2024,0.0,32.2,,
07/02/2024,0.0,31.3,,
08/02/2024,0.0,32.4,,
09/02/2024,0.0,32.7,,
10/02/2024,0.0,32.2,,
11/02/2024,,,,
12/02/2024,27.7,30.6,,
13/02/2024,1.6,27.9,,
14/02/2024,23.2,30.3,,
15/02/2024,17.1,30.8,,
16/02/2024,0.0,31.3,,
17/02/2024,0.0,31.1,,
18/02/2024,,,,
19/02/2024,0.0,31.3,,
20/02/2024,0.0,30.6,,
21/02/2024,0.0,31.6,,
22/02/2024,0.0,32.2,,
23/02/2024,0.0,31.6,,
24/02/2024,1.6,31.1,,
25/02/2024,,,,
26/02/2024,29.6,29.3,,
27/02/2024,2.1,29.3,,
28/02/2024,9.7,29.4,,
29/02/2024,1.3,30.9,,
01/03/2024,49.5,29.7,,
02/03/2024,40.3,29.3,,
03/03/2024,,,,
04/03/2024,57.3,28.7,,
05/03/2024,3.7,30.6,,
06/03/2024,0.0,30.7,,
07/03/2024,0.0,30.3,,
08/03/2024,1.3,31.3,,
09/03/2024,3.2,30.2,,
10/03/2024,,,,
11/03/2024,0.0,29.9,,
12/03/2024,0.0,29.8,,
13/03/2024,,30.3,,
14/03/2024,9.3,30.6,,
15/03/2024,10.6,30.6,,
16/03/2024,14.6,28.6,,
17/03/2024,,,,
18/03/2024,1.6,28.8,,
19/03/2024,53.0,30.6,,
20/03/2024,49.6,28.8,,
21/03/2024,6.7,30.3,,
22/03/2024,0.0,29.9,,
23/03/2024,0.0,,,
24/03/2024,,,,
25/03/2024,53.3,28.1,,
26/03/2024,5.2,29.6,,
27/03/2024,53.3,31.3,,
28/03/2024,0.0,30.6,,
29/03/2024,6.3,30.4,,
30/03/2024,4.4,30.9,,
31/03/2024,,,,
01/04/2024,3.6,29.9,,
02/04/2024,4.1,31.3,,
03/04/2024,7.6,30.3,,
04/04/2024,0.0,31.7,,
05/04/2024,12.3,29.8,,
06/04/2024,45.2,29.3,,
07/04/2024,,,,
08/04/2024,0.0,30.3,,
09/04/2024,63.2,28.8,,
10/04/2024,0.0,30.1,,
11/04/2024,0.0,29.6,,
12/04/2024,22.3,27.7,,
13/04/2024,71.9,28.8,,
14/04/2024,,,,
15/04/2024,14.4,29.9,,
16/04/2024,0.0,28.8,,
17/04/2024,43.6,30.6,,
18/04/2024,14.7,30.3,,
19/04/2024,2.4,29.3,,
20/04/2024,14.7,29.6,,
21/04/2024,,,,
22/04/2024,14.6,30.8,,
23/04/2024,0.0,30.6,,
24/04/2024,1.7,29.9,,
25/04/2024,15.9,29.8,,
26/04/2024,10.3,29.3,,
27/04/2024,0.0,30.3,,
28/04/2024,,,,
29/04/2024,0.0,31.0,,
30/04/2024,4.1,30.6,,
01/05/2024,0.0,31.3,,
02/05/2024,3.1,30.5,,
03/05/2024,0.0,30.8,,
04/05/2024,17.1,30.7,,
05/05/2024,,,,
06/05/2024,6.1,30.1,,
07/05/2024,11.4,28.8,,
08/05/2024,28.3,31.2,,
09/05/2024,0.0,30.7,,
10/05/2024,0.0,30.6,,
11/05/2024,0.0,30.4,,
12/05/2024,,,,
13/05/2024,6.6,30.3,,
14/05/2024,0.0,30.5,,
15/05/2024,8.1,30.8,,
16/05/2024,6.1,29.7,,
17/05/2024,14.6,30.1,,
18/05/2024,20.1,30.9,,
19/05/2024,,,,
20/05/2024,0.0,29.9,,
21/05/2024,4.7,30.3,,
22/05/2024,0.0,30.1,,
23/05/2024,3.6,31.1,,
24/05/2024,0.0,29.9,,
25/05/2024,10.1,30.3,,
26/05/2024,,,,
27/05/2024,38.8,30.6,,
28/05/2024,8.8,35.0,,
29/05/2024,21.3,29.9,,
30/05/2024,21.4,29.6,,
31/05/2024,18.6,28.8,,
01/06/2024,2.3,29.3,,
02/06/2024,,,,
03/06/2024,0.0,30.1,,
04/06/2024,6.7,30.0,,
05/06/2024,9.3,30.3,,
06/06/2024,6.1,29.4,,
07/06/2024,0.0,31.0,,
08/06/2024,9.2,29.1,,
09/06/2024,,,,
10/06/2024,7.3,30.6,,
11/06/2024,0.0,30.8,,
12/06/2024,0.0,31.1,,
13/06/2024,0.0,31.4,,
14/06/2024,0.0,31.3,,
15/06/2024,0.0,31.3,,
16/06/2024,,,,
17/06/2024,0.0,31.6,,
18/06/2024,0.0,31.3,,
19/06/2024,0.0,31.7,,
20/06/2024,0.0,31.5,,
21/06/2024,0.0,31.9,,
22/06/2024,0.0,31.6,,
23/06/2024,,,,
24/06/2024,0.0,31.3,,
25/06/2024,0.0,30.9,,
26/06/2024,0.0,30.1,,
27/06/2024,10.8,30.0,,
28/06/2024,0.0,31.0,,
29/06/2024,1.6,29.9,,
30/06/2024,,,,
01/07/2024,0.0,32.2,,
02/07/2024,0.0,33.1,,
03/07/2024,0.0,31.0,,
04/07/2024,0.0,31.6,,
05/07/2024,0.0,31.7,,
06/07/2024,0.0,32.2,,
07/07/2024,,,,
08/07/2024,0.0,30.0,,
09/07/2024,12.3,29.9,,
10/07/2024,0.0,31.3,,
11/07/2024,0.0,30.8,,
12/07/2024,0.0,31.3,,
13/07/2024,2.6,31.7,,
14/07/2024,,,,
15/07/2024,0.0,31.6,,
16/07/2024,0.0,32.6,,
17/07/2024,0.0,31.3,,
18/07/2024,0.0,31.9,,
19/07/2024,0.0,31.8,,
20/07/2024,0.0,30.6,,
21/07/2024,,,,
22/07/2024,0.0,32.6,,
23/07/2024,0.0,33.1,,
24/07/2024,0.0,32.8,,
25/07/2024,0.0,33.0,,
26/07/2024,10.6,30.1,,
27/07/2024,10.6,30.3,,
28/07/2024,,,,
29/07/2024,0.0,31.3,,
30/07/2024,0.0,33.3,,
31/07/2024,0.0,32.6,,
01/08/2024,0.0,33.1,,
02/08/2024,0.0,30.9,,
03/08/2024,0.0,34.1,,
04/08/2024,,,,
05/08/2024,,32.0,,
06/08/2024,,32.2,,
07/08/2024,,31.9,,
08/08/2024,9.3,32.1,,
09/08/2024,0.0,32.6,,
10/08/2024,0.0,32.6,,
11/08/2024,,,,
12/08/2024,0.0,29.6,,
13/08/2024,6.7,30.3,,
14/08/2024,1.6,30.6,,
15/08/2024,0.0,31.1,,
16/08/2024,0.0,30.9,,
17/08/2024,0.0,31.3,,
18/08/2024,,,,
19/08/2024,0.0,33.3,,
20/08/2024,0.0,33.0,,
21/08/2024,0.0,32.8,,
22/08/2024,0.0,33.4,,
23/08/2024,24.4,30.3,,
24/08/2024,0.0,32.6,,
25/08/2024,,,,
26/08/2024,0.0,33.1,,
27/08/2024,0.0,31.3,,
28/08/2024,3.1,29.9,,
29/08/2024,6.6,30.3,,
30/08/2024,0.0,32.6,,
31/08/2024,0.0,30.3,,
01/09/2024,,,,
02/09/2024,,,,
03/09/2024,,,,
04/09/2024,,,,
05/09/2024,,,,
06/09/2024,,,,
07/09/2024,,,,
08/09/2024,,,,
09/09/2024,,,,
10/09/2024,,,,
11/09/2024,,,,
12/09/2024,,,,
13/09/2024,,,,
14/09/2024,,,,
15/09/2024,,,,
16/09/2024,,,,
17/09/2024,,,,
18/09/2024,,,,
19/09/2024,,,,
20/09/2024,,,,
21/09/2024,,,,
22/09/2024,,,,
23/09/2024,,,,
24/09/2024,,,,
25/09/2024,,,,
26/09/2024,,,,
27/09/2024,,,,
28/09/2024,,,,
29/09/2024,,,,
30/09/2024,,,,
01/10/2024,0.0,30.9,,
02/10/2024,6.6,33.1,,
03/10/2024,0.0,32.2,,
04/10/2024,0.0,33.1,,
05/10/2024,0.0,32.6,,
06/10/2024,,,,
07/10/2024,0.0,33.3,,
08/10/2024,0.0,33.6,,
09/10/2024,0.0,34.1,,
10/10/2024,0.0,34.1,,
11/10/2024,0.0,34.1,,
12/10/2024,0.0,34.4,,
13/10/2024,,,,
14/10/2024,0.0,33.8,,
15/10/2024,0.0,34.1,,
16/10/2024,0.0,32.2,,
17/10/2024,0.0,32.4,,
18/10/2024,0.0,33.6,,
19/10/2024,0.0,34.1,,
20/10/2024,,,,
21/10/2024,0.0,34.1,,
22/10/2024,0.0,31.9,,
23/10/2024,0.0,33.7,,
24/10/2024,0.0,34.2,,
25/10/2024,0.0,34.4,,
26/10/2024,0.0,34.6,,
27/10/2024,,,,
28/10/2024,0.0,34.8,,
29/10/2024,0.0,30.6,,
30/10/2024,29.3,31.6,,
31/10/2024,0.0,31.5,,
01/11/2024,0.0,31.8,,
02/11/2024,0.0,34.4,,
03/11/2024,,,,
04/11/2024,0.0,32.7,,
05/11/2024,10.6,32.2,,
06/11/2024,0.0,34.1,,
07/11/2024,0.0,34.6,,
08/11/2024,0.0,33.7,,
09/11/2024,0.0,33.7,,
10/11/2024,,,,
11/11/2024,1.6,33.6,,
12/11/2024,49.6,30.6,,
13/11/2024,0.0,32.5,,
14/11/2024,0.0,30.1,,
15/11/2024,0.0,31.3,,
16/11/2024,0.0,31.7,,
17/11/2024,,,,
18/11/2024,0.0,33.0,,
19/11/2024,0.0,33.1,,
20/11/2024,0.0,32.9,,
21/11/2024,0.0,33.1,,
22/11/2024,0.0,33.7,,
23/11/2024,0.0,,,
24/11/2024,,,,
25/11/2024,0.0,32.7,,
26/11/2024,0.0,32.2,,
27/11/2024,0.0,33.0,,
28/11/2024,0.0,32.7,,
29/11/2024,0.0,33.1,,
30/11/2024,0.0,33.3,,
01/12/2024,,,,
02/12/2024,0.0,32.2,,
03/12/2024,0.0,32.2,,
04/12/2024,0.0,33.6,,
05/12/2024,1.6,29.9,,
06/12/2024,0.0,30.6,,
07/12/2024,0.0,29.3,,
08/12/2024,,29.3,,
09/12/2024,2.1,32.2,,
10/12/2024,0.0,33.3,,
11/12/2024,0.0,30.6,,
12/12/2024,0.0,33.6,,
13/12/2024,0.0,29.7,,
14/12/2024,3.1,27.9,,
15/12/2024,,,,
16/12/2024,19.0,29.9,,
17/12/2024,0.0,31.6,,
18/12/2024,0.0,31.6,,
19/12/2024,1.6,31.3,,
20/12/2024,0.0,32.6,,
21/12/2024,0.0,33.7,,
22/12/2024,,,,
23/12/2024,0.0,33.1,,
24/12/2024,0.0,33.3,,
25/12/2024,21.7,30.7,,
26/12/2024,0.0,31.1,,
27/12/2024,0.0,31.6,,
28/12/2024,0.0,32.2,,
29/12/2024,,,,
30/12/2024,22.2,29.9,,
31/12/2024,9.1,28.6,,
